year,exam_type,city,affiliation,region_name,system_type,department_code,department_name,position_code,position_name,position_desc,exam_category,open_ratio,recruit_count,education,major_requirement,other_requirements,apply_count,competition_ratio,min_entry_score,max_entry_score,max_xingce_score,max_shenlun_score,max_police_score,min_police_score,is_base_service,is_veteran,is_fresh,is_disabled,is_local,is_no_major,city_gdp_rank,value_score,is_good_unit,is_cold_major,is_golden
2026,事业单位,六安市,市,,,,六安市公路管理局霍山分局,903003.0,专业技术,结构化面试,自然科学专技类(C类),3,2,本科及以上,"本科：土木工程（081001）、道路桥梁与渡河工程（081006T）
研究生：土木工程（0814或085901）",38周岁及以下,,,,,,,,,False,False,False,False,False,False,8,40,True,True,True
2026,事业单位,六安市,市,,,,太阳乡经济发展和农业农村服务中心,903042.0,专业技术,结构化面试,自然科学专技类(C类),3,1,大专及以上,"专科：城乡规划与管理类（4402）、土建施工类（4403）、建设工程管理类（4405）
本科：土木类（0810）、建筑类（0828）
研究生：建筑学（0813）、建筑（0851）、土木工程（0814或085901）",38周岁及以下,,,,,,,,,False,False,False,False,False,False,8,33,True,True,True
2026,事业单位,六安市,市,,,,磨子潭镇经济发展和农业农村服务中心,903032.0,专业技术,结构化面试,社会科学专技类(B类),3,1,本科及以上,"本科：会计学（120203K）、财务管理(120204)
研究生：会计学（120201）、会计（1253）",38周岁及以下；学位：学士及以上,,,,,,,,,False,False,False,False,False,False,8,35,True,True,True
2026,事业单位,六安市,市,,,,诸佛庵镇便民服务中心,903029.0,专业技术,结构化面试,社会科学专技类(B类),3,1,本科及以上,"本科：新闻传播学类（0503）
研究生：新闻传播学（0503）、新闻与传播（0552）",38周岁及以下；学位：学士及以上,,,,,,,,,False,False,False,False,False,False,8,35,True,True,True
2026,事业单位,六安市,市,,,,诸佛庵镇财政和资产管理服务中心,903030.0,专业技术,结构化面试,自然科学专技类(C类),3,1,本科及以上,"本科：农学（090101）、林学类（0905）
研究生：作物学（0901）、林学（0907）、林业（0954）",38周岁及以下；学位：学士及以上,,,,,,,,,False,False,False,False,False,False,8,35,True,True,True
2026,事业单位,六安市,市,,,,霍山县农业项目建设中心,903014.0,专业技术,结构化面试,自然科学专技类(C类),3,1,本科及以上,"本科：水利类（0811）、农业工程类（0823）
研究生：水利工程（0815或085902）、农业工程（0828）、农业工程与信息技术（095136 ）",38周岁及以下；学位：学士及以上,,,,,,,,,False,False,False,False,False,False,8,35,True,True,True
2026,事业单位,六安市,市,,,,霍山县农村经济经营管理中心,903013.0,专业技术,结构化面试,社会科学专技类(B类),3,1,本科及以上,"本科：经济学（020101）、经济统计学（020102）
研究生：应用经济学（0202）",38周岁及以下；学位：学士及以上,,,,,,,,,False,False,False,False,False,False,8,35,True,True,True
2026,事业单位,六安市,市,,,,霍山县地方公路管理局,903004.0,专业技术,结构化面试,自然科学专技类(C类),3,1,本科及以上,"本科：土木工程（081001）、道路桥梁与渡河工程（081006T）
研究生：土木工程（0814或085901）",38周岁及以下,,,,,,,,,False,False,False,False,False,False,8,35,True,True,True
2026,事业单位,六安市,市,,,,霍山县市场监管综合行政执法大队,903015.0,管理,结构化面试,综合管理类(A类),3,1,本科及以上,"本科：法学类（0301）
研究生：法学（0301）、法律（0351）",38周岁及以下,,,,,,,,,False,False,False,False,False,False,8,35,True,True,True
2026,事业单位,六安市,市,,,,霍山县房屋征收管理服务中心,903019.0,专业技术,结构化面试,自然科学专技类(C类),3,1,本科及以上,"本科：土木类（0810）
研究生：土木工程（0814或085901）、测绘科学与技术（0816）、测绘工程（085704）",38周岁及以下；学位：学士及以上,,,,,,,,,False,False,False,False,False,False,8,35,True,True,True
2026,事业单位,六安市,市,,,,霍山县水利工程项目建设中心,903017.0,专业技术,结构化面试;专项招聘应届毕业生,自然科学专技类(C类),3,1,本科及以上,"本科：土木工程（081001）、水利水电工程（081101）
研究生：土木工程（0814或085901）、水利工程（0815或085902）",38周岁及以下；学位：学士及以上；经常下乡,,,,,,,,,False,False,True,False,False,False,8,50,True,True,True
2026,事业单位,六安市,市,,,,霍山县水利工程项目建设中心,903018.0,专业技术,结构化面试;专项招聘应届毕业生,自然科学专技类(C类),3,1,本科及以上,"本科：环境科学与工程（082501）、环境工程（082502）、环境科学（082503）
研究生：环境科学（083001）、环境工程（083002或085701）",38周岁及以下；学位：学士及以上；经常下乡,,,,,,,,,False,False,True,False,False,False,8,50,True,True,True
2026,事业单位,六安市,市,,,,霍山县渔业发展中心,903011.0,专业技术,结构化面试,自然科学专技类(C类),3,1,本科及以上,"本科：水产类（0906）
研究生：水产（0908）",38周岁及以下；学位：学士及以上,,,,,,,,,False,False,False,False,False,False,8,35,True,True,True
2026,事业单位,六安市,市,,,,霍山县畜牧产业发展中心,903012.0,专业技术,结构化面试,自然科学专技类(C类),3,1,本科及以上,"本科：动物医学类（0904）
研究生：兽医学（0906）、兽医（0952）",38周岁及以下；学位：学士及以上,,,,,,,,,False,False,False,False,False,False,8,35,True,True,True
2026,事业单位,六安市,市,,,,霍山县疾病预防控制中心,903023.0,专业技术,结构化面试,医疗卫生类(E类),3,1,本科及以上,"本科：公共卫生与预防医学类（1004）
研究生：公共卫生与预防医学（1004）、公共卫生（1053）",38周岁及以下,,,,,,,,,False,False,False,False,False,False,8,35,True,True,True
2026,事业单位,六安市,市,,,,霍山县疾病预防控制中心,903024.0,专业技术,结构化面试,医疗卫生类(E类),3,1,本科及以上,"本科：预防医学（100401K）
研究生：流行病与卫生统计学（100401）、公共卫生（1053）",38周岁及以下,,,,,,,,,False,False,False,False,False,False,8,35,True,True,True
2026,事业单位,六安市,市,,,,霍山县诸佛庵镇自然资源和规划管理服务中心,903020.0,专业技术,结构化面试,自然科学专技类(C类),3,1,本科及以上,"本科：计算机类（0809）、土木类（0810）、测绘类（0812）
研究生：计算机科学与技术（0812）、土木工程（0814或085901）、测绘科学与技术（0816）、测绘工程（085704）",38周岁及以下；学位：学士及以上,,,,,,,,,False,False,False,False,False,False,8,35,True,True,True
2026,事业单位,六安市,市,,,,霍山县非税收入管理中心,903001.0,专业技术,结构化面试,社会科学专技类(B类),3,1,本科及以上,"本科：财政学(020201K)、会计学（120203K） 、财务管理（120204）、审计学（120207）
研究生：财政学（020203）、会计学（120201）、会计（1253）、审计（1257）",38周岁及以下,,,,,,,,,False,False,False,False,False,False,8,35,True,True,True
2026,事业单位,六安市,市,,,,霍山经济开发区为企服务中心,903025.0,专业技术,结构化面试,社会科学专技类(B类),3,1,本科及以上,"本科：经济学类（0201）
研究生：应用经济学（0202）",38周岁及以下；主要从事招商工作，需经常出差,,,,,,,,,False,False,False,False,False,False,8,35,True,True,True
2026,事业单位,六安市,市,,,,霍山经济开发区为企服务中心,903026.0,专业技术,结构化面试,社会科学专技类(B类),3,1,本科及以上,"本科：工商管理类（1202）
研究生：工商管理学（1202）、工商管理（1251）",38周岁及以下；主要从事招商工作，需经常出差,,,,,,,,,False,False,False,False,False,False,8,35,True,True,True
2026,事业单位,淮南市,市,,,,中共寿县县委党校,708137.0,专业技术,,社会科学专技类(B类),3,1,研究生及以上,经济学（02）,38周岁以下；学位：硕士及以上；中共党员（含预备党员）,,,,,,,,,False,False,False,False,False,False,10,30,True,True,True
2026,事业单位,淮南市,市,,,,中共寿县县委党校,708138.0,专业技术,,社会科学专技类(B类),3,1,研究生及以上,历史学（06）,38周岁以下；学位：硕士及以上；中共党员（含预备党员）,,,,,,,,,False,False,False,False,False,False,10,30,True,True,True
2026,事业单位,淮南市,市,,,,中共淮南市委党校,701001.0,专业技术,,社会科学专技类(B类),3,1,研究生及以上,理论经济学（0201）,38周岁以下；学位：硕士及以上,,,,,,,,,False,False,False,False,False,False,10,30,True,True,True
2026,事业单位,淮南市,市,,,,凤台县中医院,707099.0,专业技术,,医疗卫生类(E类),3,2,本科及以上,中医学（100501K）,38周岁以下；具有相应中级专业技术职称,,,,,,,,,False,False,False,False,False,False,10,40,True,True,True
2026,事业单位,淮南市,市,,,,凤台县中医院,707100.0,专业技术,,医疗卫生类(E类),3,2,本科及以上,针灸推拿学（100502K）,38周岁以下；具有相应中级专业技术职称,,,,,,,,,False,False,False,False,False,False,10,40,True,True,True
2026,事业单位,淮南市,市,,,,凤台县中医院,707101.0,专业技术,,医疗卫生类(E类),3,2,本科及以上,康复治疗学（101005）,38周岁以下；具有相应中级专业技术职称,,,,,,,,,False,False,False,False,False,False,10,40,True,True,True
2026,事业单位,淮南市,市,,,,凤台县中医院,707102.0,专业技术,,医疗卫生类(E类),3,1,本科及以上,药学（100701),38周岁以下,,,,,,,,,False,False,False,False,False,False,10,35,True,True,True
2026,事业单位,淮南市,市,,,,凤台县中医院,707103.0,专业技术,,医疗卫生类(E类),3,1,本科及以上,中西医临床医学（100601K）,38周岁以下；具有相应中级专业技术职称,,,,,,,,,False,False,False,False,False,False,10,35,True,True,True
2026,事业单位,淮南市,市,,,,凤台县中医院,707104.0,专业技术,,医疗卫生类(E类),3,1,本科及以上,中医儿科学（100512TK）,38周岁以下；具有相应中级专业技术职称,,,,,,,,,False,False,False,False,False,False,10,35,True,True,True
2026,事业单位,淮南市,市,,,,凤台县中医院,707105.0,专业技术,,医疗卫生类(E类),3,1,本科及以上,护理学（101101）,38周岁以下；具有护士职业资格证,,,,,,,,,False,False,False,False,False,False,10,35,True,True,True
2026,事业单位,淮南市,市,,,,凤台县人民医院,707092.0,专业技术,,医疗卫生类(E类),3,2,研究生及以上,内科学（100201）、儿科学（100202 ）、老年医学（100203）　　　　　　　　　　　　　　　　　　　　　　　　　　　　　　　　　　　　　　　　　　　　　　　　　　　　　　　　　　　　　　　　　　　　　　　　　　　　　　　　　　　,38周岁以下；学位：硕士及以上,,,,,,,,,False,False,False,False,False,False,10,35,True,True,True
2026,事业单位,淮南市,市,,,,凤台县人民医院,707093.0,专业技术,,医疗卫生类(E类),3,2,研究生及以上,外科学（100210）、肿瘤学（100214）、急诊医学（100218）,38周岁以下；学位：硕士及以上,,,,,,,,,False,False,False,False,False,False,10,35,True,True,True
2026,事业单位,淮南市,市,,,,凤台县人民医院,707094.0,专业技术,,医疗卫生类(E类),3,1,研究生及以上,神经病学（100204）、精神病与精神卫生学（100205）　,38周岁以下；学位：硕士及以上,,,,,,,,,False,False,False,False,False,False,10,30,True,True,True
2026,事业单位,淮南市,市,,,,凤台县优化营商环境服务中心,707086.0,管理,,综合管理类(A类),3,1,本科及以上,经济学（020101）,38周岁以下；工作强度较大，需值夜班。,,,,,,,,,False,False,False,False,False,False,10,35,True,True,True
2026,事业单位,淮南市,市,,,,凤台县公共资源交易中心,707072.0,管理,,综合管理类(A类),3,1,本科及以上,会计学（120203K）、财务管理（120204）、审计学(120207),38周岁以下；学位：学士及以上,,,,,,,,,False,False,False,False,False,False,10,35,True,True,True
2026,事业单位,淮南市,市,,,,凤台县南平山陵园管理所,707075.0,管理,,综合管理类(A类),3,1,大专及以上,财务会计类（6303）、财政税务类（6301）,38周岁以下,,,,,,,,,False,False,False,False,False,False,10,33,True,True,True
2026,事业单位,淮南市,市,,,,凤台县国有资产管理中心,707085.0,管理,,综合管理类(A类),3,1,本科及以上,建筑类（0828）,38周岁以下,,,,,,,,,False,False,False,False,False,False,10,35,True,True,True
2026,事业单位,淮南市,市,,,,凤台县市场监督检验所,707070.0,管理,,综合管理类(A类),3,1,本科及以上,仪器类（0803）,38周岁以下；学位：学士及以上,,,,,,,,,False,False,False,False,False,False,10,35,True,True,True
2026,事业单位,淮南市,市,,,,凤台县市政管理处,707081.0,管理,,综合管理类(A类),3,1,本科及以上,给排水科学与工程（081003）,38周岁以下,,,,,,,,,False,False,False,False,False,False,10,35,True,True,True
2026,事业单位,淮南市,市,,,,凤台县新集镇卫生院,707118.0,专业技术,,医疗卫生类(E类),3,1,大专及以上,药学（620301）,38周岁以下,,,,,,,,,False,False,False,False,False,False,10,33,True,True,True
2026,事业单位,淮南市,市,,,,凤台县朱马店镇中心卫生院,707112.0,专业技术,,医疗卫生类(E类),3,1,大专及以上,药学（620301）,38周岁以下,,,,,,,,,False,False,False,False,False,False,10,33,True,True,True
2026,事业单位,淮南市,市,,,,凤台县杨村镇卫生院,707120.0,专业技术,,医疗卫生类(E类),3,1,大专及以上,护理（620201）,38周岁以下,,,,,,,,,False,False,False,False,False,False,10,33,True,True,True
2026,事业单位,淮南市,市,,,,凤台县疾病预防控制中心,707089.0,专业技术,,医疗卫生类(E类),3,1,本科及以上,预防医学(100401K）,38周岁以下；学位：学士及以上,,,,,,,,,False,False,False,False,False,False,10,35,True,True,True
2026,事业单位,淮南市,市,,,,凤台县经济开发区企业服务中心,707076.0,管理,,综合管理类(A类),3,1,本科及以上,建筑类（0828）、土木类（0810）、水利类（0811）,38周岁以下,,,,,,,,,False,False,False,False,False,False,10,35,True,True,True
2026,事业单位,淮南市,市,,,,凤台县职业教育中心,707079.0,专业技术,,医疗卫生类(E类),3,1,本科及以上,护理学（101101）,38周岁以下；学位：学士及以上；具有中等职业学校护理教师资格证,,,,,,,,,False,False,False,False,False,False,10,35,True,True,True
2026,事业单位,淮南市,市,,,,凤台县职业教育中心,707080.0,专业技术,,社会科学专技类(B类),3,1,本科及以上,汉语言文学（050101）、应用语言学（050106T）,38周岁以下；学位：学士及以上；具有高中语文教师资格证,,,,,,,,,False,False,False,False,False,False,10,35,True,True,True
2026,事业单位,淮南市,市,,,,凤台县钱庙乡卫生院,707106.0,专业技术,,医疗卫生类(E类),3,1,大专及以上,针灸推拿（620105K）,38周岁以下,,,,,,,,,False,False,False,False,False,False,10,33,True,True,True
2026,事业单位,淮南市,市,,,,凤台县顾桥镇卫生院,707114.0,专业技术,,医疗卫生类(E类),3,1,大专及以上,医学检验技术（620401）,38周岁以下,,,,,,,,,False,False,False,False,False,False,10,33,True,True,True
2026,事业单位,淮南市,市,,,,夏集镇为民服务中心（退役军人服务站）,706065.0,专业技术,,自然科学专技类(C类),3,1,本科及以上,学科门类：农学（09）,38周岁以下,,,,,,,,,False,False,False,False,False,False,10,35,True,True,True
2026,事业单位,淮南市,市,,,,夏集镇平安法治服务中心,706066.0,专业技术,,社会科学专技类(B类),3,1,本科及以上,会计学（120203K）、法学（030101K）,38周岁以下,,,,,,,,,False,False,False,False,False,False,10,35,True,True,True
2026,事业单位,淮南市,市,,,,安徽淮南毛集经济开发区管理办公室所属事业编制,706067.0,专业技术,,自然科学专技类(C类),3,1,本科及以上,食品科学与工程类（0827）,38周岁以下；定向招聘“服务基层项目”人员,,,,,,,,,False,False,False,False,False,False,10,35,True,True,True
2026,事业单位,淮南市,市,,,,寿县三觉镇为民服务中心,708195.0,管理,,综合管理类(A类),3,1,本科及以上,财务管理（120204）,38周岁以下；学位：学士及以上,,,,,,,,,False,False,False,False,False,False,10,35,True,True,True
2026,事业单位,淮南市,市,,,,寿县保义镇卫生院,708212.0,专业技术,,医疗卫生类(E类),3,1,本科及以上,医学检验技术（101001）,38周岁以下；学位：学士及以上；具有主管技师职称，年龄可放宽至40周岁。,,,,,,,,,False,False,False,False,False,False,10,35,True,True,True
2026,事业单位,淮南市,市,,,,寿县保义镇经济发展服务中心,708189.0,管理,,综合管理类(A类),3,1,本科及以上,会计学（120203K）、财务管理（120204）、财务会计教育（120213T）,38周岁以下；学位：学士及以上；应届毕业生,,,,,,,,,False,False,True,False,False,False,10,50,True,True,True
2026,事业单位,淮南市,市,,,,寿县农业开发服务中心,708158.0,专业技术,,自然科学专技类(C类),3,1,本科及以上,工程造价（120105）、工程审计（120109T）,38周岁以下；学位：学士及以上；从事农田建设一线勘测验收工作，需经常赴现场开展户外工作，适合男性报考。,,,,,,,,,False,False,False,False,False,False,10,35,True,True,True
2026,事业单位,淮南市,市,,,,寿县农业开发服务中心,708159.0,专业技术,,自然科学专技类(C类),3,1,本科及以上,农业水利工程（082305）、土木工程（081001）,38周岁以下；学位：学士及以上；从事农田建设一线勘测验收工作，需经常赴现场开展户外工作，适合男性报考。,,,,,,,,,False,False,False,False,False,False,10,35,True,True,True
2026,事业单位,淮南市,市,,,,寿县刘岗镇经济发展服务中心,708198.0,专业技术,,社会科学专技类(B类),3,1,本科及以上,经济学类（0201）,38周岁以下；学位：学士及以上,,,,,,,,,False,False,False,False,False,False,10,35,True,True,True
2026,事业单位,淮南市,市,,,,寿县历史文化名城保护中心,708154.0,专业技术,,自然科学专技类(C类),3,1,本科及以上,建筑类（0828）,38周岁以下；学位：学士及以上,,,,,,,,,False,False,False,False,False,False,10,35,True,True,True
2026,事业单位,淮南市,市,,,,寿县历史文化名城保护中心,708155.0,专业技术,,自然科学专技类(C类),3,1,本科及以上,管理科学与工程类（1201）,38周岁以下；学位：学士及以上,,,,,,,,,False,False,False,False,False,False,10,35,True,True,True
2026,事业单位,淮南市,市,,,,寿县双庙集镇为民服务中心,708199.0,专业技术,,自然科学专技类(C类),3,1,本科及以上,林学类（0905）,38周岁以下；学位：学士及以上,,,,,,,,,False,False,False,False,False,False,10,35,True,True,True
2026,事业单位,淮南市,市,,,,寿县双桥镇经济发展服务中心,708173.0,专业技术,,社会科学专技类(B类),3,1,本科及以上,经济学类（0201）,38周岁以下；学位：学士及以上,,,,,,,,,False,False,False,False,False,False,10,35,True,True,True
2026,事业单位,淮南市,市,,,,寿县双桥镇经济发展服务中心,708174.0,专业技术,,自然科学专技类(C类),3,1,本科及以上,管理科学与工程类（1201）,38周岁以下；学位：学士及以上,,,,,,,,,False,False,False,False,False,False,10,35,True,True,True
2026,事业单位,淮南市,市,,,,寿县城乡居民养老保险管理服务中心,708148.0,专业技术,,自然科学专技类(C类),3,1,本科及以上,计算机类（0809）,38周岁以下；学位：学士及以上,,,,,,,,,False,False,False,False,False,False,10,35,True,True,True
2026,事业单位,淮南市,市,,,,寿县城乡规划服务中心,708149.0,专业技术,,自然科学专技类(C类),3,1,本科及以上,建筑类（0828）,38周岁以下；学位：学士及以上,,,,,,,,,False,False,False,False,False,False,10,35,True,True,True
2026,事业单位,淮南市,市,,,,寿县城市管理指挥中心,708169.0,管理,,综合管理类(A类),3,1,本科及以上,计算机科学与技术（080901）,38周岁以下；学位：学士及以上,,,,,,,,,False,False,False,False,False,False,10,35,True,True,True
2026,事业单位,淮南市,市,,,,寿县堰口镇经济发展服务中心,708185.0,专业技术,,社会科学专技类(B类),3,1,本科及以上,财政学类（0202）、会计学（120203K）,38周岁以下；学位：学士及以上,,,,,,,,,False,False,False,False,False,False,10,35,True,True,True
2026,事业单位,淮南市,市,,,,寿县大井灌区管理所,708163.0,专业技术,,自然科学专技类(C类),3,1,本科及以上,水利水电工程（081101）,38周岁以下；学位：学士及以上；从事水利水电技术指导、工程管理等工作，多在工地一线。,,,,,,,,,False,False,False,False,False,False,10,35,True,True,True
2026,事业单位,淮南市,市,,,,寿县大顺镇经济发展服务中心,708205.0,专业技术,,社会科学专技类(B类),3,1,本科及以上,学科门类：经济学（02）,38周岁以下；学位：学士及以上,,,,,,,,,False,False,False,False,False,False,10,35,True,True,True
2026,事业单位,淮南市,市,,,,寿县妇幼保健计划生育服务中心,708207.0,专业技术,,医疗卫生类(E类),3,1,本科及以上,儿科学（100207TK）,38周岁以下；学位：学士及以上,,,,,,,,,False,False,False,False,False,False,10,35,True,True,True
2026,事业单位,淮南市,市,,,,寿县妇幼保健计划生育服务中心,708208.0,专业技术,,医疗卫生类(E类),3,1,本科及以上,口腔医学（100301K）,38周岁以下；学位：学士及以上,,,,,,,,,False,False,False,False,False,False,10,35,True,True,True
2026,事业单位,淮南市,市,,,,寿县妇幼保健计划生育服务中心,708209.0,专业技术,,医疗卫生类(E类),3,1,本科及以上,中医学（100501K）,38周岁以下；学位：学士及以上,,,,,,,,,False,False,False,False,False,False,10,35,True,True,True
2026,事业单位,淮南市,市,,,,寿县安丰塘灌区管理所,708160.0,专业技术,,自然科学专技类(C类),3,1,本科及以上,水利水电工程（081101）,38周岁以下；学位：学士及以上；从事水利水电技术指导、工程管理等工作，多在工地一线。,,,,,,,,,False,False,False,False,False,False,10,35,True,True,True
2026,事业单位,淮南市,市,,,,寿县安丰镇中心卫生院,708216.0,专业技术,,医疗卫生类(E类),3,1,本科及以上,口腔医学（100301K）,38周岁以下,,,,,,,,,False,False,False,False,False,False,10,35,True,True,True
2026,事业单位,淮南市,市,,,,寿县安丰镇中心卫生院,708217.0,专业技术,,医疗卫生类(E类),3,1,本科及以上,中西医临床医学（100601K）,38周岁以下；具有执业（助理）医师资格证,,,,,,,,,False,False,False,False,False,False,10,35,True,True,True
2026,事业单位,淮南市,市,,,,寿县小甸镇中心卫生院,708220.0,专业技术,,医疗卫生类(E类),3,1,本科及以上,药学（100701）,38周岁以下,,,,,,,,,False,False,False,False,False,False,10,35,True,True,True
2026,事业单位,淮南市,市,,,,寿县小甸集特支纪念馆,708144.0,管理,,综合管理类(A类),3,1,本科及以上,旅游管理类（1209）、马克思主义理论类（0305）,38周岁以下；学位：学士及以上,,,,,,,,,False,False,False,False,False,False,10,35,True,True,True
2026,事业单位,淮南市,市,,,,寿县市政园林管理所,708171.0,管理,,综合管理类(A类),3,1,本科及以上,工程管理（120103）,38周岁以下；学位：学士及以上,,,,,,,,,False,False,False,False,False,False,10,35,True,True,True
2026,事业单位,淮南市,市,,,,寿县张李乡为民服务中心,708180.0,管理,,综合管理类(A类),3,1,本科及以上,中国语言文学类（0501）,38周岁以下；学位：学士及以上,,,,,,,,,False,False,False,False,False,False,10,35,True,True,True
2026,事业单位,淮南市,市,,,,寿县投资审计中心,708165.0,专业技术,,社会科学专技类(B类),3,1,本科及以上,会计学（120203K）、审计学（120207）,38周岁以下；学位：学士及以上,,,,,,,,,False,False,False,False,False,False,10,35,True,True,True
2026,事业单位,淮南市,市,,,,寿县招商投资促进中心,708140.0,管理,,综合管理类(A类),3,1,本科及以上,法学（030101K）、经济学类（0201）、金融学类（0203）,38周岁以下；学位：学士及以上；需经常出差、加班,,,,,,,,,False,False,False,False,False,False,10,35,True,True,True
2026,事业单位,淮南市,市,,,,寿县文化馆,708164.0,专业技术,,社会科学专技类(B类),3,1,本科及以上,表演（130301）,38周岁以下；学位：学士及以上,,,,,,,,,False,False,False,False,False,False,10,35,True,True,True
2026,事业单位,淮南市,市,,,,寿县文明创建指导中心,708146.0,管理,,综合管理类(A类),3,1,本科及以上,汉语言文学（050101）、法学类（0301）、马克思主义理论类（0305）,38周岁以下；学位：学士及以上,,,,,,,,,False,False,False,False,False,False,10,35,True,True,True
2026,事业单位,淮南市,市,,,,寿县文明创建指导中心,708147.0,管理,,综合管理类(A类),3,1,本科及以上,城市管理（120405）、环境科学与工程类（0825）、建筑类（0828）,38周岁以下；学位：学士及以上,,,,,,,,,False,False,False,False,False,False,10,35,True,True,True
2026,事业单位,淮南市,市,,,,寿县新桥人民医院（寿县炎刘镇中心卫生院）,708231.0,专业技术,,医疗卫生类(E类),3,1,本科及以上,康复治疗学（101005）,38周岁以下；学位：学士及以上,,,,,,,,,False,False,False,False,False,False,10,35,True,True,True
2026,事业单位,淮南市,市,,,,寿县新桥人民医院（寿县炎刘镇中心卫生院）,708232.0,专业技术,,医疗卫生类(E类),3,1,本科及以上,针灸推拿学（100502K）,38周岁以下；学位：学士及以上,,,,,,,,,False,False,False,False,False,False,10,35,True,True,True
2026,事业单位,淮南市,市,,,,寿县新桥人民医院（寿县炎刘镇中心卫生院）,708234.0,专业技术,,医疗卫生类(E类),3,1,本科及以上,护理学（101101）,38周岁以下；学位：学士及以上,,,,,,,,,False,False,False,False,False,False,10,35,True,True,True
2026,事业单位,淮南市,市,,,,寿县木北灌区管理所,708162.0,专业技术,,自然科学专技类(C类),3,1,本科及以上,水利水电工程（081101）,38周岁以下；学位：学士及以上；从事水利水电技术指导、工程管理等工作，多在工地一线。,,,,,,,,,False,False,False,False,False,False,10,35,True,True,True
2026,事业单位,淮南市,市,,,,寿县板桥镇卫生院,708211.0,专业技术,,医疗卫生类(E类),3,1,大专及以上,临床医学(620101K),38周岁以下,,,,,,,,,False,False,False,False,False,False,10,33,True,True,True
2026,事业单位,淮南市,市,,,,寿县板桥镇经济发展服务中心,708182.0,专业技术,,社会科学专技类(B类),3,1,本科及以上,会计学（120203K）、审计学（120207）,38周岁以下；学位：学士及以上,,,,,,,,,False,False,False,False,False,False,10,35,True,True,True
2026,事业单位,淮南市,市,,,,寿县林业科技推广中心,708151.0,专业技术,,自然科学专技类(C类),3,1,本科及以上,林学类（0905）,38周岁以下；学位：学士及以上,,,,,,,,,False,False,False,False,False,False,10,35,True,True,True
2026,事业单位,淮南市,市,,,,寿县正阳关自然资源和规划管理中心所,708153.0,管理,,综合管理类(A类),3,1,本科及以上,地理科学类（0705）、林学类（0905）、土地资源管理（120404）,38周岁以下；学位：学士及以上,,,,,,,,,False,False,False,False,False,False,10,35,True,True,True
2026,事业单位,淮南市,市,,,,寿县正阳关镇经济发展服务中心,708177.0,管理,,综合管理类(A类),3,1,本科及以上,农业经济管理类（1203）,38周岁以下；学位：学士及以上,,,,,,,,,False,False,False,False,False,False,10,35,True,True,True
2026,事业单位,淮南市,市,,,,寿县炎刘镇为民服务中心,708197.0,专业技术,,社会科学专技类(B类),3,1,本科及以上,中国语言文学类（0501）,38周岁以下；学位：学士及以上,,,,,,,,,False,False,False,False,False,False,10,35,True,True,True
2026,事业单位,淮南市,市,,,,寿县瓦埠镇中心卫生院,708219.0,专业技术,,医疗卫生类(E类),3,1,本科及以上,中医学（100501K）,38周岁以下；具有执业（助理）医师资格证,,,,,,,,,False,False,False,False,False,False,10,35,True,True,True
2026,事业单位,淮南市,市,,,,寿县瓦西灌区管理所,708161.0,专业技术,,自然科学专技类(C类),3,1,本科及以上,水利水电工程（081101）,38周岁以下；学位：学士及以上；从事水利水电技术指导、工程管理等工作，多在工地一线。,,,,,,,,,False,False,False,False,False,False,10,35,True,True,True
2026,事业单位,淮南市,市,,,,寿县疾病预防控制中心,708206.0,专业技术,,医疗卫生类(E类),3,2,本科及以上,预防医学（100401K）,38周岁以下；学位：学士及以上,,,,,,,,,False,False,False,False,False,False,10,40,True,True,True
2026,事业单位,淮南市,市,,,,寿县经济开发区北区服务中心,708172.0,管理,,综合管理类(A类),3,1,本科及以上,城乡规划（082802）、学科门类：经济学（02）,38周岁以下；学位：学士及以上,,,,,,,,,False,False,False,False,False,False,10,35,True,True,True
2026,事业单位,淮南市,市,,,,寿县统计局普查中心,708166.0,管理,,综合管理类(A类),3,1,本科及以上,计算机类（0809）,38周岁以下；学位：学士及以上；需经常出差、加班,,,,,,,,,False,False,False,False,False,False,10,35,True,True,True
2026,事业单位,淮南市,市,,,,寿县老干部中心活动室,708145.0,管理,,综合管理类(A类),3,1,本科及以上,学科门类：管理学(12)、哲学(010101)、法学(030101K),38周岁以下；学位：学士及以上,,,,,,,,,False,False,False,False,False,False,10,35,True,True,True
2026,事业单位,淮南市,市,,,,寿县自然资源确权登记中心,708150.0,专业技术,,自然科学专技类(C类),3,1,本科及以上,地理科学类（0705）、测绘工程（081201）,38周岁以下；学位：学士及以上,,,,,,,,,False,False,False,False,False,False,10,35,True,True,True
2026,事业单位,淮南市,市,,,,寿县茶庵镇卫生院,708214.0,专业技术,,医疗卫生类(E类),3,1,本科及以上,护理学（101101）,38周岁以下；学位：学士及以上,,,,,,,,,False,False,False,False,False,False,10,35,True,True,True
2026,事业单位,淮南市,市,,,,寿县融媒体中心,708141.0,专业技术,,社会科学专技类(B类),3,1,本科及以上,中国语言文学类（0501）、新闻传播学类（0503）,38周岁以下；学位：学士及以上；需加班值守和外出采访,,,,,,,,,False,False,False,False,False,False,10,35,True,True,True
2026,事业单位,淮南市,市,,,,寿县融媒体中心,708142.0,专业技术,,自然科学专技类(C类),3,1,本科及以上,信息工程（080706）、信息安全（080904K）、网络空间安全（080911TK）,38周岁以下；学位：学士及以上；需加班值守和外出采访,,,,,,,,,False,False,False,False,False,False,10,35,True,True,True
2026,事业单位,淮南市,市,,,,寿县融媒体中心,708143.0,专业技术,,自然科学专技类(C类),3,1,本科及以上,动画（130310）、影视摄影与制作（130311T）,38周岁以下；学位：学士及以上；需加班值守和外出采访,,,,,,,,,False,False,False,False,False,False,10,35,True,True,True
2026,事业单位,淮南市,市,,,,寿县迎河自然资源和规划管理中心所,708152.0,管理,,综合管理类(A类),3,1,本科及以上,地理科学类（0705）、林学类（0905）、土地资源管理（120404）,38周岁以下；学位：学士及以上,,,,,,,,,False,False,False,False,False,False,10,35,True,True,True
2026,事业单位,淮南市,市,,,,寿县迎河镇中心卫生院,708223.0,专业技术,,医疗卫生类(E类),3,1,本科及以上,药学（100701）,38周岁以下；学位：学士及以上,,,,,,,,,False,False,False,False,False,False,10,35,True,True,True
2026,事业单位,淮南市,市,,,,寿县迎河镇中心卫生院,708225.0,专业技术,,医疗卫生类(E类),3,1,本科及以上,医学检验技术（101001）,38周岁以下,,,,,,,,,False,False,False,False,False,False,10,35,True,True,True
2026,事业单位,淮南市,市,,,,寿县迎河镇中心卫生院,708226.0,专业技术,,医疗卫生类(E类),3,1,本科及以上,康复治疗学（101005）,38周岁以下,,,,,,,,,False,False,False,False,False,False,10,35,True,True,True
2026,事业单位,淮南市,市,,,,寿县陶店回族乡为民服务中心,708187.0,专业技术,,社会科学专技类(B类),3,1,本科及以上,财务管理（120204）,38周岁以下；学位：学士及以上,,,,,,,,,False,False,False,False,False,False,10,35,True,True,True
2026,事业单位,淮南市,市,,,,寿县隐贤镇经济发展服务中心,708192.0,专业技术,,社会科学专技类(B类),3,1,本科及以上,会计学（120203K）、财务管理（120204）、金融学（020301K）,38周岁以下；学位：学士及以上,,,,,,,,,False,False,False,False,False,False,10,35,True,True,True
2026,事业单位,淮南市,市,,,,毛集镇为民服务中心（退役军人服务站）,706061.0,专业技术,,自然科学专技类(C类),3,1,本科及以上,土木工程（081001）,38周岁以下,,,,,,,,,False,False,False,False,False,False,10,35,True,True,True
2026,事业单位,淮南市,市,,,,毛集镇农业农村服务中心,706062.0,专业技术,,自然科学专技类(C类),3,1,本科及以上,学科门类：农学（09）,38周岁以下,,,,,,,,,False,False,False,False,False,False,10,35,True,True,True
2026,事业单位,淮南市,市,,,,淮南市中医院,701018.0,专业技术,,医疗卫生类(E类),3,1,本科及以上,临床医学（100201K),40周岁以下；学位：学士及以上；具有执业医师资格证，执业范围为内科学。具有中级职称且具有三级医院心内科方向一年以上工作经历。,,,,,,,,,False,False,False,False,False,False,10,35,True,True,True
2026,事业单位,淮南市,市,,,,淮南市中医院,701019.0,专业技术,,医疗卫生类(E类),3,1,本科及以上,临床医学类（1002）,40周岁以下；学位：学士及以上；具有执业医师资格证，执业范围为内科学。具有中级职称，需持有血液透析岗位培训合格证书、三级医院透析或血透中心进修合格证书。,,,,,,,,,False,False,False,False,False,False,10,35,True,True,True
2026,事业单位,淮南市,市,,,,淮南市人大预算联网监督服务中心（淮南市人大常委会机关信息中心）,701002.0,专业技术,,社会科学专技类(B类),3,1,本科及以上,经济学（020101）、金融学（020301K）、会计学（120203K）,38周岁以下；学位：学士及以上；具有两年以上工作经历,,,,,,,,,False,False,False,False,False,False,10,35,True,True,True
2026,事业单位,淮南市,市,,,,淮南市八公山区应急管理综合行政执法大队,704033.0,管理,,综合管理类(A类),3,1,本科及以上,"计算机类（0809）、
安全科学与工程类（0829）",38周岁以下；学位：学士及以上,,,,,,,,,False,False,False,False,False,False,10,35,True,True,True
2026,事业单位,淮南市,市,,,,淮南市凤台县生态环境监测站,701006.0,专业技术,,自然科学专技类(C类),3,1,本科及以上,环境科学与工程类（0825）、化学类（0703）,38周岁以下；学位：学士及以上,,,,,,,,,False,False,False,False,False,False,10,35,True,True,True
2026,事业单位,淮南市,市,,,,淮南市医疗保障基金安全监测中心（淮南市医疗保障权益管理中心）,701025.0,专业技术,,自然科学专技类(C类),3,1,本科及以上,计算机类（0809）,38周岁以下；学位：学士及以上,,,,,,,,,False,False,False,False,False,False,10,35,True,True,True
2026,事业单位,淮南市,市,,,,淮南市城乡居民基本养老保险管理中心,701004.0,管理,,综合管理类(A类),3,1,本科及以上,财务管理（120204）、会计学（120203K）,38周岁以下；学位：学士及以上,,,,,,,,,False,False,False,False,False,False,10,35,True,True,True
2026,事业单位,淮南市,市,,,,淮南市大通区应急管理综合行政执法大队,702028.0,管理,,综合管理类(A类),3,1,本科及以上,计算机科学与技术（080901）,38周岁以下；该岗位工作强度较大，需要24小时值班，建议男性报考。,,,,,,,,,False,False,False,False,False,False,10,35,True,True,True
2026,事业单位,淮南市,市,,,,淮南市妇幼保健院（淮南市第六人民医院）,701013.0,专业技术,,自然科学专技类(C类),3,1,本科及以上,计算机科学与技术（080901）、网络工程（080903）、信息安全（080904K）,38周岁以下；学位：学士及以上；具有二级及以上医院网络信息中心两年以上工作经历,,,,,,,,,False,False,False,False,False,False,10,35,True,True,True
2026,事业单位,淮南市,市,,,,淮南市妇幼保健院（淮南市第六人民医院）,701014.0,专业技术,,医疗卫生类(E类),3,1,本科及以上,口腔医学（100301K）,40周岁以下；学位：学士及以上；具有口腔医学中级专业技术资格，执业方向为口腔。,,,,,,,,,False,False,False,False,False,False,10,35,True,True,True
2026,事业单位,淮南市,市,,,,淮南市市场建设服务中心,701026.0,管理,,综合管理类(A类),3,1,本科及以上,汉语言文学（050101）、汉语言（050102）,38周岁以下；学位：学士及以上,,,,,,,,,False,False,False,False,False,False,10,35,True,True,True
2026,事业单位,淮南市,市,,,,淮南市文化旅游发展中心,701008.0,专业技术,,社会科学专技类(B类),3,1,本科及以上,会计学（120203K）、金融学（020301K）,38周岁以下；学位：学士及以上；具有初级会计师资格,,,,,,,,,False,False,False,False,False,False,10,35,True,True,True
2026,事业单位,淮南市,市,,,,淮南市新兴产业发展促进中心,701024.0,专业技术,,社会科学专技类(B类),3,1,本科及以上,会计学（120203K）、财务管理（120204）、审计学（120207）,38周岁以下；学位：学士及以上,,,,,,,,,False,False,False,False,False,False,10,35,True,True,True
2026,事业单位,淮南市,市,,,,淮南市精神病医院（淮南市第四人民医院）,701011.0,专业技术,,医疗卫生类(E类),3,2,本科及以上,精神医学(100205TK),38周岁以下；学位：学士及以上；具有执业医师资格证，执业范围为精神卫生专业。,,,,,,,,,False,False,False,False,False,False,10,40,True,True,True
2026,事业单位,淮南市,市,,,,淮南市统计局普查中心（淮南市民情民意调查办公室）,701005.0,专业技术,,社会科学专技类(B类),3,1,本科及以上,学科门类：经济学（02）,38周岁以下；学位：学士及以上,,,,,,,,,False,False,False,False,False,False,10,35,True,True,True
2026,事业单位,淮南市,市,,,,淮南市谢家集区农业综合行政执法大队,703029.0,专业技术,,自然科学专技类(C类),3,1,本科及以上,植物生产类（0901）、水产类（0906）,38周岁以下；学位：学士及以上,,,,,,,,,False,False,False,False,False,False,10,35,True,True,True
2026,事业单位,淮南市,市,,,,淮南市谢家集区应急管理综合行政执法大队,703030.0,专业技术,,自然科学专技类(C类),3,1,本科及以上,安全科学与工程类（0829）、水利类（0811）,38周岁以下,,,,,,,,,False,False,False,False,False,False,10,35,True,True,True
2026,事业单位,淮南市,市,,,,潘集区农业技术推广中心,705038.0,专业技术,,自然科学专技类(C类),3,1,本科及以上,植物保护（090103）、农学（090101）,38周岁以下；学位：学士及以上；经常性加班且经常外出开展户外工作,,,,,,,,,False,False,False,False,False,False,10,35,True,True,True
2026,事业单位,淮南市,市,,,,潘集区农业技术推广中心,705039.0,专业技术,,自然科学专技类(C类),3,1,本科及以上,种子科学与工程（090105）、园艺（090102）,38周岁以下；学位：学士及以上；经常性加班且经常外出开展户外工作,,,,,,,,,False,False,False,False,False,False,10,35,True,True,True
2026,事业单位,淮南市,市,,,,潘集区区域内自然资源和规划所,701009.0,管理,,综合管理类(A类),3,1,本科及以上,土地资源管理（120404）、城乡规划（082802）、测绘工程（081201）,38周岁以下；学位：学士及以上,,,,,,,,,False,False,False,False,False,False,10,35,True,True,True
2026,事业单位,淮南市,市,,,,潘集区古沟回族乡所属事业单位,705054.0,管理,,综合管理类(A类),3,1,大专及以上,专科：计算机类（6102）、本科：计算机类（0809）,38周岁以下,,,,,,,,,False,False,False,False,False,False,10,33,True,True,True
2026,事业单位,淮南市,市,,,,潘集区平圩镇所属事业单位,705056.0,专业技术,,社会科学专技类(B类),3,1,本科及以上,会计学（120203K）、财务管理（120204）、财政学（020201K）,38周岁以下；学位：学士及以上,,,,,,,,,False,False,False,False,False,False,10,35,True,True,True
2026,事业单位,淮南市,市,,,,潘集区房地产管理所,705037.0,专业技术,,自然科学专技类(C类),3,1,大专及以上,专科：土建施工类（5403）、本科：土木类（0810）,38周岁以下,,,,,,,,,False,False,False,False,False,False,10,33,True,True,True
2026,事业单位,淮南市,市,,,,潘集区架河镇所属事业单位,705057.0,专业技术,,自然科学专技类(C类),3,1,本科及以上,土木工程（081001）,38周岁以下,,,,,,,,,False,False,False,False,False,False,10,35,True,True,True
2026,事业单位,淮南市,市,,,,潘集区田集街道社区卫生服务中心,705053.0,专业技术,,医疗卫生类(E类),3,1,本科及以上,医学检验技术（101001）,38周岁以下；学位：学士及以上；具有临床检验初级师及以上职称,,,,,,,,,False,False,False,False,False,False,10,35,True,True,True
2026,事业单位,淮南市,市,,,,潘集区疾病预防控制中心,705045.0,专业技术,,医疗卫生类(E类),3,1,本科及以上,预防医学（100401K）,38周岁以下；学位：学士及以上,,,,,,,,,False,False,False,False,False,False,10,35,True,True,True
2026,事业单位,淮南市,市,,,,潘集区财政国库支付中心,705043.0,专业技术,,社会科学专技类(B类),3,1,本科及以上,财务管理（120204）,38周岁以下,,,,,,,,,False,False,False,False,False,False,10,35,True,True,True
2026,事业单位,淮南市,市,,,,潘集区贺疃镇所属事业单位,705060.0,专业技术,,自然科学专技类(C类),3,1,大专及以上,计算机类（6102）、电子信息类（6101）,38周岁以下；定向招聘“服务基层项目”人员,,,,,,,,,False,False,False,False,False,False,10,33,True,True,True
2026,事业单位,淮南市,市,,,,焦岗湖镇平安法治服务中心,706063.0,专业技术,,社会科学专技类(B类),3,1,本科及以上,法学（030101K）、汉语言文学（050101）、会计学（120203K）,38周岁以下；学位：学士及以上,,,,,,,,,False,False,False,False,False,False,10,35,True,True,True
2026,事业单位,淮南市,市,,,,谢家集区区域内自然资源和规划所,701010.0,管理,,综合管理类(A类),3,1,本科及以上,土地资源管理（120404）、城乡规划（082802）、测绘工程（081201）,38周岁以下；学位：学士及以上,,,,,,,,,False,False,False,False,False,False,10,35,True,True,True
2026,事业单位,芜湖市,市,,,,中共繁昌区委党校,1201205.0,专业技术岗位,,社会科学专技类(B类),3,1,研究生及以上,中共党史党建学类、政治学类、马克思主义理论类、法学类,38周岁以下；学位：硕士及以上,,,,,,,,,False,False,False,False,False,False,2,40,True,True,True
2026,事业单位,芜湖市,市,,,,中共芜湖市委党校（芜湖行政学院）,1201031.0,专业技术岗位,,社会科学专技类(B类),3,1,研究生及以上,中共党史党建学类；中共党史专业,38周岁以下；学位：硕士及以上,,,,,,,,,False,False,False,False,False,False,2,40,True,True,True
2026,事业单位,芜湖市,市,,,,南瑞街道便民服务中心,1201156.0,管理岗位,,综合管理类(A类),3,1,本科及以上,社会学类、公共管理类、经济与贸易类、经济学类,38周岁以下；学位：学士及以上；定向招聘服务基层项目人员,,,,,,,,,False,False,False,False,False,False,2,45,True,True,True
2026,事业单位,芜湖市,市,,,,南陵县不动产登记中心,1203013.0,专业技术岗位,,自然科学专技类(C类),3,1,本科及以上,地理信息科学专业、测绘工程专业,38周岁以下；学位：学士及以上,,,,,,,,,False,False,False,False,False,False,2,45,True,True,True
2026,事业单位,芜湖市,市,,,,南陵县会计结算中心,1203006.0,专业技术岗位,,社会科学专技类(B类),3,1,本科及以上,财政学专业、会计学专业、财务管理专业、经济学专业、国民经济管理专业,38周岁以下；学位：学士及以上,,,,,,,,,False,False,False,False,False,False,2,45,True,True,True
2026,事业单位,芜湖市,市,,,,南陵县卫生健康事业发展中心,1203014.0,专业技术岗位,,自然科学专技类(C类),3,1,本科及以上,计算机类,38周岁以下；学位：学士及以上,,,,,,,,,False,False,False,False,False,False,2,45,True,True,True
2026,事业单位,芜湖市,市,,,,南陵县卫生健康事业发展中心,1203015.0,专业技术岗位,,社会科学专技类(B类),3,1,本科及以上,公共事业管理专业、健康服务与管理专业,38周岁以下；学位：学士及以上,,,,,,,,,False,False,False,False,False,False,2,45,True,True,True
2026,事业单位,芜湖市,市,,,,南陵县国有资产和金融服务中心,1203004.0,专业技术岗位,,社会科学专技类(B类),3,1,本科及以上,金融学专业、财政学专业、会计学专业、财务管理专业、经济学专业、国民经济管理专业,38周岁以下；学位：学士及以上,,,,,,,,,False,False,False,False,False,False,2,45,True,True,True
2026,事业单位,芜湖市,市,,,,南陵县国有资产和金融服务中心,1203005.0,专业技术岗位,,社会科学专技类(B类),3,1,本科及以上,金融学专业、财政学专业、会计学专业、财务管理专业、经济学专业、国民经济管理专业,38周岁以下；学位：学士及以上；定向招聘服务基层项目人员,,,,,,,,,False,False,False,False,False,False,2,45,True,True,True
2026,事业单位,芜湖市,市,,,,南陵县林业发展中心,1203012.0,专业技术岗位,,社会科学专技类(B类),3,1,本科及以上,法学类,38周岁以下；学位：学士及以上,,,,,,,,,False,False,False,False,False,False,2,45,True,True,True
2026,事业单位,芜湖市,市,,,,南陵县河湖管理事务中心,1203011.0,专业技术岗位,,自然科学专技类(C类),3,1,本科及以上,水利类,38周岁以下；学位：学士及以上,,,,,,,,,False,False,False,False,False,False,2,45,True,True,True
2026,事业单位,芜湖市,市,,,,南陵县种植业服务中心,1203009.0,专业技术岗位,,自然科学专技类(C类),3,2,本科及以上,农学专业、园艺专业、植物保护专业,38周岁以下；学位：学士及以上,,,,,,,,,False,False,False,False,False,False,2,50,True,True,True
2026,事业单位,芜湖市,市,,,,南陵县综治工作中心,1203001.0,专业技术岗位,,社会科学专技类(B类),3,1,本科及以上,法学类、社会学类,38周岁以下；学位：学士及以上,,,,,,,,,False,False,False,False,False,False,2,45,True,True,True
2026,事业单位,芜湖市,市,,,,南陵县综治工作中心,1203002.0,专业技术岗位,,社会科学专技类(B类),3,1,本科及以上,法学类、社会学类,38周岁以下；学位：学士及以上；定向招聘服务基层项目人员,,,,,,,,,False,False,False,False,False,False,2,45,True,True,True
2026,事业单位,芜湖市,市,,,,安徽中医药高等专科学校,1201021.0,管理岗位,辅导员,综合管理类(A类),3,1,研究生及以上,法学类、政治学类、马克思主义理论类、体育学类、心理学类、中国语言文学类、外国语言文学类、艺术学类、数学类、物理学类、计算机科学与技术类、软件工程类；教育学原理专业、高等教育学专业、职业技术教育学专业、教育技术学专业、教育管理专业、现代教育技术专业、心理健康教育专业、职业技术教育专业,38周岁以下；学位：硕士及以上；中共党员，限男性,,,,,,,,,False,False,False,False,False,False,2,40,True,True,True
2026,事业单位,芜湖市,市,,,,安徽中医药高等专科学校,1201022.0,管理岗位,辅导员,综合管理类(A类),3,1,研究生及以上,法学类、政治学类、马克思主义理论类、体育学类、心理学类、中国语言文学类、外国语言文学类、艺术学类、数学类、物理学类、计算机科学与技术类、软件工程类；教育学原理专业、高等教育学专业、职业技术教育学专业、教育技术学专业、教育管理专业、现代教育技术专业、心理健康教育专业、职业技术教育专业,38周岁以下；学位：硕士及以上；中共党员，限女性,,,,,,,,,False,False,False,False,False,False,2,40,True,True,True
2026,事业单位,芜湖市,市,,,,安徽中医药高等专科学校,1201023.0,管理岗位,党委工作部门,综合管理类(A类),3,1,研究生及以上,法学类、政治学类、马克思主义理论类、体育学类、心理学类、中国语言文学类、外国语言文学类、艺术学类、数学类、物理学类、计算机科学与技术类、软件工程类；教育学原理专业、高等教育学专业、职业技术教育学专业、教育技术学专业、教育管理专业、现代教育技术专业、心理健康教育专业、职业技术教育专业,38周岁以下；学位：硕士及以上；中共党员，限男性，定向招聘服务基层项目人员,,,,,,,,,False,False,False,False,False,False,2,40,True,True,True
2026,事业单位,芜湖市,市,,,,安徽中医药高等专科学校,1201024.0,管理岗位,党委工作部门,综合管理类(A类),3,1,研究生及以上,法学类、政治学类、马克思主义理论类、体育学类、心理学类、中国语言文学类、外国语言文学类、艺术学类、数学类、物理学类、计算机科学与技术类、软件工程类；教育学原理专业、高等教育学专业、职业技术教育学专业、教育技术学专业、教育管理专业、现代教育技术专业、心理健康教育专业、职业技术教育专业,38周岁以下；学位：硕士及以上；中共党员，限女性，定向招聘服务基层项目人员,,,,,,,,,False,False,False,False,False,False,2,40,True,True,True
2026,事业单位,芜湖市,市,,,,安徽中医药高等专科学校,1201025.0,管理岗位,辅导员,综合管理类(A类),3,1,研究生及以上,口腔医学类、中医学类,38周岁以下；学位：硕士及以上；中共党员，限男性,,,,,,,,,False,False,False,False,False,False,2,40,True,True,True
2026,事业单位,芜湖市,市,,,,安徽中医药高等专科学校,1201026.0,管理岗位,辅导员,综合管理类(A类),3,1,研究生及以上,口腔医学类、中医学类,38周岁以下；学位：硕士及以上；中共党员，限女性,,,,,,,,,False,False,False,False,False,False,2,40,True,True,True
2026,事业单位,芜湖市,市,,,,安徽芜湖技师学院,1201052.0,专业技术岗位,,社会科学专技类(B类),3,1,研究生及以上,政治学类、马克思主义理论类、中国语言文学类、中国史类、世界史类,38周岁以下；学位：硕士及以上；具有中职或高中及以上教师资格证,,,,,,,,,False,False,False,False,False,False,2,40,True,True,True
2026,事业单位,芜湖市,市,,,,安徽芜湖技师学院,1201053.0,专业技术岗位,,自然科学专技类(C类),3,1,研究生及以上,机械工程类,38周岁以下；学位：硕士及以上；具有中职或高中及以上教师资格证,,,,,,,,,False,False,False,False,False,False,2,40,True,True,True
2026,事业单位,芜湖市,市,,,,安徽芜湖技师学院,1201054.0,专业技术岗位,,社会科学专技类(B类),3,1,研究生及以上,心理学类；心理健康教育专业,38周岁以下；学位：硕士及以上；具有2年以上工作经历，具有中职或高中及以上教师资格证,,,,,,,,,False,False,False,False,False,False,2,40,True,True,True
2026,事业单位,芜湖市,市,,,,弋江区三山街道社区卫生服务中心,1201168.0,专业技术岗位,,医疗卫生类(E类),3,1,本科及以上,中药学专业,38周岁以下；学位：学士及以上,,,,,,,,,False,False,False,False,False,False,2,45,True,True,True
2026,事业单位,芜湖市,市,,,,弋江区澛港街道社区卫生服务中心,1201162.0,专业技术岗位,,医疗卫生类(E类),3,1,本科及以上,医学检验技术专业,38周岁以下；学位：学士及以上,,,,,,,,,False,False,False,False,False,False,2,45,True,True,True
2026,事业单位,芜湖市,市,,,,无为市12345政务服务便民热线中心,1202003.0,专业技术岗位,岗位需频繁外出核查并撰写报告,社会科学专技类(B类),3,1,本科及以上,汉语言专业、汉语言文学专业,38周岁以下；学位：学士及以上,,,,,,,,,False,False,False,False,False,False,2,45,True,True,True
2026,事业单位,芜湖市,市,,,,无为市人才综合服务中心,1202009.0,专业技术岗位,,社会科学专技类(B类),3,1,本科及以上,工商管理类,38周岁以下；学位：学士及以上,,,,,,,,,False,False,False,False,False,False,2,45,True,True,True
2026,事业单位,芜湖市,市,,,,无为市企业发展促进中心,1202005.0,管理岗位,,综合管理类(A类),3,1,本科及以上,经济学类、经济与贸易类,38周岁以下；学位：学士及以上,,,,,,,,,False,False,False,False,False,False,2,45,True,True,True
2026,事业单位,芜湖市,市,,,,无为市会计核算中心,1202008.0,专业技术岗位,,社会科学专技类(B类),3,1,本科及以上,经济学类、财政学类、金融学类、工商管理类,38周岁以下；学位：学士及以上,,,,,,,,,False,False,False,False,False,False,2,45,True,True,True
2026,事业单位,芜湖市,市,,,,无为市园林管理所,1202032.0,专业技术岗位,,自然科学专技类(C类),3,1,本科及以上,林学专业、园林专业、风景园林专业,38周岁以下；学位：学士及以上,,,,,,,,,False,False,False,False,False,False,2,45,True,True,True
2026,事业单位,芜湖市,市,,,,无为市城乡规划中心,1202010.0,专业技术岗位,,自然科学专技类(C类),3,1,本科及以上,城乡规划专业、建筑学专业、城市设计专业、测绘工程专业、地质工程专业、勘查技术与工程专业、资源勘查工程专业,38周岁以下；学位：学士及以上,,,,,,,,,False,False,False,False,False,False,2,45,True,True,True
2026,事业单位,芜湖市,市,,,,无为市市场监督检验所,1202030.0,专业技术岗位,,自然科学专技类(C类),3,1,本科及以上,力学类、机械类、仪器类、电气类、化工与制药类、纺织类、化学类,38周岁以下；学位：学士及以上,,,,,,,,,False,False,False,False,False,False,2,45,True,True,True
2026,事业单位,芜湖市,市,,,,无为市建筑工程质量和安全监督站,1202016.0,专业技术岗位,,自然科学专技类(C类),3,1,本科及以上,土木工程专业、建筑学专业,38周岁以下；学位：学士及以上,,,,,,,,,False,False,False,False,False,False,2,45,True,True,True
2026,事业单位,芜湖市,市,,,,无为市房地产综合开发管理中心,1202015.0,专业技术岗位,,自然科学专技类(C类),3,1,本科及以上,土木类；测绘工程专业,38周岁以下；学位：学士及以上,,,,,,,,,False,False,False,False,False,False,2,45,True,True,True
2026,事业单位,芜湖市,市,,,,无为市民政事务服务中心,1202007.0,专业技术岗位,,社会科学专技类(B类),3,1,本科及以上,法学类,38周岁以下；学位：学士及以上,,,,,,,,,False,False,False,False,False,False,2,45,True,True,True
2026,事业单位,芜湖市,市,,,,无为市渔业管理服务中心,1202017.0,专业技术岗位,,自然科学专技类(C类),3,1,本科及以上,水产类、农业工程类,38周岁以下；学位：学士及以上,,,,,,,,,False,False,False,False,False,False,2,45,True,True,True
2026,事业单位,芜湖市,市,,,,无为市牛埠镇中心卫生院,1202022.0,专业技术岗位,,医疗卫生类(E类),3,1,大专及以上,中医学专业、针灸推拿专业,38周岁以下,,,,,,,,,False,False,False,False,False,False,2,43,True,True,True
2026,事业单位,芜湖市,市,,,,无为市电子商务促进中心,1202019.0,专业技术岗位,,社会科学专技类(B类),3,1,本科及以上,经济学门类,38周岁以下；学位：学士及以上,,,,,,,,,False,False,False,False,False,False,2,45,True,True,True
2026,事业单位,芜湖市,市,,,,无为市白蚁防治所,1202014.0,专业技术岗位,,自然科学专技类(C类),3,1,本科及以上,土木工程专业、建筑学专业,38周岁以下；学位：学士及以上,,,,,,,,,False,False,False,False,False,False,2,45,True,True,True
2026,事业单位,芜湖市,市,,,,无为市石涧镇中心卫生院,1202024.0,专业技术岗位,,医疗卫生类(E类),3,1,大专及以上,中医学专业、中医康复技术专业,38周岁以下,,,,,,,,,False,False,False,False,False,False,2,43,True,True,True
2026,事业单位,芜湖市,市,,,,无为市科技创新服务中心,1202006.0,专业技术岗位,,自然科学专技类(C类),3,1,本科及以上,数学类、电子信息类、计算机类,38周岁以下；学位：学士及以上,,,,,,,,,False,False,False,False,False,False,2,45,True,True,True
2026,事业单位,芜湖市,市,,,,无为市综治工作中心,1202001.0,管理岗位,,综合管理类(A类),3,1,本科及以上,法学类,38周岁以下,,,,,,,,,False,False,False,False,False,False,2,45,True,True,True
2026,事业单位,芜湖市,市,,,,无为市自然资源信息数据管理中心,1202011.0,专业技术岗位,,自然科学专技类(C类),3,1,本科及以上,城乡规划专业、建筑学专业、城市设计专业、测绘工程专业、地质工程专业、勘查技术与工程专业、资源勘查工程专业,38周岁以下；学位：学士及以上,,,,,,,,,False,False,False,False,False,False,2,45,True,True,True
2026,事业单位,芜湖市,市,,,,无为市襄安镇自然资源和规划所,1202012.0,专业技术岗位,,自然科学专技类(C类),3,1,本科及以上,城乡规划专业、建筑学专业、城市设计专业、测绘工程专业、地质工程专业、勘查技术与工程专业、资源勘查工程专业,38周岁以下；学位：学士及以上,,,,,,,,,False,False,False,False,False,False,2,45,True,True,True
2026,事业单位,芜湖市,市,,,,无为市重点工程建设管理中心,1202013.0,专业技术岗位,,自然科学专技类(C类),3,1,本科及以上,土木工程专业、道路桥梁与渡河工程专业,38周岁以下；学位：学士及以上,,,,,,,,,False,False,False,False,False,False,2,45,True,True,True
2026,事业单位,芜湖市,市,,,,无为市重点项目办公室,1202004.0,专业技术岗位,,社会科学专技类(B类),3,1,本科及以上,经济学类,38周岁以下；学位：学士及以上,,,,,,,,,False,False,False,False,False,False,2,45,True,True,True
2026,事业单位,芜湖市,市,,,,湾沚区会计核算中心,1201176.0,专业技术岗位,,社会科学专技类(B类),3,2,本科及以上,财政学类、金融学类；会计学专业、财务管理专业,38周岁以下；学位：学士及以上,,,,,,,,,False,False,False,False,False,False,2,50,True,True,True
2026,事业单位,芜湖市,市,,,,湾沚区住房保障管理中心,1201180.0,专业技术岗位,,自然科学专技类(C类),3,1,本科及以上,计算机类,38周岁以下；学位：学士及以上,,,,,,,,,False,False,False,False,False,False,2,45,True,True,True
2026,事业单位,芜湖市,市,,,,湾沚区农业技术推广中心,1201181.0,专业技术岗位,,自然科学专技类(C类),3,1,本科及以上,农学专业、植物保护专业、植物科学与技术专业、种子科学与工程专业,38周岁以下；学位：学士及以上,,,,,,,,,False,False,False,False,False,False,2,45,True,True,True
2026,事业单位,芜湖市,市,,,,湾沚区图书馆,1201184.0,专业技术岗位,,社会科学专技类(B类),3,1,本科及以上,汉语言文学专业、汉语言专业、图书馆学专业、档案学专业,38周岁以下；学位：学士及以上,,,,,,,,,False,False,False,False,False,False,2,45,True,True,True
2026,事业单位,芜湖市,市,,,,湾沚区投资促进中心,1201173.0,专业技术岗位,,社会科学专技类(B类),3,1,本科及以上,经济学类、财政学类、金融学类,38周岁以下；学位：学士及以上；定向招聘服务基层项目人员,,,,,,,,,False,False,False,False,False,False,2,45,True,True,True
2026,事业单位,芜湖市,市,,,,湾沚区投资促进中心,1201174.0,专业技术岗位,,社会科学专技类(B类),3,1,本科及以上,工商管理类,38周岁以下；学位：学士及以上,,,,,,,,,False,False,False,False,False,False,2,45,True,True,True
2026,事业单位,芜湖市,市,,,,湾沚区文化馆,1201183.0,专业技术岗位,,社会科学专技类(B类),3,1,本科及以上,音乐表演专业、音乐学专业、作曲与作曲技术理论专业、流行音乐专业、音乐教育专业、表演专业、戏剧学专业、广播电视编导专业、戏剧影视导演专业、戏剧教育专业、曲艺专业,38周岁以下；学位：学士及以上,,,,,,,,,False,False,False,False,False,False,2,45,True,True,True
2026,事业单位,芜湖市,市,,,,湾沚区机关事务服务中心,1201175.0,专业技术岗位,,自然科学专技类(C类),3,1,本科及以上,土木类、测绘类、建筑类,38周岁以下；学位：学士及以上,,,,,,,,,False,False,False,False,False,False,2,45,True,True,True
2026,事业单位,芜湖市,市,,,,湾沚区湾沚镇便民服务中心（退役军人服务站）,1201198.0,管理岗位,,综合管理类(A类),3,1,本科及以上,经济学类,38周岁以下；学位：学士及以上,,,,,,,,,False,False,False,False,False,False,2,45,True,True,True
2026,事业单位,芜湖市,市,,,,湾沚区湾沚镇农业综合服务中心,1201196.0,专业技术岗位,,自然科学专技类(C类),3,1,本科及以上,农学门类,38周岁以下；学位：学士及以上,,,,,,,,,False,False,False,False,False,False,2,45,True,True,True
2026,事业单位,芜湖市,市,,,,湾沚区湾沚镇农业综合服务中心,1201197.0,专业技术岗位,,自然科学专技类(C类),3,1,本科及以上,水利类,38周岁以下；学位：学士及以上,,,,,,,,,False,False,False,False,False,False,2,45,True,True,True
2026,事业单位,芜湖市,市,,,,湾沚区畜牧水产管理服务中心,1201182.0,专业技术岗位,,自然科学专技类(C类),3,1,本科及以上,动物医学专业,38周岁以下；学位：学士及以上,,,,,,,,,False,False,False,False,False,False,2,45,True,True,True
2026,事业单位,芜湖市,市,,,,湾沚区社会保险管理中心,1201177.0,专业技术岗位,,社会科学专技类(B类),3,1,本科及以上,会计学专业、财务管理专业、审计学专业、财政学专业,38周岁以下；学位：学士及以上,,,,,,,,,False,False,False,False,False,False,2,45,True,True,True
2026,事业单位,芜湖市,市,,,,湾沚区红杨镇卫生院,1201194.0,专业技术岗位,,医疗卫生类(E类),3,1,大专及以上,医学检验技术专业,38周岁以下；具有初级及以上临床医学检验技术专业技术资格证书,,,,,,,,,False,False,False,False,False,False,2,43,True,True,True
2026,事业单位,芜湖市,市,,,,湾沚区自然资源服务中心,1201178.0,专业技术岗位,,社会科学专技类(B类),3,1,本科及以上,法学类、经济学类,38周岁以下；学位：学士及以上；定向招聘服务基层项目人员,,,,,,,,,False,False,False,False,False,False,2,45,True,True,True
2026,事业单位,芜湖市,市,,,,湾沚区自然资源服务中心,1201179.0,专业技术岗位,需经常出外业拍照举证,自然科学专技类(C类),3,1,本科及以上,测绘工程专业、地理空间信息工程专业,38周岁以下；学位：学士及以上,,,,,,,,,False,False,False,False,False,False,2,45,True,True,True
2026,事业单位,芜湖市,市,,,,湾沚区花桥镇便民服务中心(退役军人服务站）,1201204.0,专业技术岗位,,自然科学专技类(C类),3,1,本科及以上,土木类,38周岁以下；学位：学士及以上,,,,,,,,,False,False,False,False,False,False,2,45,True,True,True
2026,事业单位,芜湖市,市,,,,湾沚区花桥镇卫生院,1201195.0,专业技术岗位,,医疗卫生类(E类),3,1,本科及以上,中医学专业、针灸推拿学专业,38周岁以下；学位：学士及以上；具有执业医师执业证书,,,,,,,,,False,False,False,False,False,False,2,45,True,True,True
2026,事业单位,芜湖市,市,,,,湾沚区融媒体中心,1201171.0,专业技术岗位,主要从事外出采访、短视频制作等工作，经常性加班，工作强度大，适合男性报考,社会科学专技类(B类),3,1,本科及以上,汉语言文学专业、汉语言专业、秘书学专业、广播电视编导专业、播音与主持艺术专业,38周岁以下；学位：学士及以上,,,,,,,,,False,False,False,False,False,False,2,45,True,True,True
2026,事业单位,芜湖市,市,,,,湾沚区融媒体中心,1201172.0,专业技术岗位,主要从事外出采访、短视频制作等工作，经常性加班，工作强度大，适合男性报考,社会科学专技类(B类),3,1,本科及以上,新闻学专业、广播电视学专业、传播学专业、网络与新媒体专业,38周岁以下；学位：学士及以上,,,,,,,,,False,False,False,False,False,False,2,45,True,True,True
2026,事业单位,芜湖市,市,,,,湾沚区陶辛镇农业综合服务中心,1201200.0,专业技术岗位,,自然科学专技类(C类),3,1,本科及以上,农业工程类、植物生产类、水利类、建筑类,38周岁以下；学位：学士及以上,,,,,,,,,False,False,False,False,False,False,2,45,True,True,True
2026,事业单位,芜湖市,市,,,,繁昌区中医医院,1201243.0,专业技术岗位,,医疗卫生类(E类),3,1,研究生及以上,康复医学与理疗学专业,38周岁以下；学位：硕士及以上；具有执业医师执业证书,,,,,,,,,False,False,False,False,False,False,2,40,True,True,True
2026,事业单位,芜湖市,市,,,,繁昌区中医医院,1201244.0,专业技术岗位,,医疗卫生类(E类),3,1,研究生及以上,神经病学专业,38周岁以下；学位：硕士及以上；具有执业医师执业证书,,,,,,,,,False,False,False,False,False,False,2,40,True,True,True
2026,事业单位,芜湖市,市,,,,繁昌区中医医院,1201245.0,专业技术岗位,,医疗卫生类(E类),3,1,研究生及以上,老年医学专业,38周岁以下；学位：硕士及以上；具有执业医师执业证书,,,,,,,,,False,False,False,False,False,False,2,40,True,True,True
2026,事业单位,芜湖市,市,,,,繁昌区中医医院,1201246.0,专业技术岗位,招聘科室为普外科,医疗卫生类(E类),3,1,研究生及以上,外科学专业,38周岁以下；学位：硕士及以上；具有执业医师执业证书,,,,,,,,,False,False,False,False,False,False,2,40,True,True,True
2026,事业单位,芜湖市,市,,,,繁昌区中医医院,1201248.0,专业技术岗位,,医疗卫生类(E类),3,1,本科及以上,中医学专业、中西医临床医学专业,38周岁以下；学位：学士及以上；具有执业医师执业证书,,,,,,,,,False,False,False,False,False,False,2,45,True,True,True
2026,事业单位,芜湖市,市,,,,繁昌区中医医院,1201249.0,专业技术岗位,,医疗卫生类(E类),3,1,本科及以上,中医学专业、中西医临床医学专业,38周岁以下；学位：学士及以上；1.具有执业医师执业证书；2.定向招聘服务基层项目人员。,,,,,,,,,False,False,False,False,False,False,2,45,True,True,True
2026,事业单位,芜湖市,市,,,,繁昌区交通综合管理服务中心,1201227.0,管理岗位,,综合管理类(A类),3,1,本科及以上,会计学专业、审计学专业、工程审计专业,38周岁以下；学位：学士及以上,,,,,,,,,False,False,False,False,False,False,2,45,True,True,True
2026,事业单位,芜湖市,市,,,,繁昌区人才综合服务中心,1201210.0,专业技术岗位,,社会科学专技类(B类),3,1,本科及以上,经济学类,38周岁以下；学位：学士及以上,,,,,,,,,False,False,False,False,False,False,2,45,True,True,True
2026,事业单位,芜湖市,市,,,,繁昌区人民医院,1201230.0,专业技术岗位,招聘科室为呼吸内科,医疗卫生类(E类),3,1,研究生及以上,内科学专业,38周岁以下；学位：硕士及以上；具有执业医师执业证书,,,,,,,,,False,False,False,False,False,False,2,40,True,True,True
2026,事业单位,芜湖市,市,,,,繁昌区人民医院,1201231.0,专业技术岗位,招聘科室为内分泌科,医疗卫生类(E类),3,1,研究生及以上,内科学专业,38周岁以下；学位：硕士及以上；具有执业医师执业证书,,,,,,,,,False,False,False,False,False,False,2,40,True,True,True
2026,事业单位,芜湖市,市,,,,繁昌区人民医院,1201232.0,专业技术岗位,招聘科室为骨外科,医疗卫生类(E类),3,1,研究生及以上,外科学专业,38周岁以下；学位：硕士及以上；具有执业医师执业证书,,,,,,,,,False,False,False,False,False,False,2,40,True,True,True
2026,事业单位,芜湖市,市,,,,繁昌区人民医院,1201233.0,专业技术岗位,,医疗卫生类(E类),3,1,研究生及以上,老年医学专业,38周岁以下；学位：硕士及以上；具有执业医师执业证书,,,,,,,,,False,False,False,False,False,False,2,40,True,True,True
2026,事业单位,芜湖市,市,,,,繁昌区人民医院,1201234.0,专业技术岗位,,医疗卫生类(E类),3,1,研究生及以上,肿瘤学专业,38周岁以下；学位：硕士及以上；具有执业医师执业证书,,,,,,,,,False,False,False,False,False,False,2,40,True,True,True
2026,事业单位,芜湖市,市,,,,繁昌区人民医院,1201235.0,专业技术岗位,,医疗卫生类(E类),3,1,研究生及以上,康复医学与理疗学专业,38周岁以下；学位：硕士及以上；具有执业医师执业证书,,,,,,,,,False,False,False,False,False,False,2,40,True,True,True
2026,事业单位,芜湖市,市,,,,繁昌区人民医院,1201236.0,专业技术岗位,,医疗卫生类(E类),3,1,研究生及以上,急诊医学专业,38周岁以下；学位：硕士及以上；具有执业医师执业证书,,,,,,,,,False,False,False,False,False,False,2,40,True,True,True
2026,事业单位,芜湖市,市,,,,繁昌区人民医院,1201242.0,专业技术岗位,,医疗卫生类(E类),3,1,本科及以上,精神医学专业,38周岁以下；学位：学士及以上；具有执业医师执业证书,,,,,,,,,False,False,False,False,False,False,2,45,True,True,True
2026,事业单位,芜湖市,市,,,,繁昌区会计核算中心,1201207.0,专业技术岗位,,社会科学专技类(B类),3,1,本科及以上,金融学专业、财政学专业、会计学专业、财务管理专业、审计学专业,38周岁以下；学位：学士及以上,,,,,,,,,False,False,False,False,False,False,2,45,True,True,True
2026,事业单位,芜湖市,市,,,,繁昌区农业技术推广中心,1201213.0,专业技术岗位,,自然科学专技类(C类),3,1,本科及以上,植物生产类、自然保护与环境生态类,38周岁以下；学位：学士及以上；定向招聘服务基层项目人员,,,,,,,,,False,False,False,False,False,False,2,45,True,True,True
2026,事业单位,芜湖市,市,,,,繁昌区农业机械管理中心,1201212.0,专业技术岗位,,自然科学专技类(C类),3,1,本科及以上,农业机械化及其自动化专业,38周岁以下；学位：学士及以上,,,,,,,,,False,False,False,False,False,False,2,45,True,True,True
2026,事业单位,芜湖市,市,,,,繁昌区城镇建设指导中心,1201225.0,管理岗位,,综合管理类(A类),3,1,本科及以上,给排水科学与工程专业、城市地下空间工程专业、道路桥梁与渡河工程专业、城市水系统工程专业,38周岁以下；学位：学士及以上,,,,,,,,,False,False,False,False,False,False,2,45,True,True,True
2026,事业单位,芜湖市,市,,,,繁昌区平铺自然资源所,1201221.0,管理岗位,,综合管理类(A类),3,1,本科及以上,测绘工程专业,38周岁以下；学位：学士及以上,,,,,,,,,False,False,False,False,False,False,2,45,True,True,True
2026,事业单位,芜湖市,市,,,,繁昌区平铺镇便民服务中心,1201229.0,专业技术岗位,,自然科学专技类(C类),3,1,本科及以上,农学专业,38周岁以下；学位：学士及以上,,,,,,,,,False,False,False,False,False,False,2,45,True,True,True
2026,事业单位,芜湖市,市,,,,繁昌区投资促进服务中心,1201219.0,管理岗位,主要从事外出招商工作，需经常出差，适合男性报考,综合管理类(A类),3,1,本科及以上,车辆工程专业、智能车辆工程专业、新能源汽车工程专业,38周岁以下；学位：学士及以上,,,,,,,,,False,False,False,False,False,False,2,45,True,True,True
2026,事业单位,芜湖市,市,,,,繁昌区文化馆,1201218.0,专业技术岗位,,社会科学专技类(B类),3,1,本科及以上,音乐表演专业、舞蹈表演专业、舞蹈编导专业,38周岁以下；学位：学士及以上,,,,,,,,,False,False,False,False,False,False,2,45,True,True,True
2026,事业单位,芜湖市,市,,,,繁昌区新港自然资源所,1201222.0,专业技术岗位,,自然科学专技类(C类),3,1,本科及以上,建筑学专业、城乡规划专业,38周岁以下；学位：学士及以上,,,,,,,,,False,False,False,False,False,False,2,45,True,True,True
2026,事业单位,芜湖市,市,,,,繁昌区水产技术中心,1201214.0,专业技术岗位,,自然科学专技类(C类),3,1,本科及以上,水产养殖学专业,38周岁以下；学位：学士及以上,,,,,,,,,False,False,False,False,False,False,2,45,True,True,True
2026,事业单位,芜湖市,市,,,,繁昌区河湖管理中心,1201217.0,专业技术岗位,,自然科学专技类(C类),3,1,本科及以上,水利水电工程专业、智慧水利专业、水务工程专业、水利科学与工程专业,38周岁以下；学位：学士及以上,,,,,,,,,False,False,False,False,False,False,2,45,True,True,True
2026,事业单位,芜湖市,市,,,,繁昌区电子商务促进中心,1201209.0,管理岗位,,综合管理类(A类),3,1,本科及以上,经济学类,38周岁以下；学位：学士及以上,,,,,,,,,False,False,False,False,False,False,2,45,True,True,True
2026,事业单位,芜湖市,市,,,,繁昌区畜牧兽医管理中心,1201215.0,专业技术岗位,,自然科学专技类(C类),3,1,本科及以上,动物医学专业、动物科学专业、动物药学专业,38周岁以下；学位：学士及以上,,,,,,,,,False,False,False,False,False,False,2,45,True,True,True
2026,事业单位,芜湖市,市,,,,繁昌区疾病预防控制中心,1201251.0,专业技术岗位,,医疗卫生类(E类),3,1,本科及以上,卫生检验与检疫专业,38周岁以下；学位：学士及以上,,,,,,,,,False,False,False,False,False,False,2,45,True,True,True
2026,事业单位,芜湖市,市,,,,繁昌区繁阳自然资源所,1201220.0,管理岗位,,综合管理类(A类),3,1,本科及以上,法学专业,38周岁以下；学位：学士及以上；具有法律职业资格证书A类,,,,,,,,,False,False,False,False,False,False,2,45,True,True,True
2026,事业单位,芜湖市,市,,,,繁昌区融媒体中心,1201206.0,专业技术岗位,外出采访、夜班较多，适合男性报考,社会科学专技类(B类),3,1,本科及以上,新闻学专业、传播学专业、广播电视学专业、广播电视编导专业、摄影专业,38周岁以下；学位：学士及以上,,,,,,,,,False,False,False,False,False,False,2,45,True,True,True
2026,事业单位,芜湖市,市,,,,繁昌区非税收入征收管理局,1201208.0,专业技术岗位,,社会科学专技类(B类),3,1,本科及以上,金融学专业、财政学专业、会计学专业、财务管理专业、审计学专业,38周岁以下；学位：学士及以上,,,,,,,,,False,False,False,False,False,False,2,45,True,True,True
2026,事业单位,芜湖市,市,,,,芜湖传媒中心,1201048.0,管理岗位,,综合管理类(A类),3,1,本科及以上,法学专业,38周岁以下；学位：学士及以上；具有法律职业资格证书A类,,,,,,,,,False,False,False,False,False,False,2,45,True,True,True
2026,事业单位,芜湖市,市,,,,芜湖传媒中心,1201050.0,专业技术岗位,经常有夜班工作,自然科学专技类(C类),3,2,本科及以上,广播电视工程专业,38周岁以下；学位：学士及以上,,,,,,,,,False,False,False,False,False,False,2,50,True,True,True
2026,事业单位,芜湖市,市,,,,芜湖市不动产登记中心,1201045.0,管理岗位,,综合管理类(A类),3,1,本科及以上,档案学专业、法学专业、新闻学专业、传播学专业,38周岁以下；学位：学士及以上,,,,,,,,,False,False,False,False,False,False,2,45,True,True,True
2026,事业单位,芜湖市,市,,,,芜湖市不动产登记中心,1201046.0,管理岗位,,综合管理类(A类),3,1,本科及以上,采矿工程专业、测绘工程专业、地理信息科学专业,38周岁以下；学位：学士及以上,,,,,,,,,False,False,False,False,False,False,2,45,True,True,True
2026,事业单位,芜湖市,市,,,,芜湖市人才综合服务中心,1201055.0,专业技术岗位,,自然科学专技类(C类),3,1,本科及以上,计算机类,38周岁以下；学位：学士及以上；定向招聘服务基层项目人员,,,,,,,,,False,False,False,False,False,False,2,45,True,True,True
2026,事业单位,芜湖市,市,,,,芜湖市人民政府驻北京联络处,1201064.0,专业技术岗位,该岗位长期在北京工作，经常加班、值夜班，适合男性报考,社会科学专技类(B类),3,1,本科及以上,经济学类、中国语言文学类、新闻传播学类、工商管理类,38周岁以下；学位：学士及以上,,,,,,,,,False,False,False,False,False,False,2,45,True,True,True
2026,事业单位,芜湖市,市,,,,芜湖市公路管理服务中心,1201037.0,专业技术岗位,分配至下属各单位工作，在工地现场一线，需经常加班、值夜班，适合男性报考,自然科学专技类(C类),3,3,本科及以上,土木工程专业、道路桥梁与渡河工程专业,38周岁以下；学位：学士及以上,,,,,,,,,False,False,False,False,False,False,2,55,True,True,True
2026,事业单位,芜湖市,市,,,,芜湖市公路管理服务中心,1201038.0,管理岗位,分配至下属各单位工作，在工地现场一线，需经常加班、值夜班，适合男性报考,综合管理类(A类),3,2,本科及以上,工程造价专业,38周岁以下；学位：学士及以上,,,,,,,,,False,False,False,False,False,False,2,50,True,True,True
2026,事业单位,芜湖市,市,,,,芜湖市公路管理服务中心,1201039.0,专业技术岗位,分配至下属各单位工作，在工地现场一线，需经常加班、值夜班，适合男性报考,自然科学专技类(C类),3,1,本科及以上,信息管理与信息系统专业、计算机科学与技术专业,38周岁以下；学位：学士及以上,,,,,,,,,False,False,False,False,False,False,2,45,True,True,True
2026,事业单位,芜湖市,市,,,,芜湖市公路管理服务中心,1201040.0,专业技术岗位,分配至下属各单位工作,社会科学专技类(B类),3,1,本科及以上,财务管理专业、会计学专业,38周岁以下；学位：学士及以上,,,,,,,,,False,False,False,False,False,False,2,45,True,True,True
2026,事业单位,芜湖市,市,,,,芜湖市医疗保障基金监管事务中心,1201063.0,管理岗位,聘用后去向为市中心,综合管理类(A类),3,1,本科及以上,临床医学专业、中西医临床医学专业,38周岁以下；学位：学士及以上,,,,,,,,,False,False,False,False,False,False,2,45,True,True,True
2026,事业单位,芜湖市,市,,,,芜湖市医疗保障管理服务中心,1201062.0,管理岗位,聘用后去向为分中心,综合管理类(A类),3,1,本科及以上,临床医学专业、中西医临床医学专业、药学专业、临床药学专业,38周岁以下；学位：学士及以上,,,,,,,,,False,False,False,False,False,False,2,45,True,True,True
2026,事业单位,芜湖市,市,,,,芜湖市园林管理处,1201060.0,专业技术岗位,需长期开展户外一线工作，建议男性报考,自然科学专技类(C类),3,1,本科及以上,园林专业,38周岁以下；学位：学士及以上,,,,,,,,,False,False,False,False,False,False,2,45,True,True,True
2026,事业单位,芜湖市,市,,,,芜湖市实验台,1201051.0,专业技术岗位,经常有夜班工作,自然科学专技类(C类),3,1,本科及以上,电子信息工程专业,38周岁以下；学位：学士及以上,,,,,,,,,False,False,False,False,False,False,2,45,True,True,True
2026,事业单位,芜湖市,市,,,,芜湖市少年宫,1201047.0,专业技术岗位,,社会科学专技类(B类),3,1,本科及以上,舞蹈表演专业、舞蹈学专业、舞蹈编导专业、舞蹈教育专业,38周岁以下；学位：学士及以上；具有相应的教师资格证,,,,,,,,,False,False,False,False,False,False,2,45,True,True,True
2026,事业单位,芜湖市,市,,,,芜湖市市政工程管理处,1201061.0,专业技术岗位,,自然科学专技类(C类),3,1,研究生及以上,市政工程专业、桥梁与隧道工程专业,38周岁以下；学位：硕士及以上,,,,,,,,,False,False,False,False,False,False,2,40,True,True,True
2026,事业单位,芜湖市,市,,,,芜湖市建设工程质量监督站,1201043.0,专业技术岗位,,自然科学专技类(C类),3,1,本科及以上,土木工程专业，给排水科学与工程专业，城市地下空间工程专业，道路桥梁与渡河工程专业，土木、水利与交通工程专业，水利水电工程专业,38周岁以下；学位：学士及以上,,,,,,,,,False,False,False,False,False,False,2,45,True,True,True
2026,事业单位,芜湖市,市,,,,芜湖市排灌管理中心,1201067.0,专业技术岗位,,社会科学专技类(B类),3,1,本科及以上,会计学专业、财务管理专业、审计学专业,38周岁以下；学位：学士及以上,,,,,,,,,False,False,False,False,False,False,2,45,True,True,True
2026,事业单位,芜湖市,市,,,,芜湖市文物考古研究所,1201032.0,专业技术岗位,,社会科学专技类(B类),3,1,本科及以上,考古学专业,38周岁以下；学位：学士及以上,,,,,,,,,False,False,False,False,False,False,2,45,True,True,True
2026,事业单位,芜湖市,市,,,,芜湖市港航（地方海事）管理服务中心,1201033.0,管理岗位,,综合管理类(A类),3,1,本科及以上,海事管理专业,38周岁以下；学位：学士及以上,,,,,,,,,False,False,False,False,False,False,2,45,True,True,True
2026,事业单位,芜湖市,市,,,,芜湖市港航（地方海事）管理服务中心,1201034.0,管理岗位,,综合管理类(A类),3,1,本科及以上,法学专业、交通运输专业、水利水电工程专业,38周岁以下；学位：学士及以上；定向招聘服务基层项目人员,,,,,,,,,False,False,False,False,False,False,2,45,True,True,True
2026,事业单位,芜湖市,市,,,,芜湖市港航（地方海事）管理服务中心,1201035.0,管理岗位,,综合管理类(A类),3,1,本科及以上,港口航道与海岸工程专业,38周岁以下；学位：学士及以上,,,,,,,,,False,False,False,False,False,False,2,45,True,True,True
2026,事业单位,芜湖市,市,,,,芜湖市港航（地方海事）管理服务中心,1201036.0,专业技术岗位,,自然科学专技类(C类),3,2,本科及以上,航海技术专业、轮机工程专业、船舶电子电气工程专业、船舶与海洋工程专业,38周岁以下；学位：学士及以上,,,,,,,,,False,False,False,False,False,False,2,50,True,True,True
2026,事业单位,芜湖市,市,,,,芜湖市生态环境科学研究所（市固体废物监管中心）,1201044.0,专业技术岗位,需要从事野外采样和应急监测工作,自然科学专技类(C类),3,1,本科及以上,化学专业、应用化学专业、环境科学与工程专业、环境工程专业、环境科学专业,38周岁以下；学位：学士及以上,,,,,,,,,False,False,False,False,False,False,2,45,True,True,True
2026,事业单位,芜湖市,市,,,,芜湖市疾病预防控制中心,1201071.0,专业技术岗位,,医疗卫生类(E类),3,1,本科及以上,食品卫生与营养学专业,38周岁以下；学位：学士及以上,,,,,,,,,False,False,False,False,False,False,2,45,True,True,True
2026,事业单位,芜湖市,市,,,,芜湖市疾病预防控制中心,1201072.0,专业技术岗位,,医疗卫生类(E类),3,2,研究生及以上,流行病与卫生统计学专业,38周岁以下；学位：硕士及以上,,,,,,,,,False,False,False,False,False,False,2,45,True,True,True
2026,事业单位,芜湖市,市,,,,芜湖市眼科医院,1201158.0,专业技术岗位,,医疗卫生类(E类),3,1,研究生及以上,眼科学专业,38周岁以下；学位：硕士及以上；具有执业医师执业证书,,,,,,,,,False,False,False,False,False,False,2,40,True,True,True
2026,事业单位,芜湖市,市,,,,芜湖市眼科医院,1201159.0,专业技术岗位,,医疗卫生类(E类),3,1,研究生及以上,护理学类,38周岁以下；学位：硕士及以上；具有护士资格证书,,,,,,,,,False,False,False,False,False,False,2,40,True,True,True
2026,事业单位,芜湖市,市,,,,芜湖市眼科医院,1201161.0,管理岗位,,综合管理类(A类),3,1,本科及以上,行政管理专业,38周岁以下；学位：学士及以上,,,,,,,,,False,False,False,False,False,False,2,45,True,True,True
2026,事业单位,芜湖市,市,,,,芜湖市社会保险中心,1201056.0,专业技术岗位,,自然科学专技类(C类),3,1,本科及以上,统计学类、数学类,38周岁以下；学位：学士及以上,,,,,,,,,False,False,False,False,False,False,2,45,True,True,True
2026,事业单位,芜湖市,市,,,,芜湖市第二社会福利院,1201066.0,管理岗位,该岗位工作地点位于南陵县烟墩镇，需值夜班,综合管理类(A类),3,1,本科及以上,汉语言文学专业,38周岁以下；学位：学士及以上,,,,,,,,,False,False,False,False,False,False,2,45,True,True,True
2026,事业单位,芜湖市,市,,,,芜湖市统计调查队（市统计局普查中心）,1201057.0,专业技术岗位,,社会科学专技类(B类),3,1,本科及以上,经济统计学专业、统计学专业、应用统计学专业、数据科学专业,38周岁以下；学位：学士及以上,,,,,,,,,False,False,False,False,False,False,2,45,True,True,True
2026,事业单位,芜湖市,市,,,,芜湖市职工服务中心,1201059.0,专业技术岗位,,社会科学专技类(B类),3,1,本科及以上,音乐与舞蹈学类、体育学类；广播电视编导专业、播音与主持艺术专业,38周岁以下；学位：学士及以上,,,,,,,,,False,False,False,False,False,False,2,45,True,True,True
2026,事业单位,芜湖市,市,,,,芜湖市道路运输管理服务中心,1201041.0,专业技术岗位,,自然科学专技类(C类),3,1,本科及以上,车辆工程专业、交通运输专业,38周岁以下；学位：学士及以上,,,,,,,,,False,False,False,False,False,False,2,45,True,True,True
2026,事业单位,芜湖市,市,,,,芜湖市鸠江区人民医院,1201151.0,专业技术岗位,从事儿科临床岗位工作,医疗卫生类(E类),3,1,本科及以上,临床医学专业、儿科学专业,38周岁以下；学位：学士及以上；具有执业医师执业证书,,,,,,,,,False,False,False,False,False,False,2,45,True,True,True
2026,事业单位,芜湖市,市,,,,芜湖市鸠江区人民医院,1201152.0,专业技术岗位,,医疗卫生类(E类),3,1,本科及以上,麻醉学专业,38周岁以下；学位：学士及以上；具有执业医师执业证书,,,,,,,,,False,False,False,False,False,False,2,45,True,True,True
2026,事业单位,芜湖市,市,,,,芜湖经济技术开发区人力资源开发中心,1201085.0,管理岗位,,综合管理类(A类),3,1,本科及以上,经济学门类；工商管理类、公共管理类、电子商务类,38周岁以下；学位：学士及以上,,,,,,,,,False,False,False,False,False,False,2,45,True,True,True
2026,事业单位,芜湖市,市,,,,芜湖经济技术开发区农水管理中心,1201081.0,专业技术岗位,经常加班，户外工作较多，建议男性报考,自然科学专技类(C类),3,1,本科及以上,水利水电工程专业、水文与水资源工程专业、水务工程专业、智慧水利专业,38周岁以下；学位：学士及以上,,,,,,,,,False,False,False,False,False,False,2,45,True,True,True
2026,事业单位,芜湖市,市,,,,芜湖经济技术开发区农水管理中心,1201082.0,专业技术岗位,,社会科学专技类(B类),3,1,本科及以上,行政管理专业,38周岁以下；学位：学士及以上,,,,,,,,,False,False,False,False,False,False,2,45,True,True,True
2026,事业单位,芜湖市,市,,,,芜湖经济技术开发区审计中心,1201079.0,专业技术岗位,,社会科学专技类(B类),3,1,本科及以上,会计学专业、审计学专业、财务管理专业,38周岁以下；学位：学士及以上；具有初级及以上会计职称,,,,,,,,,False,False,False,False,False,False,2,45,True,True,True
2026,事业单位,芜湖市,市,,,,芜湖经济技术开发区统计普查中心,1201078.0,专业技术岗位,,社会科学专技类(B类),3,1,本科及以上,经济学专业、经济统计学专业、会计学专业、统计学专业、应用统计学专业、财务管理专业,38周岁以下；学位：学士及以上,,,,,,,,,False,False,False,False,False,False,2,45,True,True,True
2026,事业单位,芜湖市,市,,,,芜湖经济技术开发区财政核算中心,1201084.0,专业技术岗位,,社会科学专技类(B类),3,1,本科及以上,汉语言文学专业、汉语言专业、秘书学专业、财政学专业、会计学专业、审计学专业、经济学专业,38周岁以下；学位：学士及以上,,,,,,,,,False,False,False,False,False,False,2,45,True,True,True
2026,事业单位,芜湖市,市,,,,镜湖区大砻坊街道便民服务中心,1201100.0,专业技术岗位,,自然科学专技类(C类),3,1,本科及以上,土木类、环境科学与工程类、建筑类,38周岁以下；学位：学士及以上,,,,,,,,,False,False,False,False,False,False,2,45,True,True,True
2026,事业单位,芜湖市,市,,,,镜湖区妇幼保健计划生育服务中心,1201090.0,专业技术岗位,,医疗卫生类(E类),3,1,本科及以上,妇幼保健医学专业,38周岁以下；学位：学士及以上,,,,,,,,,False,False,False,False,False,False,2,45,True,True,True
2026,事业单位,芜湖市,市,,,,镜湖区弋矶山街道便民服务中心,1201097.0,专业技术岗位,,自然科学专技类(C类),3,1,本科及以上,土木工程专业、建筑环境与能源应用工程专业、给排水科学与工程专业、建筑学专业、城乡规划专业、城市设计专业,38周岁以下；学位：学士及以上,,,,,,,,,False,False,False,False,False,False,2,45,True,True,True
2026,事业单位,芜湖市,市,,,,镜湖区文化文物保护发展中心,1201094.0,专业技术岗位,,社会科学专技类(B类),3,1,本科及以上,历史学专业、考古学专业、文物与博物馆学专业、文物保护技术专业、文化遗产专业、文物保护与修复专业,38周岁以下；学位：学士及以上,,,,,,,,,False,False,False,False,False,False,2,45,True,True,True
2026,事业单位,芜湖市,市,,,,镜湖区文化文物保护发展中心,1201095.0,管理岗位,,综合管理类(A类),3,1,本科及以上,新闻传播学类；视觉传达设计专业、数字媒体艺术专业、新媒体艺术专业,38周岁以下；学位：学士及以上,,,,,,,,,False,False,False,False,False,False,2,45,True,True,True
2026,事业单位,芜湖市,市,,,,镜湖区方村卫生院,1201092.0,专业技术岗位,,医疗卫生类(E类),3,1,本科及以上,针灸推拿学专业,38周岁以下；学位：学士及以上；具有执业医师执业证书,,,,,,,,,False,False,False,False,False,False,2,45,True,True,True
2026,事业单位,芜湖市,市,,,,镜湖区疾病预防控制中心,1201087.0,专业技术岗位,,医疗卫生类(E类),3,1,本科及以上,公共卫生与预防医学类,38周岁以下；学位：学士及以上,,,,,,,,,False,False,False,False,False,False,2,45,True,True,True
2026,事业单位,芜湖市,市,,,,镜湖区社会保障服务中心,1201093.0,专业技术岗位,,社会科学专技类(B类),3,1,本科及以上,公共管理类、工业工程类,38周岁以下；学位：学士及以上,,,,,,,,,False,False,False,False,False,False,2,45,True,True,True
2026,事业单位,芜湖市,市,,,,镜湖区赭麓街道便民服务中心,1201099.0,管理岗位,,综合管理类(A类),3,1,本科及以上,经济学类、社会学类、公共管理类,38周岁以下；学位：学士及以上,,,,,,,,,False,False,False,False,False,False,2,45,True,True,True
2026,事业单位,芜湖市,市,,,,马塘街道便民服务中心,1201155.0,管理岗位,,综合管理类(A类),3,1,本科及以上,中国语言文学类、新闻传播学类、公共管理类,38周岁以下；学位：学士及以上,,,,,,,,,False,False,False,False,False,False,2,45,True,True,True
2026,事业单位,芜湖市,市,,,,鸠江区为企服务中心,1201102.0,管理岗位,,综合管理类(A类),3,1,本科及以上,秘书学专业、汉语言专业、汉语言文学专业、新闻学专业、传播学专业,38周岁以下；学位：学士及以上,,,,,,,,,False,False,False,False,False,False,2,45,True,True,True
2026,事业单位,芜湖市,市,,,,鸠江区二坝镇卫生院,1201130.0,专业技术岗位,从事中医科临床岗位工作,医疗卫生类(E类),3,1,本科及以上,中医学专业,38周岁以下；学位：学士及以上；具有执业医师执业证书,,,,,,,,,False,False,False,False,False,False,2,45,True,True,True
2026,事业单位,芜湖市,市,,,,鸠江区农业技术中心,1201116.0,专业技术岗位,需经常下村开展田间调查工作，适合男性报考,自然科学专技类(C类),3,1,本科及以上,农学专业,38周岁以下；学位：学士及以上,,,,,,,,,False,False,False,False,False,False,2,45,True,True,True
2026,事业单位,芜湖市,市,,,,鸠江区农业技术中心,1201117.0,专业技术岗位,需经常下村开展田间调查工作，适合男性报考,自然科学专技类(C类),3,1,本科及以上,园艺专业,38周岁以下；学位：学士及以上,,,,,,,,,False,False,False,False,False,False,2,45,True,True,True
2026,事业单位,芜湖市,市,,,,鸠江区官陡街道社区卫生服务中心,1201143.0,专业技术岗位,从事儿科临床岗位工作,医疗卫生类(E类),3,1,本科及以上,临床医学专业、儿科学专业,38周岁以下；学位：学士及以上；具有执业医师执业证书,,,,,,,,,False,False,False,False,False,False,2,45,True,True,True
2026,事业单位,芜湖市,市,,,,鸠江区官陡街道社区卫生服务中心,1201145.0,专业技术岗位,,医疗卫生类(E类),3,1,本科及以上,预防医学专业、妇幼保健医学专业,38周岁以下；学位：学士及以上,,,,,,,,,False,False,False,False,False,False,2,45,True,True,True
2026,事业单位,芜湖市,市,,,,鸠江区官陡街道社区卫生服务中心,1201146.0,专业技术岗位,从事中医科临床岗位工作,医疗卫生类(E类),3,1,本科及以上,中医学类,38周岁以下；学位：学士及以上；具有执业医师执业证书,,,,,,,,,False,False,False,False,False,False,2,45,True,True,True
2026,事业单位,芜湖市,市,,,,鸠江区文化馆,1201106.0,专业技术岗位,,社会科学专技类(B类),3,1,本科及以上,广播电视学专业、文化产业管理专业,38周岁以下；学位：学士及以上,,,,,,,,,False,False,False,False,False,False,2,45,True,True,True
2026,事业单位,芜湖市,市,,,,鸠江区文化馆,1201107.0,专业技术岗位,,社会科学专技类(B类),3,1,本科及以上,广播电视学专业、文化产业管理专业,38周岁以下；学位：学士及以上；定向招聘服务基层项目人员,,,,,,,,,False,False,False,False,False,False,2,45,True,True,True
2026,事业单位,芜湖市,市,,,,鸠江区机关事务管理服务中心,1201103.0,专业技术岗位,,社会科学专技类(B类),3,1,本科及以上,公共事业管理专业、行政管理专业,38周岁以下；学位：学士及以上,,,,,,,,,False,False,False,False,False,False,2,45,True,True,True
2026,事业单位,芜湖市,市,,,,鸠江区机关事务管理服务中心,1201104.0,管理岗位,,综合管理类(A类),3,1,本科及以上,工程管理专业、工程造价专业,38周岁以下；学位：学士及以上,,,,,,,,,False,False,False,False,False,False,2,45,True,True,True
2026,事业单位,芜湖市,市,,,,鸠江区汤沟镇中心卫生院,1201134.0,专业技术岗位,从事中西医结合临床岗位工作,医疗卫生类(E类),3,1,本科及以上,中西医临床医学专业,38周岁以下；具有执业医师执业证书,,,,,,,,,False,False,False,False,False,False,2,45,True,True,True
2026,事业单位,芜湖市,市,,,,鸠江区沈巷镇便民服务中心,1201118.0,专业技术岗位,,社会科学专技类(B类),3,2,本科及以上,社会学专业、社会工作专业、劳动与社会保障专业,38周岁以下；学位：学士及以上,,,,,,,,,False,False,False,False,False,False,2,50,True,True,True
2026,事业单位,芜湖市,市,,,,鸠江区河道管理所,1201113.0,专业技术岗位,,自然科学专技类(C类),3,2,本科及以上,水利水电工程专业、水务工程专业、水利科学与工程专业,38周岁以下；学位：学士及以上,,,,,,,,,False,False,False,False,False,False,2,50,True,True,True
2026,事业单位,芜湖市,市,,,,鸠江区湾里街道便民服务中心,1201128.0,专业技术岗位,,社会科学专技类(B类),3,1,本科及以上,工程管理专业、法学专业、会计学专业、财务管理专业、物业管理专业,38周岁以下；学位：学士及以上；定向招聘服务基层项目人员,,,,,,,,,False,False,False,False,False,False,2,45,True,True,True
2026,事业单位,芜湖市,市,,,,鸠江区白茆镇中心卫生院,1201138.0,专业技术岗位,从事中医科临床岗位工作,医疗卫生类(E类),3,1,本科及以上,针灸推拿学专业,38周岁以下；学位：学士及以上；具有执业医师执业证书,,,,,,,,,False,False,False,False,False,False,2,45,True,True,True
2026,事业单位,芜湖市,市,,,,鸠江区白茆镇便民服务中心,1201125.0,专业技术岗位,,社会科学专技类(B类),3,1,本科及以上,公共管理类,38周岁以下；学位：学士及以上,,,,,,,,,False,False,False,False,False,False,2,45,True,True,True
2026,事业单位,芜湖市,市,,,,鸠江区知识产权保护与运用中心,1201109.0,专业技术岗位,,自然科学专技类(C类),3,2,本科及以上,机械工程专业、机械设计制造及其自动化专业、材料科学与工程专业、电气工程及其自动化专业、食品科学与工程专业、食品质量与安全专业、安全工程专业,38周岁以下；学位：学士及以上,,,,,,,,,False,False,False,False,False,False,2,50,True,True,True
2026,事业单位,芜湖市,市,,,,鸠江区社会保障服务中心,1201105.0,专业技术岗位,,社会科学专技类(B类),3,1,本科及以上,劳动与社会保障专业,38周岁以下；学位：学士及以上,,,,,,,,,False,False,False,False,False,False,2,45,True,True,True
2026,事业单位,芜湖市,市,,,,鸠江区统计局普查中心,1201108.0,专业技术岗位,,社会科学专技类(B类),3,1,本科及以上,统计学专业、应用统计学专业、经济学专业、经济统计学专业、会计学专业、财务管理专业,38周岁以下；学位：学士及以上,,,,,,,,,False,False,False,False,False,False,2,45,True,True,True
2026,事业单位,芜湖市,市,,,,鸠江区财政局二坝镇财政分局,1201110.0,专业技术岗位,,社会科学专技类(B类),3,1,本科及以上,财政学专业、会计学专业、财务管理专业、税收学专业,38周岁以下；学位：学士及以上,,,,,,,,,False,False,False,False,False,False,2,45,True,True,True
2026,事业单位,芜湖市,市,,,,鸠江区财政局汤沟镇财政所,1201111.0,专业技术岗位,,社会科学专技类(B类),3,1,本科及以上,财政学专业、会计学专业、财务管理专业、税收学专业,38周岁以下；学位：学士及以上；定向招聘服务基层项目人员,,,,,,,,,False,False,False,False,False,False,2,45,True,True,True
2026,事业单位,芜湖市,市,,,,鸠江区财政局沈巷镇财政分局,1201112.0,专业技术岗位,,社会科学专技类(B类),3,1,本科及以上,财政学专业、会计学专业、财务管理专业、税收学专业,38周岁以下；学位：学士及以上,,,,,,,,,False,False,False,False,False,False,2,45,True,True,True
2026,事业单位,蚌埠市,市,,公益一类,,万福镇为民服务中心,507037.0,管理岗位,,综合管理类(A类),3,1,本科及以上,"本科：会计学（120203K）、财务管理（120204）；
研究生：会计学（120201）、企业管理（财务管理方向）（120202）、会计（1253）",38周岁及以下,,,,,,,,,False,False,False,False,False,False,7,35,True,True,True
2026,事业单位,蚌埠市,市,,公益一类,,中共怀远县委党校,507001.0,专业技术岗位,,社会科学专技类(B类),3,1,研究生及以上,研究生：理论经济学（0201）、政治学（0302）、马克思主义理论（0305）,38周岁及以下；学位：硕士及以上,,,,,,,,,False,False,False,False,False,False,7,30,True,True,True
2026,事业单位,蚌埠市,市,,公益一类,,中共怀远县委党校,507002.0,管理岗位,,综合管理类(A类),3,1,研究生及以上,研究生：中国语言文学（0501）、新闻传播学（0503）,38周岁及以下；学位：硕士及以上,,,,,,,,,False,False,False,False,False,False,7,30,True,True,True
2026,事业单位,蚌埠市,市,,公益一类,,"五河县
农业技
术推广
中心",508007.0,专业技术岗位,,社会科学专技类(B类),3,1,本科及以上,"本科：农学（090101）
研究生：作物学（0901）",38周岁及以下；学位：学士及以上,,,,,,,,,False,False,False,False,False,False,7,35,True,True,True
2026,事业单位,蚌埠市,市,,公益一类,,"五河县
头铺镇
财政所",508015.0,专业技术岗位,,综合管理类(A类),3,1,本科及以上,"本科：经济学门类（02）、
会计学（120203K）、
财务管理（120204）
研究生：经济学类（02）、
会计学（120201）、
企业管理（120202）、
会计（1253）","38周岁及以下；学位：学士及以上；具有初级
及以上会
计专业技
术资格",,,,,,,,,False,False,False,False,False,False,7,35,True,True,True
2026,事业单位,蚌埠市,市,,公益一类,,"五河县
文物管
理所（五
河县博
物馆）",508009.0,专业技术岗位,,社会科学专技类(B类),3,1,本科及以上,"本科：历史学类（0601）
研究生：考古学（0601）、
中国史（0602）、
博物馆学（0651）",38周岁及以下；学位：学士及以上,,,,,,,,,False,False,False,False,False,False,7,35,True,True,True
2026,事业单位,蚌埠市,市,,公益一类,,"五河县
新集镇
卫生院
（五河
县精神
卫生中
心）",508011.0,专业技术岗位,,医疗卫生类(E类),3,3,本科及以上,"本科：精神医学
（100205TK）、
临床医学（100201K）
研究生：精神病与精神
卫生学（100205）","38周岁及以下；学位：学士及以上；具有执业
医师资格
证书，从
事临床或
精神科相
关工作 1
年以上。",,,,,,,,,False,False,False,False,False,False,7,45,True,True,True
2026,事业单位,蚌埠市,市,,公益一类,,"五河县
武桥镇
卫生院",508012.0,专业技术岗位,,医疗卫生类(E类),3,1,本科及以上,"本科：药学（100701）
研究生：药学（1007）","38周岁及以下；学位：学士及以上；具有药士
及以上专
业技术资
格。",,,,,,,,,False,False,False,False,False,False,7,35,True,True,True
2026,事业单位,蚌埠市,市,,公益一类,,"五河县
矿产资
源服务
中心",508003.0,专业技术岗位,,自然科学专技类(C类),3,1,本科及以上,"本科：资源勘查工程
（081403）、采矿工程
（081501）
研究生：地质资源与地
质工程（0818）、
矿业工程（0819）",38周岁及以下；学位：学士及以上,,,,,,,,,False,False,False,False,False,False,7,35,True,True,True
2026,事业单位,蚌埠市,市,,公益一类,,兰桥镇为民服务中心,507038.0,管理岗位,,综合管理类(A类),3,1,本科及以上,"本科：管理科学与工程类（1201）、公共管理类（1204）、计算机类（0809）、统计学类（0712）、经济学（020101）、经济统计学（020102）、税收学（020202）、法学（030101K）；
研究生：管理学（12）、计算机科学与技术（0812）、应用经济学（0202）、法学（0301）、法律（0351）",38周岁及以下；学位：学士及以上,,,,,,,,,False,False,False,False,False,False,7,35,True,True,True
2026,事业单位,蚌埠市,市,,公益一类,,包集镇为民服务中心,507049.0,管理岗位,,综合管理类(A类),3,1,本科及以上,"本科：信息管理与信息系统（120102）、公共事业管理（120401）、行政管理（120402）、统计学（071201）；
研究生：管理科学与工程（1201）、公共管理（学）（1204、1252）、统计学（0714）",38周岁及以下；学位：学士及以上,,,,,,,,,False,False,False,False,False,False,7,35,True,True,True
2026,事业单位,蚌埠市,市,,公益一类,,包集镇农业发展服务中心,507050.0,专业技术岗位,,自然科学专技类(C类),3,1,本科及以上,"本科：农学（09）；
研究生：农学（09）",38周岁及以下；学位：学士及以上,,,,,,,,,False,False,False,False,False,False,7,35,True,True,True
2026,事业单位,蚌埠市,市,,公益一类,,双桥集镇为民服务中心,507045.0,管理岗位,,综合管理类(A类),3,1,本科及以上,"本科：工学（08）、管理学（12）、农学（090101）；
研究生：工学（08）、管理学（12）、农学（09）",38周岁及以下；学位：学士及以上,,,,,,,,,False,False,False,False,False,False,7,35,True,True,True
2026,事业单位,蚌埠市,市,,公益一类,,双桥集镇财政所,507046.0,管理岗位,,综合管理类(A类),3,1,本科及以上,"本科：会计学（120203K）、财务管理（120204）；审计学（120207）；
研究生：会计学（120201）、会计（1253）、企业管理（财务管理方向）（120202）、审计（1257、0257）",38周岁及以下；学位：学士及以上,,,,,,,,,False,False,False,False,False,False,7,35,True,True,True
2026,事业单位,蚌埠市,市,,公益一类,,唐集镇为民服务中心,507035.0,管理岗位,,综合管理类(A类),3,1,本科及以上,"本科：社会学（030301）、社会工作（030302）、劳动与社会保障（120403）；
研究生：社会学（030301）、社会工作（0352）、社会保障（120404）",38周岁及以下；学位：学士及以上,,,,,,,,,False,False,False,False,False,False,7,35,True,True,True
2026,事业单位,蚌埠市,市,,公益一类,,固镇县仲兴镇卫生院,509020.0,专业技术岗位,"限本县户籍,最低服务期5年",医疗卫生类(E类),3,1,本科及以上,"本  科：口腔医学（100301K）
研究生：口腔医学（1003、1052）",38周岁及以下；学位：学士及以上；具有执业（助理）医师及以上资格,,,,,,,,,False,False,False,False,False,False,7,35,True,True,True
2026,事业单位,蚌埠市,市,,公益一类,,固镇县仲兴镇卫生院,509021.0,专业技术岗位,"限本县户籍,最低服务期5年",医疗卫生类(E类),3,1,本科及以上,"本  科：医学影像学（100203TK）    
研究生：影像医学与核医学(100207)",38周岁及以下；学位：学士及以上；具有影像和放射治疗专业相关资格,,,,,,,,,False,False,False,False,False,False,7,35,True,True,True
2026,事业单位,蚌埠市,市,,公益一类,,固镇县任桥镇财政所,509010.0,专业技术岗位,"限本县户籍,最低服务期5年",社会科学专技类(B类),3,1,本科及以上,"本  科：会计学(120203K)、
财务管理(120204)、审计学(120207)
研究生：会计学(120201)、会计(1253)、审计(0257、1257)",38周岁及以下；学位：学士及以上；具有初级及以上会计专业技术资格,,,,,,,,,False,False,False,False,False,False,7,35,True,True,True
2026,事业单位,蚌埠市,市,,公益一类,,固镇县国库集中支付中心,509040.0,专业技术岗位,,社会科学专技类(B类),3,3,本科及以上,"本  科：会计学(120203K)、
财务管理(120204)、审计学(120207)、财政学类（0202）、统计学类（0712）、金融学（020301K）、计算机科学与技术（080901）、工商管理类（1202）
研究生：会计学(120201)、会计(1253)、审计(0257、1257)、统计学(020208)、金融(0251)",38周岁及以下；学位：学士及以上,,,,,,,,,False,False,False,False,False,False,7,45,True,True,True
2026,事业单位,蚌埠市,市,,公益一类,,固镇县大数据中心,509043.0,专业技术岗位,,社会科学专技类(B类),3,1,本科及以上,"本  科：计算机科学与技术（080901）、软件工程（080902）、网络工程（080903）、信息安全（080904K）、电子信息工程（080701）、通信工程（080703）、数据科学与大数据技术（080910T）
研究生：信息与通信工程（0810）、计算机科学与技术（0812）、电子信息（0854）、软件工程（0835）、网络空间安全（0839）",38周岁及以下；学位：学士及以上,,,,,,,,,False,False,False,False,False,False,7,35,True,True,True
2026,事业单位,蚌埠市,市,,公益一类,,固镇县政府债务管理中心,509041.0,专业技术岗位,,社会科学专技类(B类),3,1,本科及以上,"本  科：会计学(120203K)、
财务管理(120204)、审计学(120207)、财政学类（0202）、统计学类（0712）、金融学（020301K）、计算机科学与技术（080901）、工商管理类（1202）
研究生：会计学(120201)、会计(1253)、审计(0257、1257)、统计学(020208)、金融(0251)",38周岁及以下；学位：学士及以上,,,,,,,,,False,False,False,False,False,False,7,35,True,True,True
2026,事业单位,蚌埠市,市,,公益一类,,固镇县新马桥镇中心卫生院,509023.0,专业技术岗位,,医疗卫生类(E类),3,1,本科及以上,"本  科：口腔医学（100301K）
研究生：口腔医学（1003、1052）",38周岁及以下；学位：学士及以上；具有执业（助理）医师及以上资格,,,,,,,,,False,False,False,False,False,False,7,35,True,True,True
2026,事业单位,蚌埠市,市,,公益一类,,固镇县新马桥镇中心卫生院,509025.0,专业技术岗位,,医疗卫生类(E类),3,1,本科及以上,"本  科：药学（100701）
研究生：药学（1007、1055）",38周岁及以下；学位：学士及以上；具有药士及以上资格,,,,,,,,,False,False,False,False,False,False,7,35,True,True,True
2026,事业单位,蚌埠市,市,,公益一类,,固镇县新马桥镇经济发展服务中心,509002.0,专业技术岗位,,自然科学专技类(C类),3,1,本科及以上,"本  科：农学(09)
研究生：农学(09)",38周岁及以下；学位：学士及以上,,,,,,,,,False,False,False,False,False,False,7,35,True,True,True
2026,事业单位,蚌埠市,市,,公益一类,,固镇县杨庙镇卫生院,509014.0,专业技术岗位,,医疗卫生类(E类),3,1,本科及以上,"本  科：中医学（100501K）
研究生：中医学（1005）、中医（1057）",38周岁及以下；学位：学士及以上；具有中医执业（助理）医师及以上资格,,,,,,,,,False,False,False,False,False,False,7,35,True,True,True
2026,事业单位,蚌埠市,市,,公益一类,,固镇县杨庙镇经济发展服务中心,509011.0,专业技术岗位,"限本县户籍,最低服务期5年",社会科学专技类(B类),3,1,本科及以上,"本  科：经济学（02）、会计学(120203K)、财务管理(120204)、审计学(120207)
研究生：应用经济学（0202）、会计学(120201)、会计(1253)、审计(0257、1257)",38周岁及以下；学位：学士及以上,,,,,,,,,False,False,False,False,False,False,7,35,True,True,True
2026,事业单位,蚌埠市,市,,公益一类,,固镇县王庄镇为民服务中心,509004.0,专业技术岗位,"限本县户籍,最低服务期5年",社会科学专技类(B类),3,1,本科及以上,"本  科：会计学(120203K)、
财务管理(120204)、审计学(120207)
研究生：会计学(120201)、会计(1253)、审计(0257、1257)",38周岁及以下；学位：学士及以上；具有初级及以上会计专业技术资格,,,,,,,,,False,False,False,False,False,False,7,35,True,True,True
2026,事业单位,蚌埠市,市,,公益一类,,固镇县石湖乡农业农村发展服务中心,509008.0,专业技术岗位,"限本县户籍,最低服务期5年",社会科学专技类(B类),3,1,本科及以上,"本  科：经济学（02）、会计学(120203K)、财务管理（120204）、审计学（120207）
研究生：经济学（02）、会计学（120201）、金融（0251）、会计（1253）、审计(0257、1257)",38周岁及以下；学位：学士及以上,,,,,,,,,False,False,False,False,False,False,7,35,True,True,True
2026,事业单位,蚌埠市,市,,公益一类,,固镇县石湖乡卫生院,509033.0,专业技术岗位,,医疗卫生类(E类),3,1,本科及以上,"本  科：预防医学（100401K）
研究生：公共卫生与预防医学（1004）、公共卫生（1053）",38周岁及以下；学位：学士及以上；具有公卫执业（助理）医师及以上资格,,,,,,,,,False,False,False,False,False,False,7,35,True,True,True
2026,事业单位,蚌埠市,市,,公益一类,,固镇县第二人民医院（固镇县谷阳镇卫生院）,509028.0,专业技术岗位,,医疗卫生类(E类),3,1,本科及以上,"本  科：预防医学（100401K）
研究生：公共卫生与预防医学（1004）、公共卫生（1053）",38周岁及以下；学位：学士及以上；具有公卫执业（助理）医师及以上资格,,,,,,,,,False,False,False,False,False,False,7,35,True,True,True
2026,事业单位,蚌埠市,市,,公益一类,,固镇县第二人民医院（固镇县谷阳镇卫生院）,509029.0,专业技术岗位,,医疗卫生类(E类),3,1,本科及以上,"本  科：药学（100701）
研究生：药学（1007、1055）",38周岁及以下；学位：学士及以上；具有药士及以上资格,,,,,,,,,False,False,False,False,False,False,7,35,True,True,True
2026,事业单位,蚌埠市,市,,公益一类,,固镇县第二人民医院（固镇县谷阳镇卫生院）,509031.0,专业技术岗位,,医疗卫生类(E类),3,1,本科及以上,"本  科：中医学（100501K）
研究生：中医学（1005）、中医（1057）",38周岁及以下；学位：学士及以上；具有中医执业（助理）医师及以上资格,,,,,,,,,False,False,False,False,False,False,7,35,True,True,True
2026,事业单位,蚌埠市,市,,公益一类,,固镇县谷阳镇农业农村发展服务中心,509001.0,专业技术岗位,,自然科学专技类(C类),3,1,本科及以上,"本  科：农学(09)
研究生：农学(09)",38周岁及以下；学位：学士及以上,,,,,,,,,False,False,False,False,False,False,7,35,True,True,True
2026,事业单位,蚌埠市,市,,公益一类,,固镇县连城镇农业农村发展服务中心,509006.0,专业技术岗位,,自然科学专技类(C类),3,1,本科及以上,"本  科：法学类（0301）、土木工程（081001）、测绘工程（081201）、城乡规划（082802）、农学（090101）、农业资源与环境（090201）、设施农业科学与工程（090106）
研究生：法学（0301）、土木工程（0814）、土木工程（085901）、测绘科学与技术（0816）、城乡规划学（0833）、农业资源与环境（0903）",38周岁及以下；学位：学士及以上,,,,,,,,,False,False,False,False,False,False,7,35,True,True,True
2026,事业单位,蚌埠市,市,,公益一类,,固镇县连城镇卫生院,509019.0,专业技术岗位,,医疗卫生类(E类),3,1,本科及以上,"本  科：预防医学（100401K）
研究生：公共卫生与预防医学（1004）、公共卫生（1053）",38周岁及以下；学位：学士及以上；具有公卫执业（助理）医师及以上资格,,,,,,,,,False,False,False,False,False,False,7,35,True,True,True
2026,事业单位,蚌埠市,市,,公益一类,,固镇县重点工程建设中心,509038.0,专业技术岗位,,综合管理类(A类),3,1,本科及以上,"本  科：土木工程（081001）、建筑学（082801）、工程管理（120103）、工程造价（120105） 
研究生：土木工程（085901）、建筑学（0813、0851）、工程管理（1256）",38周岁及以下；学位：学士及以上,,,,,,,,,False,False,False,False,False,False,7,35,True,True,True
2026,事业单位,蚌埠市,市,,公益一类,,固镇县项目服务中心,509036.0,专业技术岗位,,社会科学专技类(B类),3,1,本科及以上,"本  科：经济学类（0201）
研究生：经济学类（02）",38周岁及以下；学位：学士及以上,,,,,,,,,False,False,False,False,False,False,7,35,True,True,True
2026,事业单位,蚌埠市,市,,公益一类,,固镇县项目服务中心,509037.0,管理岗位,,综合管理类(A类),3,1,本科及以上,"本  科：经济学类（0201）
研究生：经济学类（02）",38周岁及以下；学位：学士及以上,,,,,,,,,False,False,False,False,False,False,7,35,True,True,True
2026,事业单位,蚌埠市,市,,公益一类,,徐圩乡农业发展服务中心,507033.0,专业技术岗位,,自然科学专技类(C类),3,1,本科及以上,"本科：水利类（0811）；
研究生：水利工程（0815）",38周岁及以下；学位：学士及以上,,,,,,,,,False,False,False,False,False,False,7,35,True,True,True
2026,事业单位,蚌埠市,市,,公益一类,,怀远县人才综合服务中心,507013.0,专业技术岗位,,社会科学专技类(B类),3,1,本科及以上,"本科：会计学（120203K）、财务管理（120204）；
研究生：会计学（120201）、企业管理（120202）、会计（1253）",38周岁及以下；学位：学士及以上,,,,,,,,,False,False,False,False,False,False,7,35,True,True,True
2026,事业单位,蚌埠市,市,,公益一类,,怀远县农业技术推广中心,507020.0,专业技术岗位,野外作业，条件艰苦，适合男性报考,自然科学专技类(C类),3,1,本科及以上,"本科：农学（090101）、植物保护（090103）、农业资源与环境（090201）；
研究生：作物栽培学与耕作学（090101）、蔬菜学（090202）、土壤学（090301）、植物病理学（090401）、农业昆虫与害虫防治（090402）",38周岁及以下；学位：学士及以上,,,,,,,,,False,False,False,False,False,False,7,35,True,True,True
2026,事业单位,蚌埠市,市,,公益一类,,怀远县市场监管综合行政执法大队,507025.0,管理岗位,,综合管理类(A类),3,1,本科及以上,"本科：食品质量与安全（082702）、食品科学与工程（082701）；
研究生：食品科学与工程（0832）",38周岁及以下,,,,,,,,,False,False,False,False,False,False,7,35,True,True,True
2026,事业单位,蚌埠市,市,,公益一类,,怀远县急救中心,507028.0,专业技术岗位,,自然科学专技类(C类),3,1,本科及以上,"本科：计算机类（0809）；
研究生：计算机科学与技术(0812)、电子信息（0854）",38周岁及以下；学位：学士及以上,,,,,,,,,False,False,False,False,False,False,7,35,True,True,True
2026,事业单位,蚌埠市,市,,公益一类,,怀远县急救中心,507029.0,专业技术岗位,,医疗卫生类(E类),3,1,本科及以上,"本科：医学门类（10）；
研究生：医学（10）",38周岁及以下；学位：学士及以上,,,,,,,,,False,False,False,False,False,False,7,35,True,True,True
2026,事业单位,蚌埠市,市,,公益一类,,怀远县文化馆,507022.0,专业技术岗位,,社会科学专技类(B类),3,1,本科及以上,"本科：会计学（120203K）、财务管理（120204）；
研究生：会计学（120201）、企业管理（财务管理方向）（120202）、会计（1253）",38周岁及以下；学位：学士及以上,,,,,,,,,False,False,False,False,False,False,7,35,True,True,True
2026,事业单位,蚌埠市,市,,公益一类,,怀远县社会保险事业管理中心,507014.0,专业技术岗位,,自然科学专技类(C类),3,1,本科及以上,"本科：计算机科学与技术（080901）、数据科学与大数据技术（080910T）、网络工程（080903）；
研究生：工学（08）",38周岁及以下,,,,,,,,,False,False,False,False,False,False,7,35,True,True,True
2026,事业单位,蚌埠市,市,,公益一类,,怀远县统计局普查中心,507026.0,专业技术岗位,,社会科学专技类(B类),3,1,本科及以上,"本科：统计学类（0712）、经济学类（0201）、数学类（0701）、工商管理类（1202）；
研究生：统计学（020208）、统计学（0714）、经济学类（02）、数学（0701）；工商管理（学）（1251、1202）",38周岁及以下；学位：学士及以上,,,,,,,,,False,False,False,False,False,False,7,35,True,True,True
2026,事业单位,蚌埠市,市,,公益一类,,怀远县老干部活动中心,507004.0,管理岗位,,综合管理类(A类),3,2,本科及以上,"本科：管理科学与工程类（1201）、工商管理类（1202）、公共管理类（1204）；
研究生：管理学（12）",38周岁及以下,,,,,,,,,False,False,False,False,False,False,7,40,True,True,True
2026,事业单位,蚌埠市,市,,公益一类,,怀远县融媒体中心,507006.0,专业技术岗位,,社会科学专技类(B类),3,1,大专及以上,"专科：播音与主持（660202）；
本科：播音与主持艺术（130309）；
研究生：戏剧与影视（1354）",38周岁及以下；普通话一级乙等以上,,,,,,,,,False,False,False,False,False,False,7,33,True,True,True
2026,事业单位,蚌埠市,市,,公益一类,,怀远县融媒体中心,507007.0,专业技术岗位,,社会科学专技类(B类),3,2,本科及以上,"本科：新闻学（050301）、数字媒体技术（080906）、数字媒体艺术（130508）、影视摄影与制作（130311T）、网络与新媒体（050306T、广播电视编导（130305‌）；
研究生：新闻传播学（0503）、新闻与传播（0552）、戏剧与影视（1354）、计算机科学与技术（0812）、设计学（1403）、设计（1357）",38周岁及以下；学位：学士及以上,,,,,,,,,False,False,False,False,False,False,7,40,True,True,True
2026,事业单位,蚌埠市,市,,公益一类,,怀远县道路运输管理服务中心,507015.0,管理岗位,,综合管理类(A类),3,1,本科及以上,"本科：物流管理与工程类（1206）；
研究生：工程管理（1256）",38周岁及以下；学位：学士及以上,,,,,,,,,False,False,False,False,False,False,7,35,True,True,True
2026,事业单位,蚌埠市,市,,公益一类,,怀远县道路运输管理服务中心,507016.0,管理岗位,,综合管理类(A类),3,1,本科及以上,"本科：交通运输类（0818）；
研究生：交通运输工程（0823）",38周岁及以下；学位：学士及以上,,,,,,,,,False,False,False,False,False,False,7,35,True,True,True
2026,事业单位,蚌埠市,市,,公益一类,,怀远县重点工程建设中心,507005.0,管理岗位,,综合管理类(A类),3,1,本科及以上,"本科：土木工程（081001）、工程管理（120103）；
研究生：土木工程（0814）、土木工程（085901）、管理科学与工程（1201）、工程管理（1256）",38周岁及以下,,,,,,,,,False,False,False,False,False,False,7,35,True,True,True
2026,事业单位,蚌埠市,市,,公益一类,,怀远县金融发展促进中心,507012.0,专业技术岗位,,社会科学专技类(B类),3,1,本科及以上,"本科：会计学（120203K）、审计学（120207）；
研究生：会计学(120201)、会计(1253)、审计(1257)、审计（0257）",38周岁及以下；学位：学士及以上,,,,,,,,,False,False,False,False,False,False,7,35,True,True,True
2026,事业单位,蚌埠市,市,,公益一类,,榴城镇财政所,507034.0,专业技术岗位,,社会科学专技类(B类),3,1,本科及以上,"本科：会计学（120203K)、审计学(120207)；
研究生：会计学（120201)、企业管理（财务管理方向）（120202）、审计(0257、1257)、会计（1253）",38周岁及以下；学位：学士及以上,,,,,,,,,False,False,False,False,False,False,7,35,True,True,True
2026,事业单位,蚌埠市,市,,公益一类,,河溜镇为民服务中心,507041.0,管理岗位,,综合管理类(A类),3,1,本科及以上,"本科：汉语言文学（050101）、计算机科学与技术（080901）、法学（030101K）；
研究生：中国语言文学（0501）、计算机科学与技术（0812）、法学（0301）、法律（0351）",38周岁及以下；学位：学士及以上,,,,,,,,,False,False,False,False,False,False,7,35,True,True,True
2026,事业单位,蚌埠市,市,,公益一类,,河溜镇财政所,507042.0,专业技术岗位,,社会科学专技类(B类),3,1,本科及以上,"本科：会计学（120203K）、财务管理（120204）、审计学（120207）；
研究生：会计学（120201）、会计（1253）、企业管理（120202）、审计（1257、0257）",38周岁及以下；学位：学士及以上,,,,,,,,,False,False,False,False,False,False,7,35,True,True,True
2026,事业单位,蚌埠市,市,,公益一类,,蚌埠市公共资源交易中心怀远分中心,507009.0,专业技术岗位,经常加班，适合男性报考,自然科学专技类(C类),3,1,本科及以上,"本科：计算机科学与技术（080901）、软件工程（080902）、网络工程（080903）、信息安全（080904K）；
研究生：计算机科学与技术（0812）",38周岁及以下；学位：学士及以上,,,,,,,,,False,False,False,False,False,False,7,35,True,True,True
2026,事业单位,蚌埠市,市,,公益一类,,蚌埠市淮上区农业综合服务站　,504001.0,专业技术岗位,经常深入田间地头，条件艰苦，适合男性。,自然科学专技类(C类),3,1,本科及以上,"本科：农学（090101）、植物保护（090103）、建筑学（082801）、城乡规划（082802）；
研究生：农学（09）、建筑学（0813）、建筑（0851）、城乡规划（0853)、城乡规划学（0833）。",38周岁及以下；学位：学士及以上,,,,,,,,,False,False,False,False,False,False,7,35,True,True,True
2026,事业单位,蚌埠市,市,,公益一类,,蚌埠市淮上区农业综合行政执法大队,504002.0,专业技术岗位,需要参加夜间、水上、野外等执法工作，适合男性。,社会科学专技类(B类),3,1,本科及以上,"本科：经济学类（0201）、金融学类（0203）；
研究生：经济学（02）、金融（0251）。",38周岁及以下；学位：学士及以上,,,,,,,,,False,False,False,False,False,False,7,35,True,True,True
2026,事业单位,蚌埠市,市,,公益一类,,蚌埠市淮上区小蚌埠镇经济发展服务中心,504005.0,专业技术岗位,,自然科学专技类(C类),3,1,本科及以上,"本科：建筑学（082801）、城乡规划（082802）、城市设计（082806T）；
研究生：建筑学（0813）、建筑（0851）、城乡规划（0853)、城乡规划学（0833）。",38周岁以下；学位：学士及以上,,,,,,,,,False,False,False,False,False,False,7,35,True,True,True
2026,事业单位,蚌埠市,市,,公益一类,,蚌埠市禹会区城市管理综合行政执法大队,503001.0,管理岗位,,综合管理类(A类),3,1,本科及以上,"本科：会计学(120203K)、财务管理(120204)、审计学（120207）；
研究生：会计学(120201)、企业管理(财务管理方向)(120202)、会计(1253)、审计（0257、1257）。",38周岁及以下；学位：学士及以上；具有两年及以上财务相关工作经历。,,,,,,,,,False,False,False,False,False,False,7,35,True,True,True
2026,事业单位,蚌埠市,市,,公益一类,,蚌埠市禹会区朝阳街道综合执法队,503002.0,管理岗位,,综合管理类(A类),3,1,本科及以上,"本科:消防工程（083102K）、工商管理类（1202）、经济学类（0201）、法学类（0301）；
研究生：工商管理学（1202）、工商管理(1251)、公共管理学（1204）、应用经济学（0202）、法学（0301）、法律（0351）。",38周岁及以下；学位：学士及以上,,,,,,,,,False,False,False,False,False,False,7,35,True,True,True
2026,事业单位,蚌埠市,市,,公益一类,,蚌埠市禹会区钓鱼台街道综合执法队,503006.0,管理岗位,,综合管理类(A类),3,1,本科及以上,"本科：经济学类(0201)、法学类(0301)、电子信息类(0807)、工商管理类(1202)；
研究生：应用经济学(0202)、法学(0301)、法律(0351)、电子信息(0854)、电子科学与技术(0809)、信息与通信工程(0810)、工商管理学(1202)、工商管理(1251)。",38周岁及以下；学位：学士及以上,,,,,,,,,False,False,False,False,False,False,7,35,True,True,True
2026,事业单位,蚌埠市,市,,公益一类,,蚌埠市蚌山区劳动人事争议仲裁院,502001.0,管理岗位,在基层一线工作，工作以外勤为主，经常加班。,综合管理类(A类),3,1,本科及以上,"本科:法学类（0301）；
研究生：法学（0301）、法律（0351）。",38周岁及以下；学位：学士及以上,,,,,,,,,False,False,False,False,False,False,7,35,True,True,True
2026,事业单位,蚌埠市,市,,公益一类,,蚌埠市蚌山区社会治安综合治理中心,502005.0,管理岗位,,综合管理类(A类),3,1,本科及以上,"本科：法学类（0301）；
研究生：法学（0301）、法律（0351）。",38周岁及以下；学位：学士及以上,,,,,,,,,False,False,False,False,False,False,7,35,True,True,True
2026,事业单位,蚌埠市,市,,公益一类,,蚌埠市蚌山区网络安全应急中心,502004.0,管理岗位,,综合管理类(A类),3,1,本科及以上,"本科：计算机科学与技术（080901）、网络工程（080903）、
信息安全（080904K）、公共事业管理（120401)；
研究生：计算机科学与技术（0812）、网络空间安全（0839）、公共管理学(1204)、公共管理(1252)。
",38周岁及以下；学位：学士及以上,,,,,,,,,False,False,False,False,False,False,7,35,True,True,True
2026,事业单位,蚌埠市,市,,公益一类,,蚌埠市蚌山区财政支付中心,502006.0,管理岗位,,综合管理类(A类),3,1,本科及以上,"本科：经济学 (020101)、财政学 (020201K)、金融学 (020301K)、会计学（120203K）、财务管理（120204）、审计学（120207）； 
研究生：应用经济学(0202)、金融(0251)、会计(1253)、会计学（120201）、审计（0257、1257）。",38周岁及以下；学位：学士及以上,,,,,,,,,False,False,False,False,False,False,7,35,True,True,True
2026,事业单位,蚌埠市,市,,公益一类,,蚌埠市龙子湖区东升街道综合执法队,501007.0,管理岗位,,综合管理类(A类),3,1,本科及以上,"本科：法学类（0301）；
研究生：法学（0301）、法律（0351）。",38周岁及以下；学位：学士及以上,,,,,,,,,False,False,False,False,False,False,7,35,True,True,True
2026,事业单位,蚌埠市,市,,公益一类,,蚌埠市龙子湖区东升街道综合执法队,501008.0,管理岗位,,综合管理类(A类),3,1,本科及以上,"本科：汉语言文学（050101）、新闻传播学类（0503）；
研究生：汉语言文字学（050103）、新闻传播学（0503）。",38周岁及以下；学位：学士及以上,,,,,,,,,False,False,False,False,False,False,7,35,True,True,True
2026,事业单位,蚌埠市,市,,公益一类,,蚌埠市龙子湖区东风街道综合执法队,501006.0,管理岗位,,综合管理类(A类),3,1,本科及以上,"本科：经济学（02）；
研究生：经济学（02）。",38周岁及以下；学位：学士及以上,,,,,,,,,False,False,False,False,False,False,7,35,True,True,True
2026,事业单位,蚌埠市,市,,公益一类,,蚌埠市龙子湖区人才综合服务中心,501005.0,管理岗位,,综合管理类(A类),3,1,本科及以上,"本科：会计学(120203K)、财务管理(120204)、审计学（120207）；
研究生：会计学(120201)、企业管理(财务管理方向)(120202)、会计(1253)、审计（0257、1257）。",38周岁及以下；学位：学士及以上,,,,,,,,,False,False,False,False,False,False,7,35,True,True,True
2026,事业单位,蚌埠市,市,,公益一类,,蚌埠市龙子湖区城市管理综合行政执法大队,501001.0,管理岗位,,综合管理类(A类),3,1,研究生及以上,研究生：法学（0301）、法律（0351）。,38周岁及以下；学位：硕士及以上；限男性,,,,,,,,,False,False,False,False,False,False,7,30,True,True,True
2026,事业单位,蚌埠市,市,,公益一类,,蚌埠市龙子湖区城市管理综合行政执法大队,501002.0,管理岗位,,综合管理类(A类),3,1,研究生及以上,研究生：法学（0301）、法律（0351）。,38周岁及以下；学位：硕士及以上；限女性,,,,,,,,,False,False,False,False,False,False,7,30,True,True,True
2026,事业单位,蚌埠市,市,,公益一类,,蚌埠市龙子湖区妇幼保健计划生育服务中心,501009.0,专业技术岗位,,医疗卫生类(E类),3,1,本科及以上,"本科：临床医学类(1002)、公共卫生与预防医学类(1004)；
研究生：临床医学（1002、1051)、公共卫生与预防医学（1004）、公共卫生（1053）。",38周岁及以下；学位：学士及以上,,,,,,,,,False,False,False,False,False,False,7,35,True,True,True
2026,事业单位,蚌埠市,市,,公益一类,,蚌埠市龙子湖区市政养护管理所,501003.0,专业技术岗位,该岗位工作涉及户外作业，经常加班，适合男性。,自然科学专技类(C类),3,1,本科及以上,"本科：土木类(0810)、水利类(0811)、交通运输类(0818)、建筑类(0828)；
研究生：土木工程(0814)、水利工程(0815)、交通运输工程(0823)、土木工程（085901）、建筑学（0813）、建筑（0851）。",38周岁及以下；学位：学士及以上,,,,,,,,,False,False,False,False,False,False,7,35,True,True,True
2026,事业单位,蚌埠市,市,,公益一类,,蚌埠市龙子湖区应急管理综合行政执法大队,501004.0,管理岗位,经常开展夜间执法，需要24小时值班，适合男性。,综合管理类(A类),3,1,本科及以上,"本科：化学类（0703）、机械类（0802）、电子信息类（0807）、计算机类（0809）、水利类（0811）、安全科学与工程类（0829）、土木类(0810)；
研究生：机械工程（0802）、计算机科学与技术（0812）、机械(0855)、电子科学与技术(0809)、信息与通信工程(0810)、电子信息(0854)、水利工程(0815)、土木水利(0859)、 土木工程（0814）、土木工程（085901）、化学工程与技术（0817）。",38周岁及以下；学位：学士及以上,,,,,,,,,False,False,False,False,False,False,7,35,True,True,True
2026,事业单位,蚌埠市,市,,公益 一类,,蚌埠经济开发区长淮卫镇中心卫生院,506002.0,专业技术岗位,,医疗卫生类(E类),3,1,本科及以上,"本科:医学影像学(100203TK)；
研究生:影像医学与核医学(100207)。",38周岁及以下；学位：学士及以上；具有初级及以上卫生专业技术资格书。,,,,,,,,,False,False,False,False,False,False,7,35,True,True,True
2026,事业单位,蚌埠市,市,,公益一类,,蚌埠高新区城市管理综合行政执法大队,505001.0,管理岗位,,综合管理类(A类),3,1,本科及以上,"本科：给排水科学与工程(081003)、城市水系统工程（081011T）；
研究生：土木工程（0814）、土木工程（085901）。",38周岁及以下；学位：学士及以上,,,,,,,,,False,False,False,False,False,False,7,35,True,True,True
2026,事业单位,蚌埠市,市,,公益一类,,蚌埠高新区秦集卫生院,505002.0,专业技术岗位,,医疗卫生类(E类),3,1,本科及以上,"本科：医学影像学(100203TK)；
研究生：影像医学与核医学(100207)。",38周岁及以下；学位：学士及以上；具有执业医师及以上资格；具有三年及以上临床工作经验。,,,,,,,,,False,False,False,False,False,False,7,35,True,True,True
2026,事业单位,蚌埠市,市,,公益一类,,褚集镇财政所,507044.0,专业技术岗位,,社会科学专技类(B类),3,1,本科及以上,"本科：会计学（120203K）、财务管理（120204）；金融学（020301K）、金融工程（020302）、财政学（020201K)；
研究生：会计学（120201）、企业管理（财务管理方向）（120202）、会计（1253）财政学（含：税收学）（020203）、金融学（含：保险学）（020204）、金融（0251）",38周岁及以下,,,,,,,,,False,False,False,False,False,False,7,35,True,True,True
2026,事业单位,蚌埠市,市,,公益一类,,陈集镇财政所,507051.0,专业技术岗位,,社会科学专技类(B类),3,1,本科及以上,"本科：会计学（120203K）、财务管理（120204）；
研究生：会计学（120201）、企业管理（财务管理方向）（120202）、会计（1253）",38周岁及以下；学位：学士及以上,,,,,,,,,False,False,False,False,False,False,7,35,True,True,True
2026,事业单位,蚌埠市,市,,公益一类,,魏庄镇农业发展服务中心,507053.0,专业技术岗位,,社会科学专技类(B类),3,1,本科及以上,"本科：会计学（120203K）、财务管理（120204）；
研究生：会计学（120201）、企业管理（财务管理方向）（120202）、会计（1253）",38周岁及以下；仅限怀远县户籍，需在本乡镇服务5年,,,,,,,,,False,False,False,False,True,False,7,35,True,True,True
2026,事业单位,蚌埠市,市,,公益一类,,魏庄镇农业发展服务中心,507054.0,专业技术岗位,,自然科学专技类(C类),3,1,本科及以上,"本科：农学（09）；
研究生：农学（09）",38周岁及以下；仅限怀远县户籍，需在本乡镇服务5年,,,,,,,,,False,False,False,False,True,False,7,35,True,True,True
2026,事业单位,蚌埠市,市,,公益一类,,龙亢镇农业发展服务中心,507040.0,管理岗位,,综合管理类(A类),3,1,本科及以上,"本科：畜牧业类（2103）、农学（09）、农业水利工程（082305）、农业工程（082301）、会计学（120203K）；
研究生：农学（09）、水利工程（0815）、农业工程（0828）、会计学（120201）、会计（1253）",38周岁及以下,,,,,,,,,False,False,False,False,False,False,7,35,True,True,True
2026,事业单位,蚌埠市,市,,公益一类,,龙亢镇财政所,507039.0,管理岗位,,综合管理类(A类),3,1,本科及以上,"本科：经济学（020101）、会计学（120203K）、财务管理(120204)、审计学(120207)；
研究生：会计（1253）、工商管理(学)（1202、1251）、审计（1257、0257）、经济学（02）",38周岁及以下,,,,,,,,,False,False,False,False,False,False,7,35,True,True,True
2026,事业单位,铜陵市,市,,,,中共铜陵市郊区区委党校,1405001.0,管理,,自然科学专技类(C类),3,1,本科及以上,"本科：计算机类（0809）
研究生：计算机科学与技术类（0812）",38周岁以下；学位：学士及以上；中共党员,,,,,,,,,False,False,False,False,False,False,12,35,True,True,True
2026,事业单位,铜陵市,市,,,,便民服务中心,1405011.0,管理,,综合管理类(A类),3,1,本科及以上,"本科：财务管理专业（120204)
硕士研究生：工商管理类（1202）",38周岁以下；学位：不限,,,,,,,,,False,False,False,False,False,False,12,35,True,True,True
2026,事业单位,铜陵市,市,,,,周潭镇自然资源和规划所,1401038.0,专技,本岗位为基层一线岗位，工作强度大，汛期和森林火灾易发期需经常加班。,社会科学专技类(B类),3,1,本科及以上,"本科：土地资源管理专业（120404）
硕士研究生: 土地资源管理专业(120405)",38周岁以下；学位：学士及以上,,,,,,,,,False,False,False,False,False,False,12,35,True,True,True
2026,事业单位,铜陵市,市,,,,大通镇自然资源和规划所,1401036.0,专技,本岗位为基层一线岗位，工作强度大，汛期和森林火灾易发期需经常加班。,自然科学专技类(C类),3,1,本科及以上,"本科：城乡规划专业（082802）、人文地理与城乡规划专业（070503）、林学类（0905）
硕士研究生：城市规划与设计专业（081303）、城乡规划学类（0833）、城乡规划类（0853）、林学类（0907）",38周岁以下；学位：学士及以上,,,,,,,,,False,False,False,False,False,False,12,35,True,True,True
2026,事业单位,铜陵市,市,,,,天门镇自然资源和规划所,1401034.0,专技,本岗位为基层一线岗位，工作强度大，汛期和森林火灾易发期需经常加班。,社会科学专技类(B类),3,1,本科及以上,"本科:汉语言文学专业(050101)、汉语言专业(050102)
硕士研究生:中国语言文学类(0501)",38周岁以下；学位：学士及以上,,,,,,,,,False,False,False,False,False,False,12,35,True,True,True
2026,事业单位,铜陵市,市,,,,市专用通信局,1401003.0,专技,,自然科学专技类(C类),3,1,本科及以上,"本科：电子信息类(0807)、计算机类(0809)
硕士研究生：电子科学与技术类(0809)、信息与通信工程类(0810)、计算机科学与技术类(0812)",38周岁以下；学位：学士及以上；中共党员,,,,,,,,,False,False,False,False,False,False,12,35,True,True,True
2026,事业单位,铜陵市,市,,,,市中医医院,1401066.0,专技,,医疗卫生类(E类),3,1,研究生及以上,硕士研究生：外科学专业（105111）、中医外科学专业（100507）,"38周岁以下；学位：硕士及以上；1.具有执业医师资格及住院医师规范化培训合格证书；
2.一年及以上本专业工作经历。",,,,,,,,,False,False,False,False,False,False,12,30,True,True,True
2026,事业单位,铜陵市,市,,,,市中医医院,1401067.0,专技,,医疗卫生类(E类),3,1,研究生及以上,硕士研究生：超声医学专业（105124）,"38周岁以下；学位：硕士及以上；1.具有执业医师资格及住院医师规范化培训合格证书；
2.一年及以上本专业工作经历。",,,,,,,,,False,False,False,False,False,False,12,30,True,True,True
2026,事业单位,铜陵市,市,,,,市中医医院,1401068.0,专技,,医疗卫生类(E类),3,3,研究生及以上,硕士研究生：中医内科学专业（100506）、中医五官科学专业（100511）、民族医学专业(100513)、中西医结合临床专业（100602）,"38周岁以下；学位：硕士及以上；1.具有执业医师资格及住院医师规范化培训合格证书；
2.一年及以上本专业工作经历。",,,,,,,,,False,False,False,False,False,False,12,40,True,True,True
2026,事业单位,铜陵市,市,,,,市中心血站,1401077.0,专技,,医疗卫生类(E类),3,1,本科及以上,"本科：临床医学专业（100201K）
硕士研究生：临床医学类（1002）、临床医学（1051）",38周岁以下；学位：学士及以上；具有执业医师资格证书,,,,,,,,,False,False,False,False,False,False,12,35,True,True,True
2026,事业单位,铜陵市,市,,,,市交通运输综合行政执法支队,1401048.0,管理,主要从事道路、水路等一线执法工作，工作强度大，需值夜班且经常加班,综合管理类(A类),3,2,本科及以上,"本科：法学专业（030101k）
硕士研究生：法学类（0301）、法律（0351）",38周岁以下；学位：不限；须通过国家统一法律职业资格考试，取得法律职业资格证书（A证）,,,,,,,,,False,False,False,False,False,False,12,40,True,True,True
2026,事业单位,铜陵市,市,,,,市交通运输综合行政执法支队,1401049.0,管理,主要从事道路、水路等一线执法工作，工作强度大，需值夜班且经常加班,综合管理类(A类),3,1,本科及以上,"本科：法学专业（030101k）
硕士研究生：法学类（0301）、法律（0351）",38周岁以下；学位：不限,,,,,,,,,False,False,False,False,False,False,12,35,True,True,True
2026,事业单位,铜陵市,市,,,,市人力资源培训中心,1401030.0,专技,,社会科学专技类(B类),3,1,本科及以上,"本科：经济学专业(020101)、经济统计学专业(020102)、财务管理专业（120204）
研究生：应用经济学类(0202)、企业管理专业( 120202 )（含：财务管理、市场营销、人力资源管理）",38周岁以下；学位：学士及以上,,,,,,,,,False,False,False,False,False,False,12,35,True,True,True
2026,事业单位,铜陵市,市,,,,市人力资源考试院,1401029.0,专技,,社会科学专技类(B类),3,1,本科及以上,"本科：财务管理专业（120204）、会计学专业（120203K）、财务会计教育专业(120213T)
硕士研究生：会计学专业（120201）、会计（1253）",38周岁以下；学位：学士及以上；具有2年以上财务工作经历，持有会计专业初级及以上资格证书，周末常态化加班，有时值夜班。,,,,,,,,,False,False,False,False,False,False,12,35,True,True,True
2026,事业单位,铜陵市,市,,,,市人才综合服务中心,1401028.0,专技,,社会科学专技类(B类),3,1,本科及以上,"本科：行政管理专业（120402）
硕士研究生：行政管理专业（120401）",38周岁以下；学位：学士及以上；具有2年以上工作经历,,,,,,,,,False,False,False,False,False,False,12,35,True,True,True
2026,事业单位,铜陵市,市,,,,市住房公积金管理中心,1401015.0,管理,在枞阳县工作,综合管理类(A类),3,1,本科及以上,"本科：新闻传播学类（0503）、法学专业（030101k）、汉语言文学专业（050101）、财务管理专业（120204）、会计学专业（120203K） 、财务会计教育专业(120213T)
硕士研究生：法学类（0301）、法律（0351）、汉语言文字学专业（050103）、新闻学专业（050301）、会计学专业（120201）、会计（1253）",38周岁以下；学位：学士及以上,,,,,,,,,False,False,False,False,False,False,12,35,True,True,True
2026,事业单位,铜陵市,市,,,,市公共资源交易中心,1401014.0,专技,经常值夜班,自然科学专技类(C类),3,1,本科及以上,"本科：土木类（0810）、工程管理专业（120103）、工程造价专业（120105）、工程审计专业（120109T)
硕士研究生：土木工程类（0814）、工程管理（1256）、审计（1257）。",38周岁以下；学位：学士及以上,,,,,,,,,False,False,False,False,False,False,12,35,True,True,True
2026,事业单位,铜陵市,市,,,,市公用事业管理处,1401047.0,专技,主要从事工程项目现场日常管理，需经常加班,自然科学专技类(C类),3,1,本科及以上,"本科：给排水科学与工程专业（081003）
硕士研究生：市政工程专业（081403）",38周岁以下；学位：学士及以上,,,,,,,,,False,False,False,False,False,False,12,35,True,True,True
2026,事业单位,铜陵市,市,,,,市农产品质量安全检验检测中心,1401050.0,专技,,自然科学专技类(C类),3,1,本科及以上,"本科：农学专业（090101）、园艺专业（090102）、植物科学与技术专业（090104）、种子科学与工程专业（090105）、设施农业科学与工程专业（090106）、茶学专业（090107T）、菌物科学与工程专业（090113T）、生物育种科学专业（090116TK）、生物育种技术专业（090117TK）
硕士研究生：作物学类（0901）、园艺学类（0902）、农业类（0951）",38周岁以下；学位：学士及以上,,,,,,,,,False,False,False,False,False,False,12,35,True,True,True
2026,事业单位,铜陵市,市,,,,市医院管理中心,1401078.0,专技,限男性报考,医疗卫生类(E类),3,1,本科及以上,"本科：临床医学类（1002）
硕士研究生：临床医学类（1002）、临床医学（1051）",38周岁以下；学位：学士及以上,,,,,,,,,False,False,False,False,False,False,12,35,True,True,True
2026,事业单位,铜陵市,市,,,,市医院管理中心,1401079.0,专技,限女性报考,医疗卫生类(E类),3,1,本科及以上,"本科：临床医学类（1002）
硕士研究生：临床医学类（1002）、临床医学（1051）",38周岁以下；学位：学士及以上,,,,,,,,,False,False,False,False,False,False,12,35,True,True,True
2026,事业单位,铜陵市,市,,,,市博物馆,1401053.0,专技,,社会科学专技类(B类),3,1,本科及以上,"本科：会计学专业（120203K）、财务管理专业（120204）、财务会计教育专业(120213T）
硕士研究生：会计学专业（120201）、会计（1253）",38周岁以下；学位：学士及以上；需具有会计专业中级及以上资格证书,,,,,,,,,False,False,False,False,False,False,12,35,True,True,True
2026,事业单位,铜陵市,市,,,,市图书馆,1401052.0,专技,,社会科学专技类(B类),3,1,本科及以上,"本科：播音与主持艺术专业（130309）
硕士研究生：广播电视艺术学专业（050407）、广播电视专业（135105）",38周岁以下；学位：学士及以上,,,,,,,,,False,False,False,False,False,False,12,35,True,True,True
2026,事业单位,铜陵市,市,,,,市土地储备发展中心,1401031.0,管理,,综合管理类(A类),3,1,本科及以上,"本科：法学专业（030101K）
硕士研究生: 法学类(0301)",38周岁以下；学位：学士及以上,,,,,,,,,False,False,False,False,False,False,12,35,True,True,True
2026,事业单位,铜陵市,市,,,,市城市建设项目管理处,1401044.0,专技,需要长期在项目一线工作，条件艰苦。,自然科学专技类(C类),3,1,本科及以上,"本科：土木类（0810）
硕士研究生：土木工程类（0814）",38周岁以下；学位：学士及以上,,,,,,,,,False,False,False,False,False,False,12,35,True,True,True
2026,事业单位,铜陵市,市,,,,市妇幼保健计划生育服务中心,1401069.0,专技,,医疗卫生类(E类),3,1,研究生及以上,硕士研究生：中医妇科专业(100519)、中西医结合临床专业（100602）,38周岁以下；学位：硕士及以上；具有执业医师资格及住院医师规范化培训合格证书,,,,,,,,,False,False,False,False,False,False,12,30,True,True,True
2026,事业单位,铜陵市,市,,,,市妇幼保健计划生育服务中心,1401070.0,专技,,医疗卫生类(E类),3,1,本科及以上,"本科：临床医学专业（100201K）
硕士研究生：内科学专业（105101）、神经病学专业（105104）","38周岁以下；学位：学士及以上；1.具有执业医师资格及住院医师规范化培训合格证书；
2.最高学历为本科学历须具有内科中级职称。",,,,,,,,,False,False,False,False,False,False,12,35,True,True,True
2026,事业单位,铜陵市,市,,,,市妇幼保健计划生育服务中心,1401071.0,专技,,医疗卫生类(E类),3,2,本科及以上,"本科：医学影像学专业（100203TK）
硕士研究生：影像医学与核医学专业（100207）","38周岁以下；学位：学士及以上；1.具有执业医师资格证书；
2.2020年以后毕业生需具有住院医师规范化培训合格证；
3.最高学历为本科学历须具有中级职称。",,,,,,,,,False,False,True,False,False,False,12,55,True,True,True
2026,事业单位,铜陵市,市,,,,市妇幼保健计划生育服务中心,1401072.0,专技,,社会科学专技类(B类),3,1,本科及以上,"本科：会计学专业（120203K）、财务管理专业（120204）、财务会计教育专业(120213T)
硕士研究生：会计学专业（120201）",38周岁以下；学位：学士及以上；具有初级会计师资格证书,,,,,,,,,False,False,False,False,False,False,12,35,True,True,True
2026,事业单位,铜陵市,市,,,,市委党校,1401001.0,专技,教学岗位,社会科学专技类(B类),3,2,博士及以上,博士研究生：政治学类（0302）、社会学类（0303）、马克思主义理论类（0305）、中共党史党建学类（0307）、马克思主义哲学专业（010101）  ,38周岁以下；学位：博士,,,,,,,,,False,False,False,False,False,False,12,30,True,True,True
2026,事业单位,铜陵市,市,,,,市市场监管综合行政执法支队,1401083.0,专技,,社会科学专技类(B类),3,1,本科及以上,"本科：法学专业（030101K）
硕士研究生：法学类（0301）",38周岁以下；学位：学士及以上；具有法律职业资格证书A类,,,,,,,,,False,False,False,False,False,False,12,35,True,True,True
2026,事业单位,铜陵市,市,,,,市市场监管综合行政执法支队,1401084.0,专技,,自然科学专技类(C类),3,1,本科及以上,"本科：食品质量与安全专业（082702）、食品科学与工程专业（082701）
硕士研究生：食品科学与工程类（0832）",38周岁以下；学位：学士及以上,,,,,,,,,False,False,False,False,False,False,12,35,True,True,True
2026,事业单位,铜陵市,市,,,,市市场监管综合行政执法支队,1401085.0,专技,,医疗卫生类(E类),3,1,本科及以上,"本科：药学专业（100701）、药事管理专业（100704T）、中药学专业（100801）
硕士研究生：药学类（1007） 、药学（1055）、中药学（1008）",38周岁以下；学位：学士及以上,,,,,,,,,False,False,False,False,False,False,12,35,True,True,True
2026,事业单位,铜陵市,市,,,,市市场监管综合行政执法支队,1401086.0,专技,,自然科学专技类(C类),3,1,本科及以上,"本科：机械工程专业（080201）、机械设计制造及其自动化专业（080202）、机械电子工程专业（080204）、软件工程专业（080902）、电子与计算机工程专业（080909T）
硕士研究生：机械（0855）、机械制造及其自动化专业（080201）、机械电子工程专业（080202）、软件工程（0835）、计算机科学与技术类（0812）",38周岁以下；学位：学士及以上,,,,,,,,,False,False,False,False,False,False,12,35,True,True,True
2026,事业单位,铜陵市,市,,,,市市政工程管理处,1401043.0,管理,主要从事综合文字业务工作及党建业务工作。,综合管理类(A类),3,1,本科及以上,"本科：汉语言文学专业（050101）、汉语言专业（050102）
硕士研究生：中国语言文学类（0501）",38周岁以下；学位：学士及以上,,,,,,,,,False,False,False,False,False,False,12,35,True,True,True
2026,事业单位,铜陵市,市,,,,市广播电视台,1401017.0,专技,,社会科学专技类(B类),3,1,本科及以上,"本科：新闻传播学类（0503）汉语言文学专业（050101）摄影专业（130404）影视摄影与制作专业（130311T）广播电视编导专业（130305 ）
硕士研究生：新闻传播学（0503）汉语言文学专业(050103 ) 新闻与传播 （0552）艺术学（0504）",38周岁以下,,,,,,,,,False,False,False,False,False,False,12,35,True,True,True
2026,事业单位,铜陵市,市,,,,市建筑工程管理局,1401041.0,专技,,社会科学专技类(B类),3,1,本科及以上,"本科：财务管理专业（120204）、会计学专业（120203K） 、财务会计教育专业(120213T)
硕士研究生：会计学专业（120201）、会计（1253）",38周岁以下；学位：学士及以上；须具有两年以上本专业工作经历,,,,,,,,,False,False,False,False,False,False,12,35,True,True,True
2026,事业单位,铜陵市,市,,,,市建筑工程管理局,1401042.0,专技,,自然科学专技类(C类),3,1,本科及以上,"本科：建筑电气与智能化专业（081004）
硕士研究生：电气工程类（0808）",38周岁以下；学位：学士及以上,,,,,,,,,False,False,False,False,False,False,12,35,True,True,True
2026,事业单位,铜陵市,市,,,,市心理卫生中心,1401065.0,专技,,医疗卫生类(E类),3,2,本科及以上,"本科：精神医学专业（100205TK）、临床医学专业（100201K）
硕士研究生：精神病与精神卫生学专业（100205）",38周岁以下；学位：学士及以上；本科须具有中级职称，且执业及规培证范围为精神卫生方向；研究生须具有执业医师资格及住院医师规范化培训合格证书,,,,,,,,,False,False,False,False,False,False,12,40,True,True,True
2026,事业单位,铜陵市,市,,,,市房地产市场管理处,1401046.0,专技,,自然科学专技类(C类),3,1,本科及以上,"本科：土木工程专业（081001）
硕士研究生：土木工程类（0814 ）",38周岁以下；学位：学士及以上,,,,,,,,,False,False,False,False,False,False,12,35,True,True,True
2026,事业单位,铜陵市,市,,,,市文化馆,1401054.0,专技,,社会科学专技类(B类),3,1,本科及以上,"本科：音乐表演专业（130201）、表演专业（130301）
硕士研究生：音乐学专业（050402）、戏剧戏曲学专业（050405）
",38周岁以下；学位：学士及以上,,,,,,,,,False,False,False,False,False,False,12,35,True,True,True
2026,事业单位,铜陵市,市,,,,市林业技术管理站,1401032.0,管理,,综合管理类(A类),3,1,本科及以上,"本科：计算机类（0809）
硕士研究生：计算机科学与技术类(0812)",38周岁以下；学位：学士及以上,,,,,,,,,False,False,False,False,False,False,12,35,True,True,True
2026,事业单位,铜陵市,市,,,,市殡葬管理所,1401026.0,管理,,综合管理类(A类),3,1,本科及以上,"本科：中国语言文学类（0501）、法学类（0301）
硕士研究生：中国语言文学类（0501）、 法学类（0301）、法律（0351）",38周岁以下；学位：学士及以上,,,,,,,,,False,False,False,False,False,False,12,35,True,True,True
2026,事业单位,铜陵市,市,,,,市水旱灾害防御中心,1401051.0,专技,参与水上行政执法,自然科学专技类(C类),3,1,本科及以上,"本科:水利类（0811）
硕士研究生:水利工程类(0815）",38周岁以下；学位：学士及以上,,,,,,,,,False,False,False,False,False,False,12,35,True,True,True
2026,事业单位,铜陵市,市,,,,市流浪乞讨人员救助站,1401025.0,专技,持有助理社会工作师或以上专业技术资格,社会科学专技类(B类),3,1,本科及以上,"本科：社会工作专业（030302）
硕士研究生：社会工作（0352）",38周岁以下；学位：学士及以上,,,,,,,,,False,False,False,False,False,False,12,35,True,True,True
2026,事业单位,铜陵市,市,,,,市物业管理处,1401040.0,专技,,自然科学专技类(C类),3,1,本科及以上,"本科：土木工程专业（081001）、给排水科学与工程专业（081003）
硕士研究生：土木工程类（0814）",38周岁以下；学位：学士及以上；须具有两年以上本专业工作经历,,,,,,,,,False,False,False,False,False,False,12,35,True,True,True
2026,事业单位,铜陵市,市,,,,市特种设备监督检验中心,1401082.0,专技,,自然科学专技类(C类),3,2,本科及以上,"本科：过程装备与控制工程专业（080206）、金属材料工程专业（080405）、焊接技术与工程专业（080411T）、机械工程专业（080201）、机械设计制造及其自动化专业（080202）、机械电子工程专业（080204）
硕士研究生：热能工程专业（080702） 、化工过程机械专业（080706） 、材料物理与化学专业（080501） 、材料学专业（080502） 、材料加工工程专业（080503）、机械制造及其自动化专业（080201）、机械电子工程专业（080202）",38周岁以下；学位：学士及以上,,,,,,,,,False,False,False,False,False,False,12,40,True,True,True
2026,事业单位,铜陵市,市,,,,市生态环境局开发区分局,1401039.0,专技,,自然科学专技类(C类),3,1,本科及以上,"本科:环境科学与工程类（0825）
硕士研究生:环境科学与工程类（0830）",38周岁以下；学位：学士及以上,,,,,,,,,False,False,False,False,False,False,12,35,True,True,True
2026,事业单位,铜陵市,市,,,,市疾病预防控制中心,1401073.0,专技,,医疗卫生类(E类),3,1,大专及以上,"专科：临床医学专业（520101K）
本科：临床医学专业（100201K）
硕士研究生：内科学专业（105101）、皮肤病与性病学专业（105106）",38周岁以下；学位：不限；具有执业医师资格证书,,,,,,,,,False,False,False,False,False,False,12,33,True,True,True
2026,事业单位,铜陵市,市,,,,市疾病预防控制中心,1401074.0,专技,,医疗卫生类(E类),3,1,本科及以上,"本科：预防医学专业（100401K）
硕士研究生：流行病与卫生统计学专业（100401）、劳动卫生与环境卫生学专业（100402）、营养与食品卫生学专业(100403)、儿少卫生与妇幼保健学专业（100404）、卫生毒理学专业（100405）",38周岁以下；学位：学士及以上,,,,,,,,,False,False,False,False,False,False,12,35,True,True,True
2026,事业单位,铜陵市,市,,,,市疾病预防控制中心,1401075.0,专技,,医疗卫生类(E类),3,1,本科及以上,"本科：医学检验技术专业（101001)
硕士研究生：病原生物学专业（100103）、病理学与病理生理学专业（100104 ）",38周岁以下；学位：学士及以上,,,,,,,,,False,False,False,False,False,False,12,35,True,True,True
2026,事业单位,铜陵市,市,,,,市社会保险事业管理服务中心,1401027.0,专技,,自然科学专技类(C类),3,1,本科及以上,"本科：计算机类（0809）
研究生：计算机科学与技术类（0812）",38周岁以下；学位：学士及以上,,,,,,,,,False,False,False,False,False,False,12,35,True,True,True
2026,事业单位,铜陵市,市,,,,市第三人民医院,1401063.0,专技,,医疗卫生类(E类),3,2,本科及以上,"本科：精神医学专业（100205TK）、临床医学专业（100201K）
硕士研究生：精神病与精神卫生学专业（100205）",38周岁以下；学位：学士及以上；本科须具有中级职称，且执业及规培证范围为精神卫生方向；研究生须具有执业医师资格及住院医师规范化培训合格证书,,,,,,,,,False,False,False,False,False,False,12,40,True,True,True
2026,事业单位,铜陵市,市,,,,市第三人民医院,1401064.0,专技,,医疗卫生类(E类),3,2,研究生及以上,硕士研究生：精神病与精神卫生学专业（105105）,38周岁以下；学位：硕士及以上；具有执业医师资格及住院医师规范化培训合格证书,,,,,,,,,False,False,False,False,False,False,12,35,True,True,True
2026,事业单位,铜陵市,市,,,,市第二人民医院,1401057.0,专技,,医疗卫生类(E类),3,1,研究生及以上,硕士研究生：康复医学与理疗学专业（105110）,38周岁以下；学位：硕士及以上；具有执业医师资格及住院医师规范化培训合格证书,,,,,,,,,False,False,False,False,False,False,12,30,True,True,True
2026,事业单位,铜陵市,市,,,,市第二人民医院,1401058.0,专技,,医疗卫生类(E类),3,1,研究生及以上,硕士研究生：老年医学专业（105103）,38周岁以下；学位：硕士及以上；具有执业医师资格及住院医师规范化培训合格证,,,,,,,,,False,False,False,False,False,False,12,30,True,True,True
2026,事业单位,铜陵市,市,,,,市第二人民医院,1401059.0,专技,,医疗卫生类(E类),3,1,研究生及以上,硕士研究生：内科学专业（105101）,38周岁以下；学位：硕士及以上；具有执业医师资格及住院医师规范化培训合格证,,,,,,,,,False,False,False,False,False,False,12,30,True,True,True
2026,事业单位,铜陵市,市,,,,市第二人民医院,1401060.0,专技,,医疗卫生类(E类),3,1,本科及以上,"本科：临床医学专业（100201K）
硕士研究生：内科学专业（105101）","38周岁以下；学位：学士及以上；1.具有执业医师资格及住院医师规范化培训合格证书，规培方向为内科；
2.硕士研究生年龄可放宽至38周岁",,,,,,,,,False,False,False,False,False,False,12,35,True,True,True
2026,事业单位,铜陵市,市,,,,市第二人民医院,1401061.0,专技,,医疗卫生类(E类),3,1,本科及以上,"本科：医学影像学专业（100203TK）
硕士研究生：放射影像学专业（105123）","38周岁以下；学位：学士及以上；1.具有执业医师资格及住院医师规范化培训合格证书；
2.硕士研究生年龄可放宽至38周岁",,,,,,,,,False,False,False,False,False,False,12,35,True,True,True
2026,事业单位,铜陵市,市,,,,市第二人民医院,1401062.0,专技,,医疗卫生类(E类),3,2,本科及以上,"本科：中医学专业（100501K）
硕士研究生：中医内科学专业（105701）、中医骨伤科学专业（105703）","38周岁以下；学位：学士及以上；1.具有执业医师资格及住院医师规范化培训合格证书；
2.硕士研究生年龄可放宽至38周岁",,,,,,,,,False,False,False,False,False,False,12,40,True,True,True
2026,事业单位,铜陵市,市,,,,市紧急救援中心,1401076.0,专技,,医疗卫生类(E类),3,1,本科及以上,"本科：临床医学专业（100201K）
硕士研究生：临床医学类（1002）、临床医学（1051）",38周岁以下；学位：学士及以上；具有执业医师资格证书,,,,,,,,,False,False,False,False,False,False,12,35,True,True,True
2026,事业单位,铜陵市,市,,,,市纪委监委信息中心,1401002.0,管理,,综合管理类(A类),3,1,本科及以上,"本科：电子信息类（0807）、计算机类（0809）
硕士研究生：电子科学与技术（0809）、信息与通信工程（0810）、计算机科学与技术（0812）、软件工程（0835）、安全科学与工程（0837）、公安技术（0838）、网络空间安全（0839）、电子信息（0854）",38周岁以下；学位：学士及以上；中共党员,,,,,,,,,False,False,False,False,False,False,12,35,True,True,True
2026,事业单位,铜陵市,市,,,,市肿瘤防治研究所,1401055.0,专技,,医疗卫生类(E类),3,2,博士及以上,博士研究生：内科学专业（100201）、老年医学专业（100203）、神经病学专业（100204）、肿瘤学专业（100214）、康复医学与理疗学专业（100215）、影像医学与核医学专业（100207）、临床检验诊断学专业（100208）,38周岁以下；学位：博士,,,,,,,,,False,False,False,False,False,False,12,30,True,True,True
2026,事业单位,铜陵市,市,,,,市肿瘤防治研究所,1401056.0,专技,,医疗卫生类(E类),3,2,博士及以上,博士研究生：外科学专业（100210）、眼科学专业（100212）、耳鼻咽喉科学专业（100213）、运动医学专业（100216）、麻醉学专业（100217）、急诊医学专业（100218）,38周岁以下；学位：博士,,,,,,,,,False,False,False,False,False,False,12,30,True,True,True
2026,事业单位,铜陵市,市,,,,市计量测试研究所,1401080.0,专技,,自然科学专技类(C类),3,1,本科及以上,"本科：测控技术与仪器专业（080301）、自动化专业（080801）、电气工程及其自动化专业（080601）、电子信息工程专业（080701）、工程力学专业（080102）
硕士研究生：仪器科学与技术类（0804）、检测技术与自动化装置专业（081102）、电气工程类（0808）、通信与信息系统专业（081001）、工程力学专业（080104）",38周岁以下；学位：学士及以上,,,,,,,,,False,False,False,False,False,False,12,35,True,True,True
2026,事业单位,铜陵市,市,,,,市食品药品检验中心,1401081.0,专技,,医疗卫生类(E类),3,1,研究生及以上,硕士研究生：药学类（1007）,38周岁以下；学位：硕士及以上,,,,,,,,,False,False,False,False,False,False,12,30,True,True,True
2026,事业单位,铜陵市,市,,,,西湖镇卫生院,1403008.0,专技,,医疗卫生类(E类),3,1,本科及以上,"本科：中医学专业（100501K）
硕士研究生：中医学类（1005）",38周岁以下；学位：学士及以上；具有执业医师资格,,,,,,,,,False,False,False,False,False,False,12,35,True,True,True
2026,事业单位,铜陵市,市,,,,西湖镇卫生院,1403009.0,专技,,医疗卫生类(E类),3,1,本科及以上,"本科专业：医学影像学专业（100203TK）
硕士研究生：影像医学与核医学专业（100207）",38周岁以下；学位：学士及以上；具有执业医师资格,,,,,,,,,False,False,False,False,False,False,12,35,True,True,True
2026,事业单位,铜陵市,市,,,,西联镇自然资源和规划所,1401033.0,专技,本岗位为基层一线岗位，工作强度大，汛期和森林火灾易发期需经常加班。,自然科学专技类(C类),3,1,本科及以上,"本科:地质工程专业(081401)、勘查技术与工程专业(081402)、资源勘查工程专业(081403K)、林学类（0905）
硕士研究生:地质资源与地质工程类(0818)、林学类（0907）",38周岁以下；学位：学士及以上,,,,,,,,,False,False,False,False,False,False,12,35,True,True,True
2026,事业单位,铜陵市,市,,,,铜官区城乡居（村）民最低生活保障管理中心,1403005.0,管理,,综合管理类(A类),3,1,本科及以上,"本科：社会学类（0303）、汉语言文学专业（050101）、秘书学专业（050107T）、法学专业（030101K）、人力资源管理专业（120206）、公共事业管理专业（120401） 
硕士研究生：社会学类（0303）、政治学类（0302）、中国语言文学类（0501）、公共管理类（1204）、法学类（0301）",38周岁以下；学位：学士及以上,,,,,,,,,False,False,False,False,False,False,12,35,True,True,True
2026,事业单位,铜陵市,市,,,,铜官区城市管理综合行政执法大队,1403006.0,管理,城管执法岗位，周末及节假日常态化值夜班、加班,综合管理类(A类),3,1,本科及以上,"本科：法学专业（030101K）
硕士研究生：法学类（0301）、法律（0351）",38周岁以下；学位：学士及以上,,,,,,,,,False,False,False,False,False,False,12,35,True,True,True
2026,事业单位,铜陵市,市,,,,铜官区城市管理综合行政执法大队,1403007.0,管理,,综合管理类(A类),3,1,本科及以上,"本科：会计学专业（120203K）
硕士研究生：会计学专业（120201）、会计（1253）",38周岁以下；学位：学士及以上,,,,,,,,,False,False,False,False,False,False,12,35,True,True,True
2026,事业单位,铜陵市,市,,,,铜官区廉政教育中心,1403001.0,管理,需经常加班出差,综合管理类(A类),3,1,本科及以上,"本科：计算机类（0809）
硕士研究生：计算机科学与技术类（0812）",38周岁以下；学位：学士及以上；中共党员,,,,,,,,,False,False,False,False,False,False,12,35,True,True,True
2026,事业单位,铜陵市,市,,,,铜山镇自然资源和规划所,1401037.0,专技,本岗位为基层一线岗位，工作强度大，汛期和森林火灾易发期需经常加班。,自然科学专技类(C类),3,1,本科及以上,"本科：地质类（0814）、地质学专业（070901）、林学类（0905）
硕士研究生：地质资源与地质工程类（0818）、林学类（0907）",38周岁以下；学位：学士及以上,,,,,,,,,False,False,False,False,False,False,12,35,True,True,True
2026,事业单位,铜陵市,市,,,,铜陵市郊区党员教育中心,1405002.0,管理,限男性,自然科学专技类(C类),3,1,本科及以上,"本科：理学门类（07）
研究生：理学门类（07）",38周岁以下；学位：学士及以上；中共党员,,,,,,,,,False,False,False,False,False,False,12,35,True,True,True
2026,事业单位,铜陵市,市,,,,铜陵市郊区党员教育中心,1405003.0,管理,限女性,自然科学专技类(C类),3,1,本科及以上,"本科：理学门类（07）
研究生：理学门类（07）",38周岁以下；学位：学士及以上；中共党员,,,,,,,,,False,False,False,False,False,False,12,35,True,True,True
2026,事业单位,铜陵市,市,,,,铜陵市郊区大通镇卫生院,1405015.0,专技,,医疗卫生类(E类),3,1,大专及以上,"专科：医学影像技术专业（620403）
本科：放射医学专业（100206TK）、医学影像学专业（100203TK）、医学影像技术专业（101003)
研究生：放射医学专业（100106)  ",38周岁以下；学位：不限；须取得执业（助理）医师资格或执业技师（技士）资格,,,,,,,,,False,False,False,False,False,False,12,33,True,True,True
2026,事业单位,铜陵市,市,,,,铜陵市郊区建设工程消防中心  ,1405006.0,管理,,自然科学专技类(C类),3,1,本科及以上,"本科：给排水科学与工程专业（081003）、建筑学专业（082801）
硕士研究生：市政工程专业（081403）、建筑技术科学专业（081304）",38周岁以下；学位：学士及以上,,,,,,,,,False,False,False,False,False,False,12,35,True,True,True
2026,事业单位,铜陵市,市,,,,铜陵市郊区文化馆,1405008.0,管理,,社会科学专技类(B类),3,1,本科及以上,"本科：音乐与舞蹈学类（1302）、戏剧与影视学类（1303）、设计学类（1305）
研究生：音乐学专业（050402）、设计艺术学专业（050404）、广播电视艺术学专业（050407）、舞蹈学专业（050408）",38周岁以下；学位：学士及以上,,,,,,,,,False,False,False,False,False,False,12,35,True,True,True
2026,事业单位,铜陵市,市,,,,铜陵市郊区灰河乡卫生院,1405013.0,专技,,医疗卫生类(E类),3,2,本科及以上,"本科：临床医学专业（100201K）、中西医临床医学专业（100601K）
研究生：中西医结合类（1006）、外科学专业（105111）、急诊医学专业（105107）、骨科学专业（105113)","38周岁以下；学位：不限；须取得执业医师资格,执业范围含外科专业",,,,,,,,,False,False,False,False,False,False,12,40,True,True,True
2026,事业单位,铜陵市,市,,,,铜陵市郊区灰河乡卫生院,1405014.0,专技,,医疗卫生类(E类),3,1,本科及以上,"本科：医学影像学专业（100203TK）
研究生：超声医学专业（105124）、核医学专业（105125)、 影像医学与核医学专业（100207）",38周岁以下；学位：不限；须取得执业医师资格，执业范围含医学影像和放射治疗专业,,,,,,,,,False,False,False,False,False,False,12,35,True,True,True
2026,事业单位,铜陵市,市,,,,铜陵市郊区畜牧兽医技术管理服务中心,1405007.0,专技,,自然科学专技类(C类),3,1,本科及以上,"本科：动物医学专业（090401）、动物药学专业（090402）；
研究生：畜牧学类（0905）、兽医学类（0906）、兽医（0952）",38周岁以下；学位：学士及以上,,,,,,,,,False,False,False,False,False,False,12,35,True,True,True
2026,事业单位,铜陵市,市,,,,铜陵市郊区科技创新服务中心,1405004.0,管理,,自然科学专技类(C类),3,1,本科及以上,"本科：材料类(0804)
研究生：材料学与工程类 (0805)",38周岁以下；学位：学士及以上,,,,,,,,,False,False,False,False,False,False,12,35,True,True,True
2026,事业单位,铜陵市,市,,,,铜陵市郊区老龄工作中心,1405005.0,管理,,综合管理类(A类),3,1,本科及以上,"本科：公共管理类（1204）、汉语言文学专业（050101）
硕士研究生：中国语言文学类（0501）、公共管理类（1204）",38周岁以下；学位：不限,,,,,,,,,False,False,False,False,False,False,12,35,True,True,True
2026,事业单位,铜陵市,市,,,,铜陵市郊区陈瑶湖镇中心卫生院,1405016.0,专技,,医疗卫生类(E类),3,1,本科及以上,"本科：临床医学专业（100201K）、中西医临床医学专业（100601K）
研究生：临床医学类（1002）、 中西医结合类（1006）、临床医学（1051）",38周岁以下；学位：不限；须取得执业医师资格，执业范围含内科或全科专业,,,,,,,,,False,False,False,False,False,False,12,35,True,True,True
2026,事业单位,铜陵市,市,,,,铜陵理工学校,1401018.0,专技,参加教师招聘专业测试,自然科学专技类(C类),3,1,研究生及以上,硕士研究生：机械制造及其自动化专业（080201）、机械电子工程专业（080202）,38周岁以下；学位：硕士及以上,,,,,,,,,False,False,False,False,False,False,12,30,True,True,True
2026,事业单位,铜陵市,市,,,,铜陵理工学校,1401019.0,专技,参加教师招聘专业测试,自然科学专技类(C类),3,1,研究生及以上,硕士研究生：电机与电器专业（080801）、电工理论与新技术专业（080805）,38周岁以下；学位：硕士及以上,,,,,,,,,False,False,False,False,False,False,12,30,True,True,True
2026,事业单位,铜陵市,市,,,,铜陵理工学校,1401020.0,专技,参加教师招聘专业测试,自然科学专技类(C类),3,1,研究生及以上,硕士研究生：车辆工程专业（080204）,38周岁以下；学位：硕士及以上,,,,,,,,,False,False,False,False,False,False,12,30,True,True,True
2026,事业单位,铜陵市,市,,,,铜陵理工学校,1401021.0,专技,参加教师招聘专业测试,社会科学专技类(B类),3,1,研究生及以上,硕士研究生：会计学专业（120201）、会计（1253）,38周岁以下；学位：硕士及以上,,,,,,,,,False,False,False,False,False,False,12,30,True,True,True
2026,事业单位,铜陵市,市,,,,铜陵理工学校,1401022.0,专技,参加教师招聘专业测试,社会科学专技类(B类),3,1,本科及以上,本科：电子商务专业（120801）,38周岁以下；学位：学士及以上,,,,,,,,,False,False,False,False,False,False,12,35,True,True,True
2026,事业单位,铜陵市,市,,,,铜陵理工学校,1401023.0,专技,参加教师招聘专业测试,自然科学专技类(C类),3,1,本科及以上,"本科：高分子材料与工程专业（080407）
硕士研究生：材料与化工（0856 ）",38周岁以下；学位：学士及以上,,,,,,,,,False,False,False,False,False,False,12,35,True,True,True
2026,事业单位,铜陵市,市,,,,铜陵理工学校,1401024.0,管理,,综合管理类(A类),3,1,本科及以上,"本科：会计学专业（120203K）
硕士研究生：会计学专业（120201）、会计（1253）",38周岁以下；学位：学士及以上；具有初级及以上会计专业技术资格,,,,,,,,,False,False,False,False,False,False,12,35,True,True,True
2026,事业单位,铜陵市,市,,,,铜陵职业技术学院,1401004.0,专技,,自然科学专技类(C类),3,3,博士及以上,博士研究生：机械工程类（0802）、机械类（0855）、电气工程类（0808）、控制科学与工程类（0811）,38周岁以下；学位：博士,,,,,,,,,False,False,False,False,False,False,12,35,True,True,True
2026,事业单位,铜陵市,市,,,,铜陵职业技术学院,1401005.0,专技,,自然科学专技类(C类),3,3,博士及以上,博士研究生：材料科学与工程类（0805）、材料与化工类（0856）、化学工程与技术类（0817）,38周岁以下；学位：博士,,,,,,,,,False,False,False,False,False,False,12,35,True,True,True
2026,事业单位,铜陵市,市,,,,铜陵职业技术学院,1401006.0,专技,,自然科学专技类(C类),3,3,博士及以上,博士研究生：电子科学与技术类（0809）、电子信息类(0854)、信息与通信工程类(0810),38周岁以下；学位：博士,,,,,,,,,False,False,False,False,False,False,12,35,True,True,True
2026,事业单位,铜陵市,市,,,,铜陵职业技术学院,1401007.0,专技,,自然科学专技类(C类),3,3,博士及以上,博士研究生：计算机科学与技术类（0812）、软件工程类（0835）、网络空间安全类（0839）,38周岁以下；学位：博士,,,,,,,,,False,False,False,False,False,False,12,35,True,True,True
2026,事业单位,铜陵市,市,,,,铜陵职业技术学院,1401008.0,专技,,社会科学专技类(B类),3,1,博士及以上,博士研究生：艺术学类（0504）,38周岁以下；学位：博士,,,,,,,,,False,False,False,False,False,False,12,25,True,True,True
2026,事业单位,铜陵市,市,,,,铜陵职业技术学院,1401009.0,专技,,社会科学专技类(B类),3,1,博士及以上,博士研究生：设计类（1357）、设计学类（1403）,38周岁以下；学位：博士,,,,,,,,,False,False,False,False,False,False,12,25,True,True,True
2026,事业单位,铜陵市,市,,,,铜陵职业技术学院,1401010.0,专技,,社会科学专技类(B类),3,2,博士及以上,博士研究生：管理科学与工程类（1201）、工商管理学类（1202）、旅游管理类(1254),38周岁以下；学位：博士,,,,,,,,,False,False,False,False,False,False,12,30,True,True,True
2026,事业单位,铜陵市,市,,,,铜陵职业技术学院,1401011.0,专技,,医疗卫生类(E类),3,1,博士及以上,博士研究生：中医学类（1005）,38周岁以下；学位：博士,,,,,,,,,False,False,False,False,False,False,12,25,True,True,True
2026,事业单位,铜陵市,市,,,,铜陵职业技术学院,1401012.0,专技,,医疗卫生类(E类),3,1,博士及以上,博士研究生：护理学类（1011）,38周岁以下；学位：博士,,,,,,,,,False,False,False,False,False,False,12,25,True,True,True
2026,事业单位,阜阳市,市,,,,中共阜阳市委党校,601001.0,专业技术岗位,,,3,1,,试讲、结构化面试,,,,,,,,,,False,False,False,False,False,False,4,30,True,True,True
2026,事业单位,阜阳市,市,,,,中共阜阳市委党校,601002.0,专业技术岗位,,,3,1,,试讲、结构化面试,,,,,,,,,,False,False,False,False,False,False,4,30,True,True,True
2026,事业单位,阜阳市,市,,,,阜阳市新闻传媒中心,601003.0,专业技术岗位,,,3,1,,技能操作,,,,,,,,,,False,False,False,False,False,False,4,30,True,True,True
2026,事业单位,阜阳市,市,,,,阜阳市新闻传媒中心,601004.0,专业技术岗位,,,3,1,,技能操作,,,,,,,,,,False,False,False,False,False,False,4,30,True,True,True
2026,事业单位,阜阳市,市,,,,阜阳市颍上县生态环境分局环境应急中心,601011.0,专业技术岗位,,,3,1,,"结构化
面试",,,,,,,,,,False,False,False,False,False,False,4,30,True,True,True
2026,事业单位,马鞍山市,市,,公益一类,,中共含山县委党校,1007001.0,专业技术岗,,社会科学专技类(B类),3,1,研究生及以上,法学理论（二级学科，030101）、法律史（二级学科，030102）、宪法学与行政法学（二级学科，030103）、经济法学（二级学科，030107）、政治学理论（二级学科，030201）、中共党史（含：党的学说与党的建设）（二级学科，030204）、行政管理（二级学科，120401）、社会保障（二级学科，120404）,38周岁以下；学位：硕士学位及以上,,,,,,,,,False,False,False,False,False,False,6,35,True,True,True
2026,事业单位,马鞍山市,市,,公益一类,,中共马鞍山市委党校,1001002.0,专业技术岗,,社会科学专技类(B类),3,2,本科及以上,"本科：文学门类（05）、管理学门类（12）
研究生：文学（05）、管理学（12）",38周岁以下；学位：学士学位及以上；中共党员,,,,,,,,,False,False,False,False,False,False,6,45,True,True,True
2026,事业单位,马鞍山市,市,,公益一类,,中国共产党和县委员会党校,1006001.0,专业技术岗,,社会科学专技类(B类),3,1,研究生及以上,理论经济学（一级学科，0201）、应用经济学（一级学科，0202）、法学（一级学科，0301）、政治学（一级学科，0302）、社会学（一级学科，0303）,38周岁以下；学位：硕士学位及以上；中共党员,,,,,,,,,False,False,False,False,False,False,6,35,True,True,True
2026,事业单位,马鞍山市,市,,公益一类,,博望区丹阳镇中心卫生院（丹阳镇妇幼保健计划生育服务站）,1004018.0,专业技术岗,,医疗卫生类(E类),3,1,本科及以上,"本科：临床医学类（1002）
研究生：临床医学（一级学科，1002）、临床医学专业硕士（1051）",38周岁以下，硕士以上研究生、副高级及以上职称可放宽至40周岁以下；学位：/；此岗位是丹阳镇中心卫生院薛津分院招聘，报考者需具有执业助理医师及以上资格证,,,,,,,,,False,False,False,False,False,False,6,40,True,True,True
2026,事业单位,马鞍山市,市,,公益一类,,博望区丹阳镇便民服务中心（退役军人服务站）,1004014.0,专业技术岗,,社会科学专技类(B类),3,1,本科及以上,"本科：哲学门类（01）、经济学门类（02）、法学门类（03）、法律专业、中国语言文学类（0501）、心理学类（0711）、工商管理类（1202）、公共管理类（1204）、物流管理与工程类（1206）
研究生：哲学门类（01）、经济学门类（02）、法学门类（03）、中国语言文学（一级学科，0501）、心理学（一级学科，0402）、工商管理学（一级学科，1202）、公共管理学（一级学科，1204）、法律专业硕士（0351）、应用心理专业硕士（0454）、工商管理专业硕士（1251）、公共管理专业硕士（1252）、物流工程与管理专业硕士（125604）",38周岁以下；学位：学士学位及以上,,,,,,,,,False,False,False,False,False,False,6,40,True,True,True
2026,事业单位,马鞍山市,市,,公益一类,,博望区丹阳镇村镇建设服务中心,1004013.0,专业技术岗,,自然科学专技类(C类),3,1,本科及以上,"本科：土木工程专业（081001）、测绘工程专业（081201）、地质工程专业（081401）、建筑类（0828）、交叉工程类（0832）、工程管理专业（120103）、工程造价专业（120105）、工程审计专业（120109T）、工业工程类（1207）、环境设计专业（130503）
研究生：建筑学（一级学科，0813）、土木工程（一级学科，0814）、测绘科学与技术（一级学科，0816）、地质工程（二级学科，081803）、建筑专业硕士（0851）、土木工程专业硕士（085901）、工程管理专业硕士（1256）",38周岁以下；学位：学士学位及以上,,,,,,,,,False,False,False,False,False,False,6,40,True,True,True
2026,事业单位,马鞍山市,市,,公益一类,,博望区劳动人事争议仲裁院（博望区劳动保障维权调处中心、博望区社会保险费征缴管理中心）,1004003.0,专业技术岗,,社会科学专技类(B类),3,1,本科及以上,"本科：经济学专业（020101）、法学专业（030101K）、法律专业、人力资源管理专业（120206）                                        
研究生：应用经济学（一级学科，0202）、民商法学(含：劳动法学、社会保障法学)（二级学科，030105）、企业管理（含：人力资源管理）（二级学科，120202）、法律专业硕士（0351）",38周岁以下；学位：学士学位及以上；2年及以上工作经历,,,,,,,,,False,False,False,False,False,False,6,40,True,True,True
2026,事业单位,马鞍山市,市,,公益一类,,博望区博望镇中心卫生院（博望镇妇幼保健计划生育服务站）,1004019.0,专业技术岗,,医疗卫生类(E类),3,2,本科及以上,"本科：临床医学专业（100201K）
研究生：内科学（二级学科，100201）、内科学专业硕士（105101）",38周岁以下，硕士以上研究生、副高级及以上职称可放宽至40周岁以下；学位：/；报考者需具有执业助理医师及以上资格证且执业范围为内科专业,,,,,,,,,False,False,False,False,False,False,6,45,True,True,True
2026,事业单位,马鞍山市,市,,公益一类,,博望区博望镇中心卫生院（博望镇妇幼保健计划生育服务站）,1004020.0,专业技术岗,,医疗卫生类(E类),3,1,大专及以上,"大专：临床医学专业（520101K）                        
本科：临床医学专业（100201K）、医学影像学专业（100203TK）
研究生：临床医学（一级学科，1002）、临床医学专业硕士（1051）、超声医学专业硕士（105124）、放射影像学专业硕士（105123）",38周岁以下，硕士以上研究生、副高级及以上职称可放宽至40周岁以下；学位：/；报考者需具有执业医师资格证且执业范围为医学影像和放射治疗专业,,,,,,,,,False,False,False,False,False,False,6,38,True,True,True
2026,事业单位,马鞍山市,市,,公益一类,,博望区博望镇农业综合服务中心,1004010.0,专业技术岗,,自然科学专技类(C类),3,1,本科及以上,"本科：土木类（0810）、水利类（0811）、农业工程类（0823）、农业经济管理类（1203）
研究生：土木工程（一级学科，0814）、水利工程（一级学科，0815）、农业工程（一级学科，0828）、农林经济管理（一级学科，1203）、土木水利专业硕士（0859）、农业工程与信息技术专业硕士（095136）、农业管理专业硕士（095137）",38周岁以下；学位：学士学位及以上,,,,,,,,,False,False,False,False,False,False,6,40,True,True,True
2026,事业单位,马鞍山市,市,,公益一类,,博望区国库集中支付中心,1004002.0,专业技术岗,,社会科学专技类(B类),3,1,本科及以上,"本科：财政学专业(020201k)、金融学专业（020301k)、会计学专业(120203k)、会计专业、财务管理专业(120204)、审计学专业(120207)
研究生：会计学（二级学科，120201）、财政学（含税收学）(二级学科，020203)、金融学（含：保险学）(二级学科，020204) 、会计专业硕士（1253）、审计专业硕士（1257）、金融专业硕士（0251）       ",38周岁以下；学位：学士学位及以上,,,,,,,,,False,False,False,False,False,False,6,40,True,True,True
2026,事业单位,马鞍山市,市,,公益一类,,博望区新市镇便民服务中心（退役军人服务站）,1004016.0,专业技术岗,,自然科学专技类(C类),3,1,本科及以上,"本科：土木工程专业（081001）、测绘工程专业（081201）、建筑学专业（082801）、城乡规划专业（082802）、工程管理专业（120103）
研究生：土木工程（一级学科，0814）、测绘科学与技术（一级学科，0816）、工程管理专业硕士（1256）、建筑专业硕士（0851）、城乡规划专业硕士（0853）、土木工程专业硕士（085901）",38周岁以下；学位：学士学位及以上,,,,,,,,,False,False,False,False,False,False,6,40,True,True,True
2026,事业单位,马鞍山市,市,,公益一类,,博望区疾病预防控制中心（卫生监督所）,1004017.0,专业技术岗,,医疗卫生类(E类),3,1,本科及以上,"本科：预防医学专业（100401K）
研究生：公共卫生与预防医学（一级学科,1004）",38周岁以下；学位：学士学位及以上；需经常应急加班值守,,,,,,,,,False,False,False,False,False,False,6,40,True,True,True
2026,事业单位,马鞍山市,市,,公益二类,,含山县中医医院,1007051.0,专业技术岗,,社会科学专技类(B类),3,2,本科及以上,"本科：会计学专业（120203k）、会计专业、财务管理专业（120204）
研究生：会计学（二级学科，120201）、会计专业硕士（1253）、工商管理（一级学科，1202）",38周岁以下,,,,,,,,,False,False,False,False,False,False,6,45,True,True,True
2026,事业单位,马鞍山市,市,,公益二类,,含山县中医医院,1007052.0,专业技术岗,,医疗卫生类(E类),3,2,研究生及以上,外科学专业硕士（105111）,38周岁以下；学位：硕士学位及以上；专硕研究生，整形外科方向，具有规培证、毕业证、学位证、执业证,,,,,,,,,False,False,False,False,False,False,6,40,True,True,True
2026,事业单位,马鞍山市,市,,公益二类,,含山县中医医院,1007053.0,专业技术岗,,医疗卫生类(E类),3,1,研究生及以上,眼科学专业硕士（105116）,38周岁以下；学位：硕士学位及以上；专硕研究生，具有规培证、毕业证、学位证、执业证,,,,,,,,,False,False,False,False,False,False,6,35,True,True,True
2026,事业单位,马鞍山市,市,,公益二类,,含山县中医医院,1007054.0,专业技术岗,,医疗卫生类(E类),3,1,研究生及以上,口腔医学专业硕士（1052）,38周岁以下；学位：硕士学位及以上；专硕研究生，具有规培证、毕业证、学位证、执业证,,,,,,,,,False,False,False,False,False,False,6,35,True,True,True
2026,事业单位,马鞍山市,市,,公益一类,,含山县中小企业服务中心,1007020.0,专业技术岗,,自然科学专技类(C类),3,1,本科及以上,"本科：电子信息类（0807）、计算机类（0809）
研究生：电子科学与技术（一级学科，0809）、电子信息专业硕士（0854）、计算机科学与技术（一级学科，0812）",38周岁以下；学位：学士学位及以上,,,,,,,,,False,False,False,False,False,False,6,40,True,True,True
2026,事业单位,马鞍山市,市,,公益一类,,含山县仙踪镇自然资源和规划管理所,1007030.0,专业技术岗,,自然科学专技类(C类),3,1,本科及以上,"本科：地理科学类（0705）、土地整治工程专业（082306T）、土地资源管理专业（120404）、城乡规划专业（082802）、测绘工程专业（081201）
研究生：测绘科学与技术（一级学科，0816）、地图学与地理信息系统（二级学科，070503）、土地资源管理（二级学科，120405）、城市规划与设计（含：风景园林规划与设计）（二级学科，081303）",38周岁以下；学位：学士学位及以上,,,,,,,,,False,False,False,False,False,False,6,40,True,True,True
2026,事业单位,马鞍山市,市,,公益一类,,含山县公路管理服务中心,1007039.0,专业技术岗,,自然科学专技类(C类),3,1,本科及以上,"本科：土木工程专业（081001）、道路桥梁与渡河工程专业（081006T）
研究生：桥梁与隧道工程（二级学科，081406 ）",38周岁以下；学位：学士学位及以上,,,,,,,,,False,False,False,False,False,False,6,40,True,True,True
2026,事业单位,马鞍山市,市,,公益一类,,含山县农业技术服务中心,1007043.0,专业技术岗,,自然科学专技类(C类),3,1,本科及以上,本科：农学门类（09）                                                                                                        研究生：农学（09）,38周岁以下；学位：学士学位及以上,,,,,,,,,False,False,False,False,False,False,6,40,True,True,True
2026,事业单位,马鞍山市,市,,公益一类,,含山县农业综合开发中心,1007042.0,专业技术岗,,自然科学专技类(C类),3,1,本科及以上,"本科：地理信息科学专业（070504）、水利水电工程专业（081101）
研究生：地图学与地理信息系统（二级学科，070503）、水利工程（一级学科，0815）",38周岁以下；学位：学士学位及以上,,,,,,,,,False,False,False,False,False,False,6,40,True,True,True
2026,事业单位,马鞍山市,市,,公益一类,,含山县凌家滩文化研究院,1007072.0,专业技术岗,,社会科学专技类(B类),3,1,研究生及以上,考古学（一级学科，0601）、中国史（一级学科，0602）,38周岁以下；学位：硕士学位及以上,,,,,,,,,False,False,False,False,False,False,6,35,True,True,True
2026,事业单位,马鞍山市,市,,公益一类,,含山县凌家滩遗址博物馆,1007071.0,专业技术岗,,社会科学专技类(B类),3,2,本科及以上,本科：文物与博物馆学专业（060104）、设计学类（1305）                                   研究生：考古学及博物馆学（二级学科，060102）、设计学（一级学科，1403）,38周岁以下；学位：学士学位及以上,,,,,,,,,False,False,False,False,False,False,6,45,True,True,True
2026,事业单位,马鞍山市,市,,公益一类,,含山县医疗保障基金监督管理中心,1007066.0,管理岗,,综合管理类(A类),3,1,本科及以上,"本科：法学专业（030101K）、法律专业、医疗保险专业（120413T）
研究生：法学理论（二级学科，030101）、法律专业硕士（0351）、社会医学与卫生事业管理（二级学科，120402）",38周岁以下；学位：学士学位及以上,,,,,,,,,False,False,False,False,False,False,6,40,True,True,True
2026,事业单位,马鞍山市,市,,公益一类,,含山县医疗保障服务中心,1007065.0,专业技术岗,,医疗卫生类(E类),3,1,本科及以上,"本科：中医学专业（100501K）
研究生：中医内科学（二级学科，100506）",38周岁以下；学位：学士学位及以上,,,,,,,,,False,False,False,False,False,False,6,40,True,True,True
2026,事业单位,马鞍山市,市,,公益一类,,含山县医疗保障结算中心,1007064.0,专业技术岗,,医疗卫生类(E类),3,1,本科及以上,"本科：临床医学专业（100201K）
研究生：内科学（二级学科，100201）",38周岁以下；学位：学士学位及以上,,,,,,,,,False,False,False,False,False,False,6,40,True,True,True
2026,事业单位,马鞍山市,市,,公益一类,,含山县双拥工作服务中心,1007056.0,管理岗,,综合管理类(A类),3,1,本科及以上,本科：法学类（0301）                                                                                                        研究生：法学（一级学科，0301）、法律专业硕士（0351）,38周岁以下；学位：学士学位及以上,,,,,,,,,False,False,False,False,False,False,6,40,True,True,True
2026,事业单位,马鞍山市,市,,公益一类,,含山县土地和房屋征收管理中心,1007013.0,管理岗,,综合管理类(A类),3,1,本科及以上,"本科：法学专业（030101K）、法律专业
研究生：法学（一级学科，0301）、法律专业硕士（0351）",38周岁以下；学位：学士学位及以上；具有法律职业资格证书,,,,,,,,,False,False,False,False,False,False,6,40,True,True,True
2026,事业单位,马鞍山市,市,,公益一类,,含山县土地和房屋征收管理中心,1007014.0,专业技术岗,,自然科学专技类(C类),3,1,本科及以上,"本科：资产评估专业（120208)、工程审计专业（120109T）
研究生：资产评估专业硕士（0256）、管理科学与工程（一级学科，1201）",38周岁以下；学位：学士学位及以上,,,,,,,,,False,False,False,False,False,False,6,40,True,True,True
2026,事业单位,马鞍山市,市,,公益一类,,含山县土地开发复垦整理中心,1007029.0,专业技术岗,,社会科学专技类(B类),3,1,本科及以上,"本科：会计学专业（120203K）、会计专业、财务管理专业（120204）、经济与金融专业（020307T）
研究生：金融学（二级学科，020204）、会计学（二级学科，120201）",38周岁以下；学位：学士学位及以上,,,,,,,,,False,False,False,False,False,False,6,40,True,True,True
2026,事业单位,马鞍山市,市,,公益一类,,含山县城市管理综合行政执法大队,1007068.0,专业技术岗,,自然科学专技类(C类),3,1,本科及以上,本科：土木工程专业（081001）、给排水科学与工程专业（081003）                         研究生：土木工程（一级学科，0814）,38周岁以下；学位：学士学位及以上,,,,,,,,,False,False,False,False,False,False,6,40,True,True,True
2026,事业单位,马鞍山市,市,,公益一类,,含山县城市管理综合行政执法大队,1007069.0,管理岗,,综合管理类(A类),3,1,本科及以上,"本科：法学类（0301）、社会工作专业（030302）、中国语言文学类（0501）、人力资源管理专业（120206）
研究生：法学（一级学科，0301）、法律专业硕士（0351）、社会工作专业硕士（0352）、中国语言文学（一级学科，0501）、工商管理（一级学科，1202）",38周岁以下；学位：学士学位及以上,,,,,,,,,False,False,False,False,False,False,6,40,True,True,True
2026,事业单位,马鞍山市,市,,公益一类,,含山县大数据中心,1007067.0,专业技术岗,,自然科学专技类(C类),3,1,本科及以上,"本科：数字经济专业（020109T）、人工智能专业（080717T）、计算机科学与技术专业（080901）、软件工程专业（080902）、网络工程专业（080903）、信息安全专业（080904K）、智能科学与技术专业（080907T）、数据科学与大数据技术专业（080910T）、网络空间安全专业（080911TK）、信息管理与信息系统专业（120102）、大数据管理与应用专业（120108T）
研究生：数字经济专业硕士（0258）、计算机科学与技术（一级学科，0812）、计算机技术专业硕士（085404）、软件工程（一级学科，0835）、网络空间安全（一级学科，0839）、人工智能专业硕士（085410）、大数据技术与工程专业硕士（085411）、网络与信息安全专业硕士（085412）",38周岁以下；学位：学士学位及以上,,,,,,,,,False,False,False,False,False,False,6,40,True,True,True
2026,事业单位,马鞍山市,市,,公益二类,,含山县市场监督检验所,1007060.0,管理岗,,综合管理类(A类),3,1,本科及以上,"本科：经济与金融专业（020307T）、会计学专业（120203K）、会计专业、食品安全与检测（082709T）、药物分析专业（100705T）
研究生：会计学（二级学科，120201）、会计专业硕士（1253）、食品科学与工程（一级学科，0832）、药学（一级学科，1007）",38周岁以下；学位：学士学位及以上,,,,,,,,,False,False,False,False,False,False,6,40,True,True,True
2026,事业单位,马鞍山市,市,,公益一类,,含山县市场监管综合行政执法大队,1007061.0,管理岗,,综合管理类(A类),3,1,本科及以上,"本科：法学门类（03）
研究生：法学（03）",38周岁以下；学位：学士学位及以上,,,,,,,,,False,False,False,False,False,False,6,40,True,True,True
2026,事业单位,马鞍山市,市,,公益一类,,含山县应急指挥中心,1007059.0,专业技术岗,应届毕业生,自然科学专技类(C类),3,1,本科及以上,本科：水利水电工程专业（081101）                                                                              研究生：水利工程（一级学科，0815）,38周岁以下；学位：学士学位及以上,,,,,,,,,False,False,True,False,False,False,6,55,True,True,True
2026,事业单位,马鞍山市,市,,公益一类,,含山县建筑业发展服务中心,1007035.0,管理岗,,综合管理类(A类),3,1,本科及以上,"本科：土木类（0810）、档案学专业（120502）
研究生：土木工程（一级学科，0814）、档案学（二级学科，120503)",38周岁以下；学位：学士学位及以上,,,,,,,,,False,False,False,False,False,False,6,40,True,True,True
2026,事业单位,马鞍山市,市,,公益一类,,含山县建设工程消防监督管理服务中心,1007033.0,管理岗,,综合管理类(A类),3,1,本科及以上,"本科：法学类（0301）、汉语言文学专业（050101）、化学类（0703）、土木类（0810）
研究生：法学（一级学科，0301）、法律专业硕士（0351）、中国语言文学（一级学科，0501）、化学（一级学科，0703）、土木工程（一级学科，0814）",38周岁以下；学位：学士学位及以上,,,,,,,,,False,False,False,False,False,False,6,40,True,True,True
2026,事业单位,马鞍山市,市,,公益一类,,含山县教育会计核算中心,1007018.0,专业技术岗,,社会科学专技类(B类),3,2,本科及以上,"本科：经济学专业（020101）、财政学专业（020201K）、金融学专业（020301K）、经济与金融专业（020307T）、金融审计专业（020311TK）、会计学专业（120203K）、会计专业、财务管理专业（120204）、审计学专业（120207）、财务会计教育专业（120213T）、内部审计专业（120218T）
研究生：应用经济学（一级学科，0202）、会计学（二级学科，120201）、会计专业硕士（1253）、审计专业硕士（1257）",38周岁以下；学位：学士学位及以上,,,,,,,,,False,False,False,False,False,False,6,45,True,True,True
2026,事业单位,马鞍山市,市,,公益一类,,含山县文化馆,1007048.0,管理岗,,综合管理类(A类),3,1,本科及以上,"本科：汉语言文学专业（050101）、工商管理专业（120201K）
研究生：中国语言文学（一级学科，0501）、企业管理(二级学科，120202)",38周岁以下；学位：学士学位及以上,,,,,,,,,False,False,False,False,False,False,6,40,True,True,True
2026,事业单位,马鞍山市,市,,公益一类,,含山县文物管理中心,1007049.0,专业技术岗,,社会科学专技类(B类),3,1,本科及以上,"本科：历史学专业（060101）、考古学专业（060103）、文物与博物馆学专业（060104）、文物保护技术专业（060105T）、历史建筑保护工程专业（082804T）
研究生：考古学及博物馆学（二级学科，060102）",38周岁以下；学位：学士学位及以上,,,,,,,,,False,False,False,False,False,False,6,40,True,True,True
2026,事业单位,马鞍山市,市,,公益一类,,含山县机构编制实名制管理中心,1007007.0,管理岗,,综合管理类(A类),3,1,本科及以上,"本科：法学类（0301）、计算机类（0809）、会计学专业（120203K）、会计专业
研究生：法学（一级学科，0301）、法律专业硕士（0351）、计算机科学与技术（一级学科，0812）、会计学（二级学科，120201）、会计专业硕士（1253）",38周岁以下；中共党员,,,,,,,,,False,False,False,False,False,False,6,40,True,True,True
2026,事业单位,马鞍山市,市,,公益一类,,含山县林业发展中心,1007015.0,管理岗,,综合管理类(A类),3,1,本科及以上,"本科：法学专业（030101K）、法律专业、消防指挥专业（030608TK）、防灾减灾科学与工程专业（070803T）、消防工程专业（083102K）、抢险救援指挥与技术专业（083106TK）
研究生：法学（一级学科，0301）、法律专业硕士（0351）、防灾减灾工程及防护工程（二级学科，081405）",38周岁以下；学位：学士学位及以上,,,,,,,,,False,False,False,False,False,False,6,40,True,True,True
2026,事业单位,马鞍山市,市,,公益一类,,含山县法律援助中心,1007026.0,管理岗,,综合管理类(A类),3,1,本科及以上,"本科：法学专业（030101K）、法律专业、汉语言文学专业（050101）
研究生：法学（一级学科，0301）、法律专业硕士（0351）、中国语言文学（一级学科，0501）",38周岁以下；学位：学士学位及以上,,,,,,,,,False,False,False,False,False,False,6,40,True,True,True
2026,事业单位,马鞍山市,市,,公益一类,,含山县畜牧技术服务中心,1007044.0,专业技术岗,,自然科学专技类(C类),3,1,本科及以上,本科：动物科学专业（090301）、动物医学专业（090401）                                    研究生：兽医学（一级学科，0906）、兽医专业硕士（0952）,38周岁以下；学位：学士学位及以上,,,,,,,,,False,False,False,False,False,False,6,40,True,True,True
2026,事业单位,马鞍山市,市,,公益一类,,含山县疾病预防控制中心,1007055.0,专业技术岗,,社会科学专技类(B类),3,1,本科及以上,"本科：会计学专业（120203k）、会计专业、财务管理专业（120204）
研究生：会计学（二级学科，120201）、会计专业硕士（1253）、工商管理（一级学科，1202）",38周岁以下,,,,,,,,,False,False,False,False,False,False,6,40,True,True,True
2026,事业单位,马鞍山市,市,,公益一类,,含山县社会工作综合服务中心,1007006.0,管理岗,,综合管理类(A类),3,1,本科及以上,"本科：社会学专业（030301）、社会工作专业（030302）、汉语言文学专业（050101）、新闻传播学类（0503）、人力资源管理专业（120206）
研究生：社会学（二级学科，030301）、社会工作专业硕士（0352）、汉语言文字学（二级学科，050103）、新闻传播学（一级学科，0503）、企业管理（二级学科，120202）",38周岁以下；学位：学士学位及以上,,,,,,,,,False,False,False,False,False,False,6,40,True,True,True
2026,事业单位,马鞍山市,市,,公益一类,,含山县社会救助管理中心,1007023.0,专业技术岗,,社会科学专技类(B类),3,1,本科及以上,本科：会计学专业（120203K）、会计专业、财务管理专业（120204）                                   研究生：会计学（二级学科，120201）、会计专业硕士（1253）,38周岁以下；学位：学士学位及以上,,,,,,,,,False,False,False,False,False,False,6,40,True,True,True
2026,事业单位,马鞍山市,市,,公益一类,,含山县科学技术信息中心,1007074.0,管理岗,,综合管理类(A类),3,1,本科及以上,"本科：科学教育专业（040102）、信息管理与信息系统专业（120102）
研究生：教育学（一级学科，0401）、管理科学与工程（一级学科，1201）",38周岁以下；学位：学士学位及以上,,,,,,,,,False,False,False,False,False,False,6,40,True,True,True
2026,事业单位,马鞍山市,市,,公益一类,,含山县科技创新与成果转化管理服务中心,1007019.0,专业技术岗,,自然科学专技类(C类),3,1,本科及以上,本科：机械类（0802）、电子信息类（0807）、计算机类（0809）                       研究生：机械工程（一级学科，0802）、电子科学与技术（一级学科，0809）、电子信息专业硕士（0854）、计算机科学与技术（一级学科，0812）,38周岁以下；学位：学士学位及以上,,,,,,,,,False,False,False,False,False,False,6,40,True,True,True
2026,事业单位,马鞍山市,市,,公益一类,,含山县纪委监委信息中心,1007002.0,专业技术岗,,社会科学专技类(B类),3,1,本科及以上,本科：会计学专业（120203K）、会计专业、财务管理专业（120204）、审计学专业（120207）                                                                                                                             研究生：会计学（二级学科，120201）、会计专业硕士（1253）、审计专业硕士（1257）,38周岁以下；学位：学士学位及以上；中共党员,,,,,,,,,False,False,False,False,False,False,6,40,True,True,True
2026,事业单位,马鞍山市,市,,公益一类,,含山县统一战线服务中心,1007004.0,专业技术岗,,社会科学专技类(B类),3,1,本科及以上,"本科：会计学专业（120203K）、会计专业、财务管理专业（120204）
研究生：会计学（二级学科，120201）、会计专业硕士（1253）、工商管理（一级学科，1202）",38周岁以下；学位：学士学位及以上,,,,,,,,,False,False,False,False,False,False,6,40,True,True,True
2026,事业单位,马鞍山市,市,,公益一类,,含山县统一战线服务中心,1007005.0,管理岗,,综合管理类(A类),3,1,本科及以上,"本科：法学专业（030101K）、法律专业、汉语言文学专业（050101）
研究生：法学（一级学科，0301）、法律专业硕士（0351）、中国语言文学（一级学科，0501）",38周岁以下；学位：学士学位及以上；中共党员,,,,,,,,,False,False,False,False,False,False,6,40,True,True,True
2026,事业单位,马鞍山市,市,,公益一类,,含山县网络安全应急指挥中心,1007003.0,专业技术岗,,社会科学专技类(B类),3,1,本科及以上,"本科：新闻传播学类（0503）、电子信息类（0807）、计算机类（0809）、旅游管理类（1209）
研究生：新闻传播学（一级学科，0503）、电子信息专业硕士（0854）、计算机科学与技术（一级学科，0812）、旅游管理（二级学科，120203）、旅游管理专业硕士（1254）",38周岁以下；学位：学士学位及以上,,,,,,,,,False,False,False,False,False,False,6,40,True,True,True
2026,事业单位,马鞍山市,市,,公益一类,,含山县自然保护地管理中心,1007073.0,专业技术岗,,自然科学专技类(C类),3,1,本科及以上,"本科：地理科学专业（070501）、人文地理与城乡规划专业（070503）、环境科学与工程专业（082501）、环境生态工程专业（082504）、野生动物与自然保护区管理专业（090202）
研究生：地理学（一级学科，0705）、环境科学与工程（一级学科，0830）",38周岁以下；学位：学士学位及以上,,,,,,,,,False,False,False,False,False,False,6,40,True,True,True
2026,事业单位,马鞍山市,市,,公益一类,,含山县节能监察中心,1007021.0,管理岗,,综合管理类(A类),3,1,本科及以上,"本科：经济学门类（02）、中国语言文学类（0501）
研究生：经济学（02）、中国语言文学（一级学科，0501）",38周岁以下；学位：学士学位及以上,,,,,,,,,False,False,False,False,False,False,6,40,True,True,True
2026,事业单位,马鞍山市,市,,公益二类,,含山县融媒体中心,1007008.0,专业技术岗,,社会科学专技类(B类),3,1,本科及以上,"本科：经济统计学专业（020102）、财务管理专业（120204）
研究生：会计学（二级学科，120201）、会计专业硕士（1253）、企业管理（二级学科，120202）",38周岁以下；学位：学士学位及以上,,,,,,,,,False,False,False,False,False,False,6,40,True,True,True
2026,事业单位,马鞍山市,市,,公益二类,,含山县融媒体中心,1007009.0,专业技术岗,,社会科学专技类(B类),3,1,本科及以上,"本科：新闻学专业（050301）、广播电视学专业（050302）、传播学专业（050304）、广播电视编导专业（130305）
研究生：新闻传播学（一级学科，0503）",38周岁以下,,,,,,,,,False,False,False,False,False,False,6,40,True,True,True
2026,事业单位,马鞍山市,市,,公益二类,,含山县融媒体中心,1007010.0,管理岗,,综合管理类(A类),3,1,本科及以上,"本科：汉语言文学专业（050101）、新闻学专业（050301）、传播学专业（050304）、动画专业（130310）、广播电视编导专业（130305）、视觉传达设计专业（130502）、新媒体艺术专业（130511T）
研究生：汉语言文字学（二级学科，050103）、新闻传播学（一级学科，0503）、设计艺术学（二级学科，050404）、广播电视艺术学（二级学科，050407）",38周岁以下,,,,,,,,,False,False,False,False,False,False,6,40,True,True,True
2026,事业单位,马鞍山市,市,,公益二类,,含山县融媒体中心,1007011.0,专业技术岗,应届毕业生,自然科学专技类(C类),3,1,本科及以上,"本科：电子信息工程专业（080701）、广播电视工程专业（080707T）、计算机科学与技术专业（080901）、软件工程专业（080902）、网络工程专业（080903）、信息安全专业（080904K）、网络空间安全专业（080911TK）、新媒体技术专业（080912T）
研究生：计算机科学与技术（一级学科，0812）、电子信息专业硕士（0854）",38周岁以下,,,,,,,,,False,False,True,False,False,False,6,55,True,True,True
2026,事业单位,马鞍山市,市,,公益二类,,含山县融媒体中心,1007012.0,专业技术岗,,社会科学专技类(B类),3,1,本科及以上,"本科：市场营销专业（120202）、影视摄影与制作专业（130311T）、艺术设计学专业（130501）、视觉传达设计专业（130502）、新媒体艺术专业（130511T）、美术学类（1304）
研究生：企业管理（二级学科，120202）、广播电视艺术学（二级学科，050407）",38周岁以下,,,,,,,,,False,False,False,False,False,False,6,40,True,True,True
2026,事业单位,马鞍山市,市,,公益一类,,含山县道路运输管理服务中心,1007037.0,管理岗,,综合管理类(A类),3,1,本科及以上,"本科：交通运输类（0818）、会计学专业（120203K）、会计专业
研究生：交通运输工程（一级学科，0823）、会计学（二级专业、120201）、会计专业硕士（1253）",38周岁以下；学位：学士学位及以上,,,,,,,,,False,False,False,False,False,False,6,40,True,True,True
2026,事业单位,马鞍山市,市,,公益一类,,含山县道路运输管理服务中心,1007038.0,专业技术岗,,自然科学专技类(C类),3,1,本科及以上,"本科：交通运输类（0818）
研究生：交通运输工程（一级学科，0823）",38周岁以下；学位：学士学位及以上,,,,,,,,,False,False,False,False,False,False,6,40,True,True,True
2026,事业单位,马鞍山市,市,,公益一类,,含山县重点项目推进中心,1007036.0,专业技术岗,,自然科学专技类(C类),3,1,本科及以上,"本科：土木类（0810）、油气储运工程专业（081504）、物业管理专业（120209）
研究生：供热、供燃气、通风及空调工程（二级学科，081404）、油气储运工程（二级学科，082003）",38周岁以下；学位：学士学位及以上,,,,,,,,,False,False,False,False,False,False,6,40,True,True,True
2026,事业单位,马鞍山市,市,,公益一类,,含山县铜闸镇自然资源和规划管理所,1007032.0,专业技术岗,,自然科学专技类(C类),3,1,本科及以上,"本科：地理科学类（0705）、土地整治工程专业（082306T）、土地资源管理专业（120404）、城乡规划专业（082802）、测绘工程专业（081201）
研究生：测绘科学与技术（一级学科，0816）、地图学与地理信息系统（二级学科，070503）、土地资源管理（二级学科，120405）、城市规划与设计（含：风景园林规划与设计）（二级学科，081303）",38周岁以下；学位：学士学位及以上,,,,,,,,,False,False,False,False,False,False,6,40,True,True,True
2026,事业单位,马鞍山市,市,,公益一类,,含山县陶厂镇自然资源和规划管理所,1007031.0,专业技术岗,,自然科学专技类(C类),3,1,本科及以上,"本科：地理科学类（0705）、土地整治工程专业（082306T）、土地资源管理专业（120404）、城乡规划专业（082802）、测绘工程专业（081201）
研究生：测绘科学与技术（一级学科，0816）、地图学与地理信息系统（二级学科，070503）、土地资源管理（二级学科，120405）、城市规划与设计（含：风景园林规划与设计）（二级学科，081303）",38周岁以下；学位：学士学位及以上,,,,,,,,,False,False,False,False,False,False,6,40,True,True,True
2026,事业单位,马鞍山市,市,,公益一类,,含山县青少年活动中心,1007017.0,管理岗,,综合管理类(A类),3,1,本科及以上,"本科：汉语言文学专业（050101）、汉语言专业（050102）、公共事业管理专业（120401）、行政管理专业（120402）、艺术设计学专业（130501）、公共艺术专业（130506）、数字媒体艺术专业（130508）、新媒体艺术专业（130511T）
研究生：中国语言文学（一级学科，0501）、公共管理（一级学科，1204）、艺术学（一级学科，0504）",38周岁以下；学位：学士学位及以上,,,,,,,,,False,False,False,False,False,False,6,40,True,True,True
2026,事业单位,马鞍山市,市,,公益一类,,含山县非税收入管理中心,1007027.0,专业技术岗,,社会科学专技类(B类),3,3,本科及以上,"本科：财政学专业（020201K）、金融学专业（020301K）、会计学专业（120203K）、会计专业、财务管理专业（120204）、审计学专业（120207）
研究生：财政学（二级学科，020203）、金融学（二级学科，020204）、会计学（二级学科，120201）",38周岁以下；学位：学士学位及以上,,,,,,,,,False,False,False,False,False,False,6,50,True,True,True
2026,事业单位,马鞍山市,市,,公益一类,,含山经济开发区财政所,1007028.0,专业技术岗,,社会科学专技类(B类),3,1,本科及以上,"本科：财政学专业（020201K）、金融学专业（020301K）、会计学专业（120203K）、会计专业、财务管理专业（120204）、审计学专业（120207）
研究生：财政学（二级学科，020203）、金融学（二级学科，020204）、会计学（二级学科，120201）",38周岁以下；学位：学士学位及以上,,,,,,,,,False,False,False,False,False,False,6,40,True,True,True
2026,事业单位,马鞍山市,市,,公益一类,,和县不动产登记中心,1006013.0,管理岗,,综合管理类(A类),3,1,本科及以上,"本科：会计专业、会计学专业（120203K）
研究生：会计学（二级学科，120201）",38周岁以下；学位：学士学位及以上；需具有初级及以上会计专业技术资格证书,,,,,,,,,False,False,False,False,False,False,6,40,True,True,True
2026,事业单位,马鞍山市,市,,公益一类,,和县住房保障中心,1006017.0,管理岗,,综合管理类(A类),3,1,本科及以上,"本科：管理科学与工程类（1201）、工商管理类（1202）、中国语言文学类（0501）
研究生：管理科学与工程（一级学科，1201）、工商管理学（一级学科，1202）、中国语言文学（一级学科，0501）",38周岁以下；学位：学士学位及以上,,,,,,,,,False,False,False,False,False,False,6,40,True,True,True
2026,事业单位,马鞍山市,市,,公益一类,,和县公共资源交易中心,1006007.0,管理岗,,综合管理类(A类),3,1,本科及以上,"本科：工程造价专业（120105）
研究生：管理科学与工程（一级学科，1201）",38周岁以下；学位：学士学位及以上,,,,,,,,,False,False,False,False,False,False,6,40,True,True,True
2026,事业单位,马鞍山市,市,,公益一类,,和县公路管理服务中心,1006018.0,专业技术岗,,自然科学专技类(C类),3,2,本科及以上,"本科：道路桥梁与渡河工程专业（081006T）、土木工程专业（081001）
研究生：道路与铁道工程（二级学科，082301）、桥梁与隧道工程（二级学科，081406）",38周岁以下；学位：学士学位及以上,,,,,,,,,False,False,False,False,False,False,6,45,True,True,True
2026,事业单位,马鞍山市,市,,公益一类,,和县功桥镇便民服务中心,1006038.0,专业技术岗,,社会科学专技类(B类),3,2,本科及以上,"本科：土木类（0810）
研究生：土木工程（一级学科，0814）",38周岁以下；学位：学士学位及以上,,,,,,,,,False,False,False,False,False,False,6,45,True,True,True
2026,事业单位,马鞍山市,市,,公益一类,,和县功桥镇财政所,1006040.0,专业技术岗,,社会科学专技类(B类),3,1,本科及以上,"本科：税收学专业（020202）、会计专业、会计学专业（120203K）、财务管理专业（120204）、审计学专业（120207）
研究生：会计学（二级学科，120201）、财政学（含：税收学）（二级学科，020203）、审计专业硕士（1257）",38周岁以下；学位：学士学位及以上,,,,,,,,,False,False,False,False,False,False,6,40,True,True,True
2026,事业单位,马鞍山市,市,,公益一类,,和县善厚镇便民和财经服务中心,1006043.0,专业技术岗,,社会科学专技类(B类),3,1,本科及以上,"本科：会计专业、会计学专业（120203K）、财务管理专业（120204）、审计学专业（120207）
研究生：会计学（二级学科，120201）、会计专业硕士（1253）、审计专业硕士（1257）",38周岁以下；学位：学士学位及以上,,,,,,,,,False,False,False,False,False,False,6,40,True,True,True
2026,事业单位,马鞍山市,市,,公益一类,,和县善厚镇便民和财经服务中心,1006044.0,专业技术岗,定向招聘应届毕业生,自然科学专技类(C类),3,1,本科及以上,"本科：土木工程专业（081001）、工程管理专业（120103）、工程造价专业（120105）、工程审计专业（120109T）                                    
研究生：土木工程（一级学科，0814）、管理科学与工程（一级学科，1201）、工程管理专业硕士（1256）",38周岁以下；学位：学士学位及以上,,,,,,,,,False,False,True,False,False,False,6,55,True,True,True
2026,事业单位,马鞍山市,市,,公益一类,,和县善厚镇自然资源和规划所,1006015.0,专业技术岗,,社会科学专技类(B类),3,1,本科及以上,"本科：土地资源管理专业（120404）、测绘工程专业（081201）、地理信息科学专业（070504）
研究生：公共管理学（一级学科，1204）、测绘科学与技术（一级学科，0816）、地理学（一级学科，0705）",38周岁以下；学位：学士学位及以上,,,,,,,,,False,False,False,False,False,False,6,40,True,True,True
2026,事业单位,马鞍山市,市,,公益一类,,和县城市管理综合行政执法大队,1006031.0,管理岗,,综合管理类(A类),3,1,本科及以上,"本科：法律专业、法学专业（030101K）
研究生：法学（一级学科，0301）",38周岁以下；学位：学士学位及以上,,,,,,,,,False,False,False,False,False,False,6,40,True,True,True
2026,事业单位,马鞍山市,市,,公益一类,,和县城市管理综合行政执法大队,1006032.0,管理岗,,综合管理类(A类),3,1,本科及以上,"本科：土木类（0810）、建筑类（0828）
研究生：建筑学（一级学科，0813）、土木工程（一级学科，0814）",38周岁以下；学位：学士学位及以上,,,,,,,,,False,False,False,False,False,False,6,40,True,True,True
2026,事业单位,马鞍山市,市,,公益一类,,和县市场监管综合行政执法大队,1006028.0,专业技术岗,,自然科学专技类(C类),3,1,本科及以上,"本科：机械设计制造及其自动化专业（080202）、材料成型及控制工程专业（080203）、机械电子工程专业（080204）
研究生：机械工程（一级学科，0802）",38周岁以下；学位：学士学位及以上,,,,,,,,,False,False,False,False,False,False,6,40,True,True,True
2026,事业单位,马鞍山市,市,,公益一类,,和县建筑业发展服务中心,1006016.0,专业技术岗,,社会科学专技类(B类),3,2,本科及以上,"本科：土木工程专业（081001）
研究生：结构工程（二级学科，081402）",38周岁以下；学位：学士学位及以上,,,,,,,,,False,False,False,False,False,False,6,45,True,True,True
2026,事业单位,马鞍山市,市,,公益一类,,和县政策研究中心,1006002.0,管理岗,,综合管理类(A类),3,1,本科及以上,"本科：马克思主义理论类（0305）、中国语言文学类（0501）、新闻传播学类（0503）
研究生：马克思主义理论（一级学科，0305）、中国语言文学（一级学科，0501）、新闻传播学（一级学科，0503）",38周岁以下；学位：学士学位及以上,,,,,,,,,False,False,False,False,False,False,6,40,True,True,True
2026,事业单位,马鞍山市,市,,公益一类,,和县新时代文明实践服务中心,1006004.0,管理岗,,综合管理类(A类),3,1,本科及以上,"本科：计算机类（0809）、城乡规划专业（082802）、历史建筑保护工程专业（082804T）、城市设计专业（082806T）、智慧建筑与建造专业（082807T）
研究生：计算机科学与技术（一级学科，0812）、电子信息专业硕士（0854）、城乡规划学（一级学科，0833）、城乡规划专业硕士（0853）、城市规划与设计(含：风景园林规划与设计）（二级学科，081303）",38周岁以下，硕士以上研究生可放宽至40周岁以下；学位：学士学位及以上,,,,,,,,,False,False,False,False,False,False,6,40,True,True,True
2026,事业单位,马鞍山市,市,,公益一类,,和县机关效能和监督中心,1006003.0,管理岗,,综合管理类(A类),3,1,本科及以上,"本科：财政学专业（020201K）、税收学专业（020202）、金融学专业（020301K）、会计专业、会计学专业（120203K）、财务管理专业（120204）、审计学专业（120207）
研究生：会计学（二级学科，120201）、财政学（含：税收学）（二级学科，020203）、金融学（含：保险学）（二级学科，020204）、审计专业硕士(1257)",38周岁以下，硕士以上研究生可放宽至40周岁以下；学位：学士学位及以上；中共党员,,,,,,,,,False,False,False,False,False,False,6,40,True,True,True
2026,事业单位,马鞍山市,市,,公益一类,,和县水利工程建设管理中心,1006025.0,专业技术岗,定向招聘应届毕业生,自然科学专技类(C类),3,1,本科及以上,"本科：水利水电工程专业（081101）、水文与水资源工程专业（081102）、水务工程专业（081104T)、水利科学与工程专业（081105T)
研究生：水利工程（一级学科，0815）、土木工程（一级学科，0814）、土木水利专业硕士（0859）",38周岁以下；学位：学士学位及以上,,,,,,,,,False,False,True,False,False,False,6,55,True,True,True
2026,事业单位,马鞍山市,市,,公益一类,,和县水利工程调度中心,1006023.0,专业技术岗,定向招聘“服务基层项目”人员,自然科学专技类(C类),3,1,本科及以上,"本科：水利类（0811）、土木类（0810）、法学类（0301)
研究生：水利工程（一级学科，0815）、土木工程（一级学科，0814）、土木水利专业硕士（0859）、法学（一级学科，0301）",38周岁以下；学位：学士学位及以上,,,,,,,,,True,False,False,False,False,False,6,55,True,True,True
2026,事业单位,马鞍山市,市,,公益一类,,和县猿人遗址保护中心,1006026.0,专业技术岗,,社会科学专技类(B类),3,1,本科及以上,"本科：工程管理专业（120103）、产品设计专业（130504）
研究生：工程管理专业硕士（1256）、设计专业硕士（1357）",38周岁以下；学位：学士学位及以上,,,,,,,,,False,False,False,False,False,False,6,40,True,True,True
2026,事业单位,马鞍山市,市,,公益一类,,和县知识产权快速维权中心,1006029.0,专业技术岗,,社会科学专技类(B类),3,1,本科及以上,"本科：知识产权专业（030102T）、机械工程专业（080201）、机械设计制造及其自动化专业（080202）、机械电子工程专业（080204）、药学专业（100701）、药事管理专业（100704T）、食品质量与安全专业（082702）
研究生：机械工程（一级学科，0802）、药学（一级学科，1007）",38周岁以下；学位：学士学位及以上,,,,,,,,,False,False,False,False,False,False,6,40,True,True,True
2026,事业单位,马鞍山市,市,,公益一类,,和县石杨镇财政所,1006049.0,专业技术岗,,社会科学专技类(B类),3,1,本科及以上,"本科：会计专业、会计学专业（120203K）、审计学专业（120207）、农林经济管理专业（120301）
研究生：会计学（二级学科，120201）、农业经济管理（二级学科，120301）、会计专业硕士（1253）、审计专业硕士（1257）",38周岁以下；学位：学士学位及以上,,,,,,,,,False,False,False,False,False,False,6,40,True,True,True
2026,事业单位,马鞍山市,市,,公益一类,,和县社会保险管理服务中心,1006011.0,专业技术岗,,社会科学专技类(B类),3,1,本科及以上,"本科：计算机科学与技术专业（080901）、会计专业、会计学专业（120203K)
研究生：计算机科学与技术（一级学科，0812）、会计专业硕士（1253）、会计学（二级学科，120201）",38周岁以下；学位：学士学位及以上,,,,,,,,,False,False,False,False,False,False,6,40,True,True,True
2026,事业单位,马鞍山市,市,,公益二类,,和县科技职业学校,1006008.0,专业技术岗,,中小学教师类(D类),3,2,研究生及以上,计算机科学与技术（一级学科，0812）,38周岁以下；学位：硕士学位及以上；1、具有高中或中职及以上教师资格证书（未取得相应教师资格证的，聘用时需承诺在2028年8月31日前取得相应的教师资格证书，否则作解聘处理）；2、档案完整,,,,,,,,,False,False,False,False,False,False,6,40,True,True,True
2026,事业单位,马鞍山市,市,,公益一类,,和县蔬菜产业发展促进中心,1006020.0,专业技术岗,,自然科学专技类(C类),3,1,本科及以上,"本科：农业工程类（0823）、植物生产类（0901）
研究生：农业工程（一级学科，0828）、作物学（一级学科，0901）、园艺学（一级学科，0902）",38周岁以下，硕士以上研究生、农业系列或农业工程系列副高级及以上职称人员可相应放宽到40周岁以下；学位：学士学位及以上,,,,,,,,,False,False,False,False,False,False,6,40,True,True,True
2026,事业单位,马鞍山市,市,,公益一类,,和县重点工程建设管理中心,1006006.0,专业技术岗,,社会科学专技类(B类),3,1,本科及以上,"本科：土木工程专业（081001）、给排水科学与工程专业（081003）、水务工程专业（081104T）、工程造价专业（120105）、建筑电气与智能化专业（081004）、建筑学专业（082801）
研究生：土木工程（一级学科，0814）、水利水电工程（二级学科，081504）、管理科学与工程（一级学科，1201）、建筑设计及其理论（二级学科，081302 ）",38周岁以下；学位：学士学位及以上,,,,,,,,,False,False,False,False,False,False,6,40,True,True,True
2026,事业单位,马鞍山市,市,,公益一类,,和县金融服务中心,1006010.0,专业技术岗,,社会科学专技类(B类),3,1,本科及以上,"本科：财政学专业（020201K）、经济学专业（020101）、金融学专业（020301K）、会计专业、会计学专业（120203K）、财务管理专业（120204）
研究生：应用经济学（一级学科，0202）、会计学（二级学科，120201）",38周岁以下；学位：学士学位及以上；一年及以上工作经历,,,,,,,,,False,False,False,False,False,False,6,40,True,True,True
2026,事业单位,马鞍山市,市,,公益一类,,和县长江河道管理服务中心,1006024.0,专业技术岗,定向招聘应届毕业生,自然科学专技类(C类),3,1,本科及以上,"本科：水利水电工程专业（081101）、水文与水资源工程专业（081102）、水务工程专业（081104T)、水利科学与工程专业（081105T)
研究生：水利工程（一级学科，0815）、土木工程（一级学科，0814）、土木水利专业硕士（0859）",38周岁以下；学位：学士学位及以上,,,,,,,,,False,False,True,False,False,False,6,55,True,True,True
2026,事业单位,马鞍山市,市,,公益一类,,和县香泉镇便民服务中心,1006037.0,专业技术岗,,自然科学专技类(C类),3,1,本科及以上,"本科：电气工程及其自动化专业（080601）、机械工程专业（080201）、林业工程类（0824）、建筑类（0828）
研究生：电气工程（一级学科，0808）、机械工程（一级学科，0802）、林业工程（一级学科，0829）、建筑学（一级学科，0813）",38周岁以下；学位：学士学位及以上,,,,,,,,,False,False,False,False,False,False,6,40,True,True,True
2026,事业单位,马鞍山市,市,,公益一类,,安徽省和县台湾农民创业园管理委员会社会事务管理服务中心,1006035.0,专业技术岗,,社会科学专技类(B类),3,1,本科及以上,"本科：安全科学与工程类（0829）、环境科学与工程类（0825）、城乡规划专业（082802）、资源环境科学专业（082506T）、生物工程类（0830）、化工与制药类（0813）、管理科学与工程类（1201）
研究生：安全科学与工程（一级学科，0837）、环境科学与工程（一级学科，0830）、食品科学与工程（一级学科，0832）、资源与环境专业硕士（0857）、城乡规划学（一级学科，0833）、管理科学与工程（一级学科，1201）、生物工程（一级学科，0836）、工程管理专业硕士（1256）",38周岁以下；学位：学士学位及以上,,,,,,,,,False,False,False,False,False,False,6,40,True,True,True
2026,事业单位,马鞍山市,市,,公益二类,,安徽省马鞍山市为民公证处,1001013.0,专业技术岗,,社会科学专技类(B类),3,1,本科及以上,"本科：法学类（0301）
研究生：法学（一级学科，0301）、法律专业硕士（0351）",38周岁以下；学位：学士学位及以上；具有法律职业资格证书A类,,,,,,,,,False,False,False,False,False,False,6,40,True,True,True
2026,事业单位,马鞍山市,市,,公益一类,,当涂县人才发展研究中心,1005005.0,管理岗,,综合管理类(A类),3,1,本科及以上,本科:电气类（0806）、电子信息类（0807）、自动化类（0808）、计算机类（0809）、食品科学与工程类（0827）、生物工程类（0830）      研究生：电气工程（一级学科，0808）、电子科学与技术（一级学科，0809）、计算机科学与技术（一级学科，0812）、食品科学与工程（一级学科，0832）、生物工程（一级学科，0836）,38周岁以下；学位：学士学位及以上；中共党员,,,,,,,,,False,False,False,False,False,False,6,40,True,True,True
2026,事业单位,马鞍山市,市,,公益一类,,当涂县公路管理服务中心,1005014.0,专业技术岗,,自然科学专技类(C类),3,1,本科及以上,"本科：道路桥梁与渡河工程专业（081006T）、土木工程专业（081001）、土木、水利与交通工程专业（081010T）                           研究生：土木工程（一级学科,0814）、土木水利专业硕士（0859）",38周岁以下；学位：学士学位及以上,,,,,,,,,False,False,False,False,False,False,6,40,True,True,True
2026,事业单位,马鞍山市,市,,公益一类,,当涂县养老保险管理服务中心,1005012.0,专业技术岗,,社会科学专技类(B类),3,1,本科及以上,本科：公共管理类（1204）          研究生：公共管理学（一级学科，1204）、公共管理专业硕士（1252）,38周岁以下；学位：学士学位及以上,,,,,,,,,False,False,False,False,False,False,6,40,True,True,True
2026,事业单位,马鞍山市,市,,公益一类,,当涂县农业技术推广中心,1005022.0,专业技术岗,,自然科学专技类(C类),3,1,本科及以上,本科：农学专业（090101）、植物保护专业（090103）、植物科学与技术专业（090104）、农药化肥专业（090114T）研究生：作物学（一级学科，0901）、植物保护（一级学科，0904）,38周岁以下；学位：学士学位及以上,,,,,,,,,False,False,False,False,False,False,6,40,True,True,True
2026,事业单位,马鞍山市,市,,公益一类,,当涂县医疗保障服务中心,1005034.0,专业技术岗,,自然科学专技类(C类),3,1,本科及以上,"本科：计算机科学与技术专业（080901）、网络工程专业（080903）、信息安全专业（080904K）、数据科学与大数据技术专业（080910T）                       研究生：计算机科学与技术（一级学科,0812）",38周岁以下；学位：学士学位及以上,,,,,,,,,False,False,False,False,False,False,6,40,True,True,True
2026,事业单位,马鞍山市,市,,公益一类,,当涂县千字文文化研究所,1005024.0,专业技术岗,,社会科学专技类(B类),3,1,本科及以上,本科： 中国语言文学类（0501）                 研究生：中国语言文学（一级学科，0501）,38周岁以下；学位：学士学位及以上,,,,,,,,,False,False,False,False,False,False,6,40,True,True,True
2026,事业单位,马鞍山市,市,,公益一类,,当涂县国库集中支付中心,1005010.0,专业技术岗,,社会科学专技类(B类),3,1,本科及以上,本科：金融学类（0203）、财政学专业（020201K）、会计学专业（120203K）、财务管理专业（120204）、审计学专业（120207）                      研究生：财政学（二级学科，020203）、金融学（二级学科，020204）、会计学（二级学科，120201）、金融专业硕士（0251）、会计专业硕士（1253）、审计专业硕士（1257）,38周岁以下；学位：学士学位及以上,,,,,,,,,False,False,False,False,False,False,6,40,True,True,True
2026,事业单位,马鞍山市,市,,公益一类,,当涂县地方金融服务中心,1005011.0,专业技术岗,,社会科学专技类(B类),3,1,本科及以上,本科：金融学类（0203）、财政学专业（020201K）、会计学专业（120203K）、财务管理专业（120204）、审计学专业（120207）                      研究生：财政学（二级学科，020203）、金融学（二级学科，020204）、会计学（二级学科，120201）、金融专业硕士（0251）、会计专业硕士（1253）、审计专业硕士（1257）,38周岁以下；学位：学士学位及以上,,,,,,,,,False,False,False,False,False,False,6,40,True,True,True
2026,事业单位,马鞍山市,市,,公益一类,,当涂县城市管理综合行政执法大队,1005031.0,管理岗,,综合管理类(A类),3,1,本科及以上,本科：法学专业（030101K)           研究生：法学理论（二级学科，030101）、宪法学与行政法学（二级学科，030103）、法律专业硕士（0351）,38周岁以下；学位：学士学位及以上,,,,,,,,,False,False,False,False,False,False,6,40,True,True,True
2026,事业单位,马鞍山市,市,,公益一类,,当涂县城市管理综合行政执法大队,1005032.0,管理岗,,综合管理类(A类),3,1,本科及以上,本科：法学专业（030101K)           研究生：法学理论（二级学科，030101）、宪法学与行政法学（二级学科，030103）、法律专业硕士（0351）,38周岁以下；学位：学士学位及以上；需具有法律职业资格证书A类,,,,,,,,,False,False,False,False,False,False,6,40,True,True,True
2026,事业单位,马鞍山市,市,,公益一类,,当涂县大公圩水利管理服务中心,1005023.0,专业技术岗,,自然科学专技类(C类),3,1,本科及以上,本科：水利类（0811）              研究生:水利工程（一级学科，0815）,38周岁以下；学位：学士学位及以上,,,,,,,,,False,False,False,False,False,False,6,40,True,True,True
2026,事业单位,马鞍山市,市,,公益一类,,当涂县大数据中心,1005035.0,专业技术岗,,自然科学专技类(C类),3,1,本科及以上,本科：计算机科学与技术专业（080901）、网络工程专业（080903）、信息安全专业（080904K）、数据科学与大数据技术专业（080910T）、网络空间安全专业（080911TK）            研究生：信息与通信工程（一级学科，0810）、计算机科学与技术（一级学科，0812）、网络空间安全（一级学科，0839）,38周岁以下；学位：学士学位及以上；需具有2年及以上工作经历,,,,,,,,,False,False,False,False,False,False,6,40,True,True,True
2026,事业单位,马鞍山市,市,,公益一类,,当涂县姑孰镇卫生院,1005026.0,专业技术岗,,医疗卫生类(E类),3,1,本科及以上,本科：临床医学专业（100201K)、医学影像学专业（100203TK）            研究生：临床医学专业硕士（1051）,38周岁以下；需具有执业医师《医师执业证书》，执业范围为医学影像和放射治疗专业。,,,,,,,,,False,False,False,False,False,False,6,40,True,True,True
2026,事业单位,马鞍山市,市,,公益一类,,当涂县姑孰镇卫生院,1005027.0,专业技术岗,,医疗卫生类(E类),3,1,本科及以上,本科：中医学类（1005）            研究生：中医专业硕士（1057）,38周岁以下；学位：学士学位及以上；需具有执业医师《医师执业证书》，执业范围为中医专业。本岗位须从事针灸推拿工作。,,,,,,,,,False,False,False,False,False,False,6,40,True,True,True
2026,事业单位,马鞍山市,市,,公益一类,,当涂县姑孰镇卫生院,1005028.0,专业技术岗,,医疗卫生类(E类),3,1,本科及以上,本科：麻醉学专业（100202TK）      研究生：麻醉学专业硕士（105118）,38周岁以下；学位：学士学位及以上；未取得《医师资格证书》（临床类别），其报考学历符合《医师资格报名审核规定（2014版）》规定。,,,,,,,,,False,False,False,False,False,False,6,40,True,True,True
2026,事业单位,马鞍山市,市,,公益一类,,当涂县市场监管综合行政执法大队,1005030.0,专业技术岗,,自然科学专技类(C类),3,1,本科及以上,"本科：机械类（0802）、电气类（0806）                          研究生：机械工程(一级学科，0802）、电气工程（一级学科,0808）、机械专业硕士（0855）",38周岁以下；学位：学士学位及以上,,,,,,,,,False,False,False,False,False,False,6,40,True,True,True
2026,事业单位,马鞍山市,市,,公益一类,,当涂县疾病预防控制中心,1005025.0,专业技术岗,,医疗卫生类(E类),3,1,本科及以上,本科：预防医学专业（100401K）     研究生：公共卫生专业硕士（1053）,38周岁以下；学位：学士学位及以上；未取得《医师资格证书》（公共卫生类别），其报考学历符合《医师资格报名审核规定（2014版）》规定。本岗位从事传染病调查处置工作。,,,,,,,,,False,False,False,False,False,False,6,40,True,True,True
2026,事业单位,马鞍山市,市,,公益一类,,当涂县科技创新与成果转化管理服务中心,1005009.0,专业技术岗,,自然科学专技类(C类),3,1,本科及以上,本科：工学门类（08）              研究生：工学（08）,38周岁以下；学位：学士学位及以上,,,,,,,,,False,False,False,False,False,False,6,40,True,True,True
2026,事业单位,马鞍山市,市,,公益一类,,当涂县网络安全应急指挥中心,1005006.0,管理岗,,综合管理类(A类),3,1,本科及以上,本科：新闻传播学类（0503）        研究生：新闻传播学（一级学科，0503）、新闻与传播专业硕士（0552）,38周岁以下；学位：学士学位及以上,,,,,,,,,False,False,False,False,False,False,6,40,True,True,True
2026,事业单位,马鞍山市,市,,公益一类,,当涂县网络安全应急指挥中心,1005007.0,管理岗,,综合管理类(A类),3,1,本科及以上,本科：计算机类（0809）            研究生：计算机科学与技术（一级学科，0812）、网络空间安全（一级学科，0839）,38周岁以下；学位：学士学位及以上,,,,,,,,,False,False,False,False,False,False,6,40,True,True,True
2026,事业单位,马鞍山市,市,,公益二类,,当涂县融媒体中心,1005002.0,专业技术岗,,自然科学专技类(C类),3,1,本科及以上,本科：计算机科学与技术专业(080901)、网络工程专业(080903)、信息安全专业(080904K)、数字媒体技术专业(080906)、网络空间安全专业(080911TK)、新媒体技术专业(080912T)、电子信息工程专业(080701)、通信工程专业（080703）、广播电视工程专业（080707T）                       研究生：计算机科学与技术(一级学科，0812)、网络空间安全(一级学科，0839)、通信与信息系统（二级学科，081001）、电子信息专业硕士(0854),38周岁以下；学位：学士学位及以上,,,,,,,,,False,False,False,False,False,False,6,40,True,True,True
2026,事业单位,马鞍山市,市,,公益一类,,当涂县道路运输管理服务中心,1005019.0,管理岗,,综合管理类(A类),3,1,本科及以上,本科:交通运输类(0818)             研究生:交通运输工程(一级学科，0823)、交通运输专业硕士(0861),38周岁以下；学位：学士学位及以上,,,,,,,,,False,False,False,False,False,False,6,40,True,True,True
2026,事业单位,马鞍山市,市,,公益一类,,当涂县重点工程建设管理中心,1005001.0,专业技术岗,,自然科学专技类(C类),3,1,本科及以上,"本科：土木工程专业（081001）、建筑环境与能源应用工程专业（081002）、给排水科学与工程专业（081003）、建筑电气与智能化专业（081004）、城市地下空间工程专业（081005T)、水利
水电工程专业（081101）、工程管理专业（120103）                      研究生：土木工程（一级学科，0814）、水利工程（一级学科，0815）、城市规划与设计（二级学科，081303）、市政工程（二级学科，081403）、土木水利专业硕士（0859）、工程管理专业硕士（1256）",38周岁以下；学位：学士学位及以上,,,,,,,,,False,False,False,False,False,False,6,40,True,True,True
2026,事业单位,马鞍山市,市,,公益一类,,当涂县黄池自然资源和规划管理所,1005020.0,专业技术岗,,自然科学专技类(C类),3,1,本科及以上,本科：地理科学类（0705）、计算机类（0809）、建筑类（0828）          研究生：地理学（一级学科，0705）、信息与通信工程（一级学科，0810）、计算机科学与技术（一级学科，0812）、城乡规划学（一级学科，0833）、网络空间安全（一级学科，0839）、建筑专业硕士（0851）、城乡规划专业硕士（0853）,38周岁以下；学位：学士学位及以上,,,,,,,,,False,False,False,False,False,False,6,40,True,True,True
2026,事业单位,马鞍山市,市,,公益一类,,当涂县黄池镇卫生院,1005029.0,专业技术岗,,医疗卫生类(E类),3,1,本科及以上,本科：临床医学专业（100201K)、医学影像学专业（100203TK）            研究生：临床医学专业硕士（1051）,38周岁以下；未取得《医师资格证书》（临床类别），其报考学历符合《医师资格报名审核规定（2014版）》规定。已取得《医师执业证书》，执业范围为医学影像和放射治疗专业。,,,,,,,,,False,False,False,False,False,False,6,40,True,True,True
2026,事业单位,马鞍山市,市,,公益二类,,花山区人民医院,1002004.0,专业技术岗,,医疗卫生类(E类),3,1,本科及以上,"本科：临床医学专业（100201K）
研究生：内科学（二级学科100201）、儿科学（二级学科100202）、 眼科学 （二级学科100212）、康复医学与理疗学 （二级学科100215 ）",38周岁以下，硕士以上研究生、副高级及以上职称可放宽至40周岁以下；学位：学士学位及以上；需取得执业医师资格，以研究生学历报考者本科专业须为临床医学专业,,,,,,,,,False,False,False,False,False,False,6,40,True,True,True
2026,事业单位,马鞍山市,市,,公益一类,,花山区住房管理服务中心,1002003.0,专业技术岗,,自然科学专技类(C类),3,1,本科及以上,"
本科：土木工程专业（081001）
研究生：结构工程（二级学科081402)
、市政工程（二级学科081403）






",38周岁以下；学位：学士学位及以上；具有二级建造师（建筑工程专业）及以上职业资格等级证书,,,,,,,,,False,False,False,False,False,False,6,40,True,True,True
2026,事业单位,马鞍山市,市,,公益一类,,花山区国库集中支付中心,1002001.0,专业技术岗,,社会科学专技类(B类),3,1,本科及以上,"本科：财政学类（0202）、金融学专业（020301K）、金融工程专业（020302）、会计学专业（120203K）、会计专业
研究生：财政学（二级学科020203）、金融学（二级学科020204）、会计学（二级学科120201）、金融专业硕士（0251）、税务专业硕士（0253）、会计专业硕士（1253）",38周岁以下；学位：学士学位及以上,,,,,,,,,False,False,False,False,False,False,6,40,True,True,True
2026,事业单位,马鞍山市,市,,未分类,,花山区桃源路街道党群服务中心,1002006.0,专业技术岗,,社会科学专技类(B类),3,1,本科及以上,"本科：会计学专业（120203K）
研究生：会计学（二级学科120201）、会计专业硕士（1253）",38周岁以下；学位：学士学位及以上；具有初级及以上会计专业技术资格证书,,,,,,,,,False,False,False,False,False,False,6,40,True,True,True
2026,事业单位,马鞍山市,市,,公益一类,,花山区消费维权服务中心,1002005.0,管理岗,,综合管理类(A类),3,1,本科及以上,本科：法学类(0301，不含特设专业)、法律专业                                           研究生：法学(一级学科0301)，法律专业硕士（0351）,38周岁以下；学位：学士学位及以上,,,,,,,,,False,False,False,False,False,False,6,40,True,True,True
2026,事业单位,马鞍山市,市,,未分类,,花山区湖东路街道党群服务中心,1002007.0,专业技术岗,,社会科学专技类(B类),3,1,本科及以上,"本科：会计学专业（120203K）
研究生：会计学（二级学科120201）、会计专业硕士（1253）",38周岁以下；学位：学士学位及以上,,,,,,,,,False,False,False,False,False,False,6,40,True,True,True
2026,事业单位,马鞍山市,市,,公益二类,,雨山区人民医院,1003005.0,专业技术岗,,医疗卫生类(E类),3,2,本科及以上,"本科：临床医学专业（100201K）
研究生：内科学（二级学科，100201）、老年医学（二级学科，100203）、外科学（二级学科，100210）、内科学专业硕士（105101）、老年医学专业硕士（105103）、全科医学专业硕士（105109）、外科学专业硕士（105111）",38周岁以下；学位：学士学位及以上；须取得执业医师资格，执业类别为临床,,,,,,,,,False,False,False,False,False,False,6,45,True,True,True
2026,事业单位,马鞍山市,市,,公益二类,,雨山区人民医院,1003006.0,专业技术岗,,医疗卫生类(E类),3,1,本科及以上,"本科：临床医学专业（100201K）
研究生：康复医学与理疗学（二级学科，100215）、康复医学与理疗学专业硕士（105110）",38周岁以下；学位：学士学位及以上；须取得执业医师资格，执业类别为临床，执业范围为康复医学专业,,,,,,,,,False,False,False,False,False,False,6,40,True,True,True
2026,事业单位,马鞍山市,市,,公益二类,,雨山区人民医院,1003007.0,专业技术岗,,医疗卫生类(E类),3,1,本科及以上,"本科：医学影像学专业（100203TK）
研究生：影像医学与核医学（二级学科，100207）、放射影像学专业硕士（105123）",38周岁以下；学位：学士学位及以上；须取得执业医师资格，执业类别为临床，执业范围为医学影像和放射治疗专业,,,,,,,,,False,False,False,False,False,False,6,40,True,True,True
2026,事业单位,马鞍山市,市,,公益一类,,雨山区佳山乡卫生院,1003010.0,专业技术岗,,医疗卫生类(E类),3,1,本科及以上,"本科： 针灸推拿学专业（100502K）
研究生：针灸推拿学（二级学科，100512）、针灸专业硕士（1059）",38周岁以下；学位：学士学位及以上；须取得执业医师资格，执业类别为中医,,,,,,,,,False,False,False,False,False,False,6,40,True,True,True
2026,事业单位,马鞍山市,市,,公益一类,,雨山区佳山乡卫生院,1003011.0,专业技术岗,,医疗卫生类(E类),3,1,本科及以上,"本科：临床医学专业（100201K）
研究生：内科学（二级学科，100201）、儿科学（二级学科，100202）、老年医学（二级学科，100203）、外科学（二级学科，100210）、康复医学与理疗学（二级学科，100215）、内科学专业硕士（105101）、儿科学专业硕士（105102）、老年医学专业硕士（105103）、全科医学专业硕士（105109）、康复医学与理疗学专业硕士（105110）、外科学专业硕士（105111）",38周岁以下；学位：学士学位及以上；须取得执业医师资格，执业类别为临床,,,,,,,,,False,False,False,False,False,False,6,40,True,True,True
2026,事业单位,马鞍山市,市,,公益一类,,雨山区向山镇卫生院,1003008.0,专业技术岗,,医疗卫生类(E类),3,1,本科及以上,"本科：临床医学专业（100201K）
研究生：内科学（二级学科，100201）、儿科学（二级学科，100202）、老年医学（二级学科，100203）、外科学（二级学科，100210）、康复医学与理疗学（二级学科，100215）、内科学专业硕士（105101）、儿科学专业硕士（105102）、老年医学专业硕士（105103）、全科医学专业硕士（105109）、康复医学与理疗学专业硕士（105110）、外科学专业硕士（105111）",38周岁以下；学位：学士学位及以上；须取得执业医师资格，执业类别为临床,,,,,,,,,False,False,False,False,False,False,6,40,True,True,True
2026,事业单位,马鞍山市,市,,公益一类,,雨山区向山镇卫生院,1003009.0,专业技术岗,,医疗卫生类(E类),3,1,本科及以上,"本科：中医学专业（100501K）
研究生：中医学（一级学科，1005）、中医专业硕士（1057）",38周岁以下；学位：学士学位及以上；须取得执业医师资格，执业类别为中医，执业范围为中医专业,,,,,,,,,False,False,False,False,False,False,6,40,True,True,True
2026,事业单位,马鞍山市,市,,未分类,,雨山区向山镇村镇建设综合服务中心,1003014.0,专业技术岗,,自然科学专技类(C类),3,1,本科及以上,"本科：土木类（0810）、建筑类（0828）
研究生：建筑学（一级学科，0813）、土木工程（一级学科，0814）、城乡规划学（一级学科，0833）、建筑专业硕士（0851）、城乡规划专业硕士（0853）、土木水利专业硕士（0859）",38周岁以下；学位：学士学位及以上；本岗位主要从事工程管理工作，需经常深入施工现场,,,,,,,,,False,False,False,False,False,False,6,40,True,True,True
2026,事业单位,马鞍山市,市,,公益一类,,雨山区粮食民生项目服务中心,1003002.0,管理岗,,综合管理类(A类),3,1,本科及以上,"本科：经济学门类（02）、能源动力类（0805）、化学工程与工艺专业（081301）、能源化学工程专业（081304T）、化学工程与工业生物工程专业（081305T）、环境科学与工程类 （0825）、粮食工程专业 （082703）
研究生：经济学门类（02）、动力工程及工程热物理（一级学科，0807）、化学工程与技术（一级学科，0817）、环境科学与工程（一级学科，0830）、粮食、油脂及植物蛋白工程 （二级学科，083202）、化学工程专业硕士（085602）、环境工程专业硕士（085701）、能源动力专业硕士（0858）",38周岁以下；学位：学士学位及以上,,,,,,,,,False,False,False,False,False,False,6,40,True,True,True
2026,事业单位,马鞍山市,市,,公益一类,,雨山区经济责任审计中心,1003003.0,专业技术岗,,社会科学专技类(B类),3,1,本科及以上,"本科：会计学专业（120203K）、财务管理专业（120204）、审计学专业（120207）
研究生：会计学（二级学科，120201）、企业管理（财务管理）（二级学科、120202）、会计专业硕士（1253）、审计专业硕士（1257）",38周岁以下；学位：学士学位及以上,,,,,,,,,False,False,False,False,False,False,6,40,True,True,True
2026,事业单位,马鞍山市,市,,公益一类,,雨山区统计局普查中心,1003004.0,专业技术岗,,社会科学专技类(B类),3,1,本科及以上,"本科：经济学门类（02）、数学类（0701）、统计学类（0712）、会计学专业（120203K）
研究生：经济学门类（02）、数学（一级学科，0701）、统计学（一级学科，0714）、会计学（二级学科，120201）、会计专业硕士（1253）",38周岁以下；学位：学士学位及以上；本岗位主要从事统计数据综合核算和数据分析工作，需经常加班,,,,,,,,,False,False,False,False,False,False,6,40,True,True,True
2026,事业单位,马鞍山市,市,,公益一类,,雨山区网络安全应急指挥中心,1003001.0,专业技术岗,,社会科学专技类(B类),3,1,本科及以上,"本科：新闻传播学类（0503）
研究生：新闻传播学（一级学科，0503）、新闻与传播专业硕士（0552）",38周岁以下；学位：学士学位及以上；中共党员，本岗位需经常加班和值班,,,,,,,,,False,False,False,False,False,False,6,40,True,True,True
2026,事业单位,马鞍山市,市,,未分类,,雨山区雨山街道党群服务中心,1003012.0,管理岗,,综合管理类(A类),3,1,本科及以上,"本科：土木类（0810）、建筑类（0828）
研究生：建筑学（一级学科，0813）、土木工程（一级学科，0814）、城乡规划学（一级学科，0833）、建筑专业硕士（0851）、城乡规划专业硕士（0853）、土木水利专业硕士（0859）",38周岁以下；学位：学士学位及以上,,,,,,,,,False,False,False,False,False,False,6,40,True,True,True
2026,事业单位,马鞍山市,市,,公益一类,,马鞍山市不动产登记中心,1001015.0,专业技术岗,,自然科学专技类(C类),3,1,本科及以上,"本科：计算机类（0809）、测绘类（0812）、地理信息科学专业（070504）、土地资源管理专业（120404）、自然资源登记与管理专业（120417T）
研究生：计算机科学与技术（一级学科，0812）、测绘科学与技术（一级学科，0816）、地图学与地理信息系统（二级学科，070503）、土地资源管理（二级学科，120405）",38周岁以下；学位：学士学位及以上,,,,,,,,,False,False,False,False,False,False,6,40,True,True,True
2026,事业单位,马鞍山市,市,,公益一类,,马鞍山市中心血站,1001049.0,专业技术岗,,自然科学专技类(C类),3,1,本科及以上,"本科：计算机科学与技术专业（080901）、软件工程专业（080902）、网络空间安全专业（080911TK）
研究生：网络空间安全（二级学科，083900）、计算机技术专业硕士（085404）、软件工程专业硕士（085405）",38周岁以下；学位：学士学位及以上,,,,,,,,,False,False,False,False,False,False,6,40,True,True,True
2026,事业单位,马鞍山市,市,,公益一类,,马鞍山市交通运输综合行政执法支队,1001038.0,专业技术岗,,自然科学专技类(C类),3,1,本科及以上,"本科：交通运输类（0818）
研究生：交通运输专业硕士（0861）",38周岁以下，硕士以上研究生、副高级及以上职称可放宽至40周岁以下；学位：学士学位及以上；一线执法，需经常周末加班、值夜班,,,,,,,,,False,False,False,False,False,False,6,40,True,True,True
2026,事业单位,马鞍山市,市,,公益二类,,马鞍山市产品质量监督检验所,1001058.0,专业技术岗,,自然科学专技类(C类),3,1,研究生及以上,机械工程（一级学科，0802）、材料加工工程（二级学科，080503）,38周岁以下，博士研究生、副高级及以上职称可放宽至40周岁以下；学位：硕士学位及以上；需经常出差外地检测,,,,,,,,,False,False,False,False,False,False,6,35,True,True,True
2026,事业单位,马鞍山市,市,,公益一类,,马鞍山市人才综合服务中心（市公共就业服务中心）,1001011.0,专业技术岗,,社会科学专技类(B类),3,1,本科及以上,"本科：汉语言文学专业（050101）、新闻学专业（050301）、网络与新媒体专业（050306T)
研究生：中国语言文学（一级学科，0501）、新闻传播学（一级学科，0503）、新闻与传播专业硕士（0552）",38周岁以下；学位：学士学位及以上,,,,,,,,,False,False,False,False,False,False,6,40,True,True,True
2026,事业单位,马鞍山市,市,,公益一类,,马鞍山市人民政府机关幼儿园,1001006.0,专业技术岗,,社会科学专技类(B类),3,1,本科及以上,"本科：会计学专业（120203K）
研究生：会计学（二级学科，120201）、会计专业硕士（1253）",38周岁以下；学位：学士学位及以上,,,,,,,,,False,False,False,False,False,False,6,40,True,True,True
2026,事业单位,马鞍山市,市,,公益一类,,马鞍山市住房保障和房地产开发管理中心,1001029.0,专业技术岗,,自然科学专技类(C类),3,1,本科及以上,"本科：土木工程专业（081001）、建筑类（0828）
研究生：建筑学（一级学科，0813）、土木工程（一级学科，0814）",38周岁以下；学位：学士学位及以上；具有2年及以上工作经历；需查看施工现场，经常加班,,,,,,,,,False,False,False,False,False,False,6,40,True,True,True
2026,事业单位,马鞍山市,市,,未分类,,马鞍山市住房公积金管理中心,1001072.0,专业技术岗,,社会科学专技类(B类),3,1,研究生及以上,计算机科学与技术（一级学科，0812）、软件工程（一级学科，0835）、网络空间安全（一级学科，0839）,40周岁以下；学位：硕士学位及以上,,,,,,,,,False,False,False,False,False,False,6,35,True,True,True
2026,事业单位,马鞍山市,市,,未分类,,马鞍山市住房公积金管理中心,1001073.0,专业技术岗,,社会科学专技类(B类),3,1,本科及以上,"本科：法学专业（030101K）
研究生：法学（一级学科，0301）",38周岁以下，硕士以上研究生、副高级及以上职称可放宽至40周岁以下；学位：学士学位及以上,,,,,,,,,False,False,False,False,False,False,6,40,True,True,True
2026,事业单位,马鞍山市,市,,公益一类,,马鞍山市保健管理中心,1001048.0,专业技术岗,,社会科学专技类(B类),3,1,研究生及以上,会计学（二级学科，120201）、会计专业硕士（1253）,38周岁以下，博士研究生、副高级及以上职称可放宽至40周岁以下；学位：硕士学位及以上,,,,,,,,,False,False,False,False,False,False,6,35,True,True,True
2026,事业单位,马鞍山市,市,,公益一类,,马鞍山市公路管理服务中心,1001040.0,专业技术岗,,自然科学专技类(C类),3,3,本科及以上,"本科：交通工程专业（081802）、道路桥梁与渡河工程专业（081006T）
研究生：道路与铁道工程（二级学科，082301）、桥梁与隧道工程（二级学科，081406）",38周岁以下，硕士以上研究生、副高级及以上职称可放宽至40周岁以下；学位：学士学位及以上,,,,,,,,,False,False,False,False,False,False,6,50,True,True,True
2026,事业单位,马鞍山市,市,,公益一类,,马鞍山市农产品质量安全管理中心,1001043.0,专业技术岗,,自然科学专技类(C类),3,1,本科及以上,"本科：生物技术专业（071002）、食品科学与工程类（0827）
研究生：生物学（一级学科，0710）、食品科学与工程（一级学科，0832）",38周岁以下，硕士以上研究生、副高级及以上职称可放宽至40周岁以下；学位：学士学位及以上,,,,,,,,,False,False,False,False,False,False,6,40,True,True,True
2026,事业单位,马鞍山市,市,,公益一类,,马鞍山市博望自然资源和规划管理所,1001017.0,专业技术岗,,自然科学专技类(C类),3,1,本科及以上,"本科：土木工程专业（081001）、地质工程专业（081401）、土地资源管理专业（120404）
研究生：土木工程（一级学科，0814）、地质工程专业（二级学科，081803）、土地资源管理（二级学科，120405）",38周岁以下；学位：学士学位及以上,,,,,,,,,False,False,False,False,False,False,6,40,True,True,True
2026,事业单位,马鞍山市,市,,公益一类,,马鞍山市博物馆,1001045.0,专业技术岗,,社会科学专技类(B类),3,1,本科及以上,"本科：传播学专业（050304）
研究生：传播学（二级学科，050302）",38周岁以下；学位：学士学位及以上；具有1年及以上文案编辑或视频制作或公众号平台运营工作经历,,,,,,,,,False,False,False,False,False,False,6,40,True,True,True
2026,事业单位,马鞍山市,市,,公益一类,,马鞍山市国库集中支付中心,1001009.0,专业技术岗,,社会科学专技类(B类),3,1,本科及以上,"本科：经济学门类（02）、会计学专业（120203K）、财务管理专业（120204）、审计学专业（120207）、资产评估专业（120208）
研究生：应用经济学（一级学科，0202）、金融专业硕士（0251）、应用统计专业硕士（0252）、税务专业硕士（0253）、资产评估专业硕士（0256）、会计学（二级学科，120201）、会计专业硕士（1253）、审计专业硕士（1257）",38周岁以下；学位：学士学位及以上,,,,,,,,,False,False,False,False,False,False,6,40,True,True,True
2026,事业单位,马鞍山市,市,,公益一类,,马鞍山市图书馆,1001046.0,专业技术岗,,社会科学专技类(B类),3,1,本科及以上,"本科：古典文献学专业（050105）、社会学专业（030301）
研究生：历史文献学（二级学科，060104）、中国古典文献学（二级学科，050104）、社会学（二级学科，030301）",38周岁以下，硕士以上研究生可放宽至40周岁以下；学位：学士学位及以上,,,,,,,,,False,False,False,False,False,False,6,40,True,True,True
2026,事业单位,马鞍山市,市,,公益一类,,马鞍山市土地储备中心,1001014.0,专业技术岗,,社会科学专技类(B类),3,1,本科及以上,"本科：经济学类（0201）、财务管理专业（120204）、人力资源管理专业（120206）、土地资源管理专业（120404）
研究生：理论经济学（一级学科，0201）、土地资源管理（二级学科，120405）",38周岁以下；学位：学士学位及以上,,,,,,,,,False,False,False,False,False,False,6,40,True,True,True
2026,事业单位,马鞍山市,市,,公益一类,,马鞍山市城市建设档案馆（市城市地下管线建设管理服务中心）,1001034.0,专业技术岗,,社会科学专技类(B类),3,1,本科及以上,"本科：图书情报与档案管理类（1205）
研究生：信息资源管理（一级学科，1205）、图书情报专业硕士（1255）",38周岁以下；学位：学士学位及以上,,,,,,,,,False,False,False,False,False,False,6,40,True,True,True
2026,事业单位,马鞍山市,市,,公益一类,,马鞍山市城市更新发展服务中心,1001035.0,管理岗,,综合管理类(A类),3,1,本科及以上,"本科：法学门类（03）、文学门类（05）
研究生：法学（03）、文学（05）",38周岁以下；学位：学士学位及以上,,,,,,,,,False,False,False,False,False,False,6,40,True,True,True
2026,事业单位,马鞍山市,市,,公益一类,,马鞍山市宁马省际毗邻地区新型功能区发展服务中心,1001071.0,管理岗,,综合管理类(A类),3,1,本科及以上,"本科：马克思主义理论类（0305）
研究生：马克思主义理论（一级学科，0305）",38周岁以下，硕士以上研究生、副高级及以上职称可放宽至40周岁以下；学位：学士学位及以上；中共党员,,,,,,,,,False,False,False,False,False,False,6,40,True,True,True
2026,事业单位,马鞍山市,市,,公益二类,,马鞍山市工人文化宫,1001078.0,专业技术岗,,社会科学专技类(B类),3,1,本科及以上,"本科：设计学类（1305）
研究生：设计专业硕士（1357）、设计艺术学（二级学科，050404）",38周岁以下；学位：学士学位及以上,,,,,,,,,False,False,False,False,False,False,6,40,True,True,True
2026,事业单位,马鞍山市,市,,公益二类,,马鞍山市工人文化宫,1001079.0,专业技术岗,,社会科学专技类(B类),3,1,本科及以上,"本科：音乐与舞蹈学类（1302）
研究生：音乐专业硕士（1352）、舞蹈专业硕士（1353）、音乐学（二级学科，050402）、舞蹈学（二级学科，050408）",38周岁以下；学位：学士学位及以上,,,,,,,,,False,False,False,False,False,False,6,40,True,True,True
2026,事业单位,马鞍山市,市,,公益一类,,马鞍山市市场监管综合行政执法支队,1001051.0,专业技术岗,,社会科学专技类(B类),3,1,本科及以上,"本科：法学类（0301）
研究生：法学（一级学科，0301）",38周岁以下，硕士以上研究生、副高级及以上职称可放宽至40周岁以下；学位：学士学位及以上；录用后赴博望大队工作,,,,,,,,,False,False,False,False,False,False,6,40,True,True,True
2026,事业单位,马鞍山市,市,,公益一类,,马鞍山市市场监管综合行政执法支队,1001052.0,专业技术岗,定向招聘服务基层项目人员,社会科学专技类(B类),3,1,本科及以上,"本科：法学类（0301）
研究生：法学（一级学科，0301）",38周岁以下，硕士以上研究生、副高级及以上职称可放宽至40周岁以下；学位：学士学位及以上；录用后赴博望大队工作,,,,,,,,,True,False,False,False,False,False,6,55,True,True,True
2026,事业单位,马鞍山市,市,,公益一类,,马鞍山市市政管理处,1001031.0,专业技术岗,,自然科学专技类(C类),3,1,本科及以上,"本科：电气工程及其自动化专业（080601）、土木工程专业（081001）、给排水科学与工程专业（081003）、道路桥梁与渡河工程专业（081006T）、工程管理专业（120103）、工程造价专业（120105）
研究生：市政工程（二级学科，081403）、管理科学与工程（一级学科，1201）",38周岁以下；学位：学士学位及以上；具有2年及以上工作经历,,,,,,,,,False,False,False,False,False,False,6,40,True,True,True
2026,事业单位,马鞍山市,市,,公益一类,,马鞍山市应急指挥中心,1001050.0,专业技术岗,,自然科学专技类(C类),3,1,本科及以上,"本科：电子信息工程专业（080701）、电子科学与技术专业（080702）、通信工程专业（080703）、光电信息科学与工程专业（080705）、电子信息科学与技术专业（080714T）
研究生：信息与通信工程（一级学科，0810）",38周岁以下；学位：学士学位及以上；需参加值班值守工作,,,,,,,,,False,False,False,False,False,False,6,40,True,True,True
2026,事业单位,马鞍山市,市,,公益一类,,马鞍山市建筑管理处,1001021.0,专业技术岗,,社会科学专技类(B类),3,1,本科及以上,"本科：法学专业（030101K）
研究生：宪法学与行政法学（二级学科，030103）",38周岁以下；学位：学士学位及以上,,,,,,,,,False,False,False,False,False,False,6,40,True,True,True
2026,事业单位,马鞍山市,市,,公益一类,,马鞍山市建筑管理处,1001023.0,专业技术岗,,自然科学专技类(C类),3,1,本科及以上,"本科：土木工程专业（081001）、安全工程专业（082901）、工程管理专业（120103）
研究生：土木工程（一级学科，0814）",38周岁以下；学位：学士学位及以上,,,,,,,,,False,False,False,False,False,False,6,40,True,True,True
2026,事业单位,马鞍山市,市,,公益一类,,马鞍山市建设工程消防监督管理服务中心,1001027.0,专业技术岗,,自然科学专技类(C类),3,1,本科及以上,本科：建筑电气与智能化专业（081004）、电气工程及其自动化专业（080601）、消防工程专业（083102K）、安全工程专业（082901）                                                                                                               研究生：电气工程（一级学科，0808）,38周岁以下；学位：学士学位及以上,,,,,,,,,False,False,False,False,False,False,6,40,True,True,True
2026,事业单位,马鞍山市,市,,公益一类,,马鞍山市建设工程监督站（市建筑工程施工安全文明监察站）,1001024.0,专业技术岗,,自然科学专技类(C类),3,1,本科及以上,"本科：土木工程专业（081001）
研究生：结构工程（二级学科，081402）",38周岁以下；学位：学士学位及以上,,,,,,,,,False,False,False,False,False,False,6,40,True,True,True
2026,事业单位,马鞍山市,市,,公益一类,,马鞍山市建设工程监督站（市建筑工程施工安全文明监察站）,1001025.0,专业技术岗,,自然科学专技类(C类),3,1,本科及以上,"本科：给排水科学与工程专业（081003）
研究生：结构工程（二级学科，081402）",38周岁以下；学位：学士学位及以上,,,,,,,,,False,False,False,False,False,False,6,40,True,True,True
2026,事业单位,马鞍山市,市,,公益一类,,马鞍山市建设工程监督站（市建筑工程施工安全文明监察站）,1001026.0,专业技术岗,,自然科学专技类(C类),3,1,本科及以上,"本科：建筑电气与智能化专业（081004）
研究生：结构工程（二级学科，081402）",38周岁以下；学位：学士学位及以上,,,,,,,,,False,False,False,False,False,False,6,40,True,True,True
2026,事业单位,马鞍山市,市,,公益一类,,马鞍山市房地产产权市场管理处,1001032.0,专业技术岗,,社会科学专技类(B类),3,1,本科及以上,"本科：汉语言文学专业（050101）、法学专业（030101K）
研究生：中国语言文学（一级学科，0501）、法学（一级学科，0301）、法律专业硕士（0351）",38周岁以下；学位：学士学位及以上；具有2年及以上工作经历,,,,,,,,,False,False,False,False,False,False,6,40,True,True,True
2026,事业单位,马鞍山市,市,,公益一类,,马鞍山市房地产产权市场管理处,1001033.0,专业技术岗,,社会科学专技类(B类),3,1,本科及以上,"本科：会计学专业（120203K）
研究生：会计学（二级学科，120201）、会计专业硕士（1253）",38周岁以下；学位：学士学位及以上；具有2年及以上工作经历和中级及以上会计职称,,,,,,,,,False,False,False,False,False,False,6,40,True,True,True
2026,事业单位,马鞍山市,市,,公益一类,,马鞍山市政协文史资料编辑部（市政协机关信息中心）,1001077.0,管理岗,,综合管理类(A类),3,1,本科及以上,"本科：中国语言文学类（0501）、历史学类（0601）、计算机类（0809）、会计学专业（120203K）
研究生：中国语言文学（一级学科，0501）、 历史学（06）、计算机科学与技术（一级学科，0812）、会计学（二级学科，120201）、会计专业硕士（1253）",38周岁以下；学位：学士学位及以上,,,,,,,,,False,False,False,False,False,False,6,40,True,True,True
2026,事业单位,马鞍山市,市,,公益一类,,马鞍山市教育发展服务中心（市教师培训中心）,1001007.0,专业技术岗,,社会科学专技类(B类),3,1,本科及以上,"本科：汉语言文学专业（050101）、汉语言专业（050102）、应用语言学专业（050106T）、应用中文专业（050113T）、汉语国际教育专业（050103）
研究生：语言学及应用语言学（二级学科，050102）、汉语言文字学（二级学科，050103）、中国古代文学（二级学科，050105）、中国现当代文学（二级学科，050106）",38周岁以下，硕士以上研究生、副高级及以上职称可放宽至40周岁以下；学位：学士学位及以上,,,,,,,,,False,False,False,False,False,False,6,40,True,True,True
2026,事业单位,马鞍山市,市,,公益一类,,马鞍山市文化馆,1001044.0,专业技术岗,,社会科学专技类(B类),3,1,本科及以上,"本科：会计学专业（120203K）
研究生：会计学（二级学科，120201)、会计专业硕士（1253）",38周岁以下；学位：学士学位及以上；具有2年及以上会计工作经历,,,,,,,,,False,False,False,False,False,False,6,40,True,True,True
2026,事业单位,马鞍山市,市,,公益二类,,马鞍山市新闻传媒中心,1001003.0,专业技术岗,,社会科学专技类(B类),3,2,本科及以上,"本科：新闻学专业（050301）、广播电视学专业（050302）、广告学专业（050303）、传播学专业（050304）、编辑出版学专业（050305）、网络与新媒体专业（050306T）、国际新闻与传播专业（050309T）、电影学专业（130303）、广播电视编导专业（130305）、播音与主持艺术专业（130309）、视觉传达设计专业（130502）、数字媒体艺术专业（130508）、新媒体艺术专业（130511T）
研究生：新闻传播学（一级学科，0503）、新闻与传播专业硕士（0552）、出版专业硕士（0553）、广播电视专业硕士（135105）、艺术设计专业硕士（135108）、戏剧与影视专业硕士（1354）、设计专业硕士（1357）","38周岁以下，硕士以上研究生、具有新闻系列或播音主持系列副高级及以上职称放宽至40周岁以下；学位：学士学位及以上；主要从事全媒体内容生产工作；具有2年及以上新闻媒体采编或播音主持工作经历,同时持有《新闻记者职业资格考试成绩合格证明》或者持有《新闻采编资格培训合格证》《全国广播电视播音员主持人资格考试合格证》《全国广播电视编辑记者资格考试合格证》《广播电视编辑记者证》《播音员主持人证》《互联网新闻采编培训合格证书》6种证书其中之一",,,,,,,,,False,False,False,False,False,False,6,45,True,True,True
2026,事业单位,马鞍山市,市,,公益二类,,马鞍山市新闻传媒中心,1001004.0,专业技术岗,,自然科学专技类(C类),3,1,本科及以上,本科：信息与计算科学专业（070102）、电子信息工程专业（080701）、通信工程专业（080703）、广播电视工程专业（080707T）、计算机科学与技术专业（080901）、新媒体技术专业（080912T）                                                                              研究生：信息与通信工程（一级学科，0810）、计算机科学与技术（一级学科，0812）、电子信息专业硕士（0854）,38周岁以下，硕士以上研究生、具有广电工程专业副高级及以上职称放宽至40周岁以下；学位：学士学位及以上；主要从事广播电视技术维护及台站夜间值班工作；具有2年及以上广播电视技术维护工作经历,,,,,,,,,False,False,False,False,False,False,6,40,True,True,True
2026,事业单位,马鞍山市,市,,公益二类,,马鞍山市新闻传媒中心,1001005.0,专业技术岗,,社会科学专技类(B类),3,1,本科及以上,"本科：会计学专业（120203K）、财务管理专业（120204）
研究生：会计学（二级学科，120201）、会计专业硕士（1253）",38周岁以下；学位：学士学位及以上；具有中级及以上会计职称和2年及以上财务工作经历,,,,,,,,,False,False,False,False,False,False,6,40,True,True,True
2026,事业单位,马鞍山市,市,,公益二类,,马鞍山市林场,1001059.0,专业技术岗,,社会科学专技类(B类),3,1,本科及以上,"本科：会计学专业（120203K）、财务管理专业（120204）、审计学专业（120207）
研究生：会计学（二级学科，120201）、会计专业硕士（1253）、审计专业硕士（1257）",38周岁以下；学位：学士学位及以上,,,,,,,,,False,False,False,False,False,False,6,40,True,True,True
2026,事业单位,马鞍山市,市,,公益一类,,马鞍山市林长制推进中心,1001060.0,专业技术岗,,自然科学专技类(C类),3,1,本科及以上,"本科：林学类（0905）、风景园林专业（082803）、植物保护专业（090103）、植物科学与技术专业（090104）、野生动物与自然保护区管理专业（090202）、湿地保护与恢复专业（090206T）、生态修复学专业（090208TK）、动植物检疫专业（090403T）
研究生：植物保护（一级学科，0904）、林学（一级学科，0907）、植物学（二级学科，071001）、城市规划与设计(含：风景园林规划与设计）（二级学科，081303）、风景园林专业硕士（0862）、林业专业硕士（0954）",38周岁以下；学位：学士学位及以上,,,,,,,,,False,False,False,False,False,False,6,40,True,True,True
2026,事业单位,马鞍山市,市,,公益二类,,马鞍山市殡仪馆,1001012.0,管理岗,,综合管理类(A类),3,1,本科及以上,"本科：法学专业（030101K）
研究生：法学（一级学科，0301）",38周岁以下，硕士以上研究生、副高级及以上职称可放宽至40周岁以下；学位：学士学位及以上；具有2年及以上工作经历；因工作单位特殊性，需要经常参加夜班值班及周末加班，工作岗位会有负重工作，需参与殡仪服务等,,,,,,,,,False,False,False,False,False,False,6,40,True,True,True
2026,事业单位,马鞍山市,市,,公益一类,,马鞍山市水环境治理保护中心,1001037.0,专业技术岗,,自然科学专技类(C类),3,2,本科及以上,"本科：电气工程及其自动化专业（080601）、土木工程专业（081001）、给排水科学与工程专业（081003）、道路桥梁与渡河工程专业（081006T）、工程管理专业（120103）、工程造价专业（120105）
研究生：市政工程（二级学科，081403）、管理科学与工程（一级学科，1201）",38周岁以下；学位：学士学位及以上；具有2年及以上工作经历,,,,,,,,,False,False,False,False,False,False,6,45,True,True,True
2026,事业单位,马鞍山市,市,,公益二类,,马鞍山市特种设备监督检验中心,1001053.0,专业技术岗,,自然科学专技类(C类),3,1,本科及以上,"本科：机械类（0802）、仪器类（0803）、材料类（0804）、能源动力类（0805）、电气类（0806）、自动化类（0808）、化工与制药类（0813）、安全科学与工程类（0829）、物理学类（0702）、化学类（0703）、电子信息类（0807）
研究生：机械工程（一级学科，0802）、材料科学与工程（一级学科，0805）、动力工程及工程热物理（一级学科，0807）、化学工程与技术（一级学科，0817）、物理学（一级学科，0702）、化学（一级学科，0703）、机械专业硕士（0855）、材料与化工专业硕士（0856）、控制科学与工程（一级学科，0811）",38周岁以下，硕士以上研究生、副高级及以上职称可放宽至40周岁以下；学位：学士学位及以上；具有锅炉检验师资格证,,,,,,,,,False,False,False,False,False,False,6,40,True,True,True
2026,事业单位,马鞍山市,市,,公益一类,,马鞍山市知识产权保护中心,1001055.0,专业技术岗,,自然科学专技类(C类),3,1,研究生及以上,机械工程（一级学科，0802）,38周岁以下，博士研究生、副高级及以上职称可放宽至40周岁以下；学位：硕士学位及以上；从事一线工作，需经常加班和出差,,,,,,,,,False,False,False,False,False,False,6,35,True,True,True
2026,事业单位,马鞍山市,市,,公益一类,,马鞍山市知识产权保护中心,1001056.0,专业技术岗,,自然科学专技类(C类),3,1,研究生及以上,环境科学与工程（一级学科，0830）,38周岁以下，博士研究生、副高级及以上职称可放宽至40周岁以下；学位：硕士学位及以上；从事一线工作，需经常加班和出差,,,,,,,,,False,False,False,False,False,False,6,35,True,True,True
2026,事业单位,马鞍山市,市,,公益一类,,马鞍山市知识产权保护中心,1001057.0,专业技术岗,,自然科学专技类(C类),3,1,研究生及以上,知识产权专业硕士（0354）,38周岁以下，博士研究生、副高级及以上职称可放宽至40周岁以下；学位：硕士学位及以上；从事一线工作，需经常加班和出差,,,,,,,,,False,False,False,False,False,False,6,35,True,True,True
2026,事业单位,马鞍山市,市,,公益一类,,马鞍山市科技馆,1001080.0,专业技术岗,,自然科学专技类(C类),3,1,本科及以上,"本科：数学类（0701）、物理学类（0702）、化学类（0703）、机械类（0802）
研究生：数学（一级学科，0701）、物理学（一级学科，0702）、化学（一级学科，0703）、机械工程（一级学科，0802）",38周岁以下；学位：学士学位及以上,,,,,,,,,False,False,False,False,False,False,6,40,True,True,True
2026,事业单位,马鞍山市,市,,公益二类,,马鞍山市计量测试研究所,1001054.0,专业技术岗,,自然科学专技类(C类),3,2,本科及以上,"本科：化学类（0703）、机械类（0802）、电气类（0806）
研究生：化学（一级学科，0703）、机械工程（一级学科，0802）、仪器科学与技术（一级学科，0804）",38周岁以下，硕士以上研究生、副高级及以上职称可放宽至40周岁以下；学位：学士学位及以上,,,,,,,,,False,False,False,False,False,False,6,45,True,True,True
2026,事业单位,马鞍山市,市,,公益一类,,马鞍山市轨道（隧道）交通建设工程质量安全监督站,1001028.0,专业技术岗,,自然科学专技类(C类),3,1,本科及以上,"本科：电气工程及其自动化专业（080601）、土木工程专业（081001）
研究生：电气工程（一级学科，0808）",38周岁以下；学位：学士学位及以上,,,,,,,,,False,False,False,False,False,False,6,40,True,True,True
2026,事业单位,马鞍山市,市,,公益一类,,马鞍山市道路运输管理服务中心,1001041.0,专业技术岗,,自然科学专技类(C类),3,2,本科及以上,"本科：计算机科学与技术专业（080901）
研究生：计算机应用技术（二级学科，081203）",38周岁以下，硕士以上研究生可放宽至40周岁以下；学位：学士学位及以上,,,,,,,,,False,False,False,False,False,False,6,45,True,True,True
2026,事业单位,马鞍山市,市,,公益一类,,马鞍山市道路运输管理服务中心,1001042.0,专业技术岗,,自然科学专技类(C类),3,2,本科及以上,"本科：交通运输专业（081801）
研究生：交通运输工程（一级学科，0823）",38周岁以下，硕士以上研究生可放宽至40周岁以下；学位：学士学位及以上,,,,,,,,,False,False,False,False,False,False,6,45,True,True,True
2026,事业单位,马鞍山市,市,,未分类,,马鞍山市采石矶景区管理处,1001075.0,管理岗,,综合管理类(A类),3,1,本科及以上,"本科：文物与博物馆学专业（060104）
研究生：考古学（一级学科，0601)、博物馆专业硕士（0651）",38周岁以下，硕士以上研究生可放宽至40周岁以下；学位：学士学位及以上,,,,,,,,,False,False,False,False,False,False,6,40,True,True,True
2026,事业单位,马鞍山市,市,,未分类,,马鞍山市采石矶景区管理处,1001076.0,管理岗,,综合管理类(A类),3,1,本科及以上,"本科：金融学专业（020301K）、会计学专业（120203K）、审计学专业（120207）
研究生：应用经济学（一级学科，0202）、金融专业硕士（0251）、会计学(二级学科，120201)、会计专业硕士（1253）、审计专业硕士（1257）",38周岁以下，硕士以上研究生可放宽至40周岁以下；学位：学士学位及以上,,,,,,,,,False,False,False,False,False,False,6,40,True,True,True
2026,事业单位,马鞍山市,市,,公益一类,,马鞍山市金融发展服务中心,1001010.0,专业技术岗,,自然科学专技类(C类),3,1,本科及以上,"本科：计算机科学与技术专业（080901）、软件工程专业（080902）、网络工程专业（080903）、信息安全专业（080904K）、网络空间安全专业（080911TK）
研究生：计算机科学与技术（一级学科，0812）、软件工程（一级学科，0835)、网络空间安全（一级学科，0839）",38周岁以下；学位：学士学位及以上,,,,,,,,,False,False,False,False,False,False,6,40,True,True,True
2026,事业单位,马鞍山市,市,,公益一类,,马鞍山市青少年实践教育中心,1001008.0,专业技术岗,,社会科学专技类(B类),3,1,本科及以上,"本科：法学专业（030101K）
研究生：法学（一级学科，0301）",38周岁以下，硕士以上研究生、副高级及以上职称可放宽至40周岁以下；学位：学士学位及以上,,,,,,,,,False,False,False,False,False,False,6,40,True,True,True
2026,事业单位,黄山市,市,,,,黄山区乡镇卫生院,1704007.0,专业技术,汤口镇卫生院、新华乡卫生院各1名，录聘后从高分到低分选岗,,3,2,本科及以上,"本科：临床医学专业、中医学专业、中西医临床医学专业；
研究生：临床医学（一级学科）、中医学（一级学科）、中西医结合（一级学科）",38周岁以下；学位：学士及以上；取得主治医师及以上职称者，学历可放宽至大专（大专：临床医学专业、中医学专业），年龄可放宽至40周岁以下,,,,,,,,,False,False,False,False,False,False,14,40,True,True,True
2026,事业单位,黄山市,市,,,,黄山区交通运输管理中心,1704005.0,管理,,,3,1,本科及以上,"本科：道路桥梁与渡河工程专业，交通工程专业，土木工程专业，土木、水利与交通工程专业，自动化类；
研究生：土木工程（一级学科）、交通运输工程（一级学科）、控制科学与工程（一级学科）",38周岁以下；学位：学士及以上,,,,,,,,,False,False,False,False,False,False,14,35,True,True,True
2026,事业单位,黄山市,市,,,,黄山区市政园林环卫管理处,1704004.0,管理,经常室外作业，适合男性报考,,3,1,本科及以上,本科：土木工程专业、给排水科学与工程专业、环境工程专业、风景园林专业、园林专业；                      研究生：土木工程（一级学科）、环境科学与工程（一级学科）、风景园林（专业学位）、园林植物与观赏园艺（二级学科）,38周岁以下；学位：学士及以上,,,,,,,,,False,False,False,False,False,False,14,35,True,True,True
2026,事业单位,黄山市,市,,,,黄山区建设工程质量管理中心,1704003.0,专业技术,,,3,1,本科及以上,"本科：土木类；
研究生：土木工程（一级学科）",38周岁以下；学位：学士及以上,,,,,,,,,False,False,False,False,False,False,14,35,True,True,True
2026,事业单位,黄山市,市,,,,黄山区疾病预防控制中心,1704006.0,专业技术,需经常夜间作业、常出外勤，适合男性报名,,3,1,本科及以上,"本科：预防医学专业；
研究生：公共卫生与预防医学（一级学科）",38周岁以下；学位：学士及以上,,,,,,,,,False,False,False,False,False,False,14,35,True,True,True
2026,事业单位,黄山市,市,,,,黄山区网络安全和对外宣传中心,1704001.0,管理,,,3,1,本科及以上,"本科：汉语言文学专业、新闻学专业；
研究生：中国语言文学（一级学科）、新闻传播学（一级学科）",38周岁以下；学位：学士及以上,,,,,,,,,False,False,False,False,False,False,14,35,True,True,True
2026,事业单位,黄山市,市,,,,黄山区财政金融事务管理中心,1704002.0,管理,,,3,1,本科及以上,"本科:会计学专业、审计学专业、税收学专业；
研究生：会计学（二级学科）、会计（专业学位）、审计（专业学位）、税务（专业学位）",38周岁以下；学位：学士及以上,,,,,,,,,False,False,False,False,False,False,14,35,True,True,True
