year,exam_type,city,affiliation,region_name,system_type,department_code,department_name,position_code,position_name,position_desc,exam_category,open_ratio,recruit_count,education,major_requirement,other_requirements,apply_count,competition_ratio,min_entry_score,max_entry_score,max_xingce_score,max_shenlun_score,max_police_score,min_police_score
2026,事业单位,六安市,市,,,,三元镇财政和资产管理服务中心,907008.0,专业技术,,,3,1,,,,,,,,,,,
2026,事业单位,六安市,市,,,,上土市镇便民服务中心,903035.0,专业技术,结构化面试,社会科学专技类(B类),3,1,大专及以上,"专科：工商管理类（5306）、电子商务类（5307）
本科：工商管理类（1202）、农业经济管理类（1203）、公共管理类（1204）、电子商务类（1208）、旅游管理类（1209）
研究生：专业不限",38周岁及以下,,,,,,,,
2026,事业单位,六安市,市,,,,上土市镇便民服务中心,903036.0,专业技术,结构化面试,自然科学专技类(C类),3,1,大专及以上,"专科：电子信息类（5101）、计算机类（5102）
本科：电子信息类（0807）、计算机类（0809）
研究生：专业不限",38周岁及以下,,,,,,,,
2026,事业单位,六安市,市,,,,上土市镇经济发展和农业农村服务中心,903034.0,专业技术,结构化面试,社会科学专技类(B类),3,1,大专及以上,"专科：财政税务类（5301）
本科：经济学类（0201）、财政学类（0202）、金融学类（0203）
研究生：专业不限",38周岁及以下,,,,,,,,
2026,事业单位,六安市,市,,,,上土市镇综合行政执法大队,903037.0,管理,结构化面试,综合管理类(A类),3,1,大专及以上,"专科：建筑设计类（4401）、城乡规划与管理类（4402）
本科：材料类（0804）、电气类（0806）、土木类（0810）、建筑类（0828）
研究生：专业不限",38周岁及以下,,,,,,,,
2026,事业单位,六安市,市,,,,下属事业单位,905001.0,专业技术岗,"专业测试。
",,3,2,,,,,,,,,,,
2026,事业单位,六安市,市,,,,下属事业单位,905002.0,专业技术岗,"1.专业测试；
2.定向招聘“服务基层项目人员”。",,3,1,,,,,,,,,,,
2026,事业单位,六安市,市,,,,下属事业单位,905003.0,专业技术岗,"专业测试。
",,3,1,,,,,,,,,,,
2026,事业单位,六安市,市,,,,下属事业单位,905004.0,专业技术岗,"专业测试。
",,3,1,,,,,,,,,,,
2026,事业单位,六安市,市,,,,中共六安市裕安区委党校,906001.0,专业技术岗位,专业测试,,3,1,,,,,,,,,,,
2026,事业单位,六安市,市,,,,中共六安市裕安区委党校,906002.0,专业技术岗位,专业测试,,3,1,,,,,,,,,,,
2026,事业单位,六安市,市,,,,中共舒城县委政策研究中心,904002.0,管理,,,3,1,,,,,,,,,,,
2026,事业单位,六安市,市,,,,临水镇卫生院,902027.0,专业技术岗,专业测试,医疗卫生类(E类),3,1,大专及以上,,38周岁及以下；具有执业助理医师及以上资格证书,,,,,,,,
2026,事业单位,六安市,市,,,,乌龙镇卫生院,902032.0,专业技术岗,专业测试,医疗卫生类(E类),3,1,大专及以上,,38周岁及以下,,,,,,,,
2026,事业单位,六安市,市,,,,乡镇下属事业单位,908083.0,专业技术岗,,,3,11,,,,,,,,,,,
2026,事业单位,六安市,市,,,,便民服务中心,908074.0,专业技术岗,,,3,1,,,,,,,,,,,
2026,事业单位,六安市,市,,,,便民服务中心,908082.0,专业技术岗,,,3,1,,,,,,,,,,,
2026,事业单位,六安市,市,,,,六安市不动产登记中心,901057.0,专业技术岗,专业测试2,,3,1,,,,,,,,,,,
2026,事业单位,六安市,市,,,,六安市不动产登记中心,901058.0,专业技术岗,专业测试2,,3,1,,,,,,,,,,,
2026,事业单位,六安市,市,,,,六安市交通建设工程质量监督处,901077.0,专业技术岗,专业测试2,,3,1,,,,,,,,,,,
2026,事业单位,六安市,市,,,,六安市交通运输综合行政执法支队,901075.0,管理岗,专业测试2,,3,1,,,,,,,,,,,
2026,事业单位,六安市,市,,,,六安市交通运输综合行政执法支队,901076.0,专业技术岗,专业测试2,,3,1,,,,,,,,,,,
2026,事业单位,六安市,市,,,,六安市交通运输财务管理中心,901078.0,专业技术岗,专业测试2,,3,1,,,,,,,,,,,
2026,事业单位,六安市,市,,,,六安市产品质量监督检验所,901098.0,专业技术岗,专业测试2,,3,1,,,,,,,,,,,
2026,事业单位,六安市,市,,,,六安市产品质量监督检验所,901099.0,专业技术岗,专业测试2,,3,1,,,,,,,,,,,
2026,事业单位,六安市,市,,,,"六安市人大常委会机关信息中心
（市人大常委会预算联网监督中心）",901034.0,管理岗,"1.专业测试2；
2.专项招聘应届毕业生",,3,1,,,,,,,,,,,
2026,事业单位,六安市,市,,,,六安市人才综合服务中心（六安市公共就业服务中心）,901054.0,专业技术岗,"1.专业测试2；
2.定向招聘“服务基层项目”人员",,3,1,,,,,,,,,,,
2026,事业单位,六安市,市,,,,六安市住房公积金中心,901031.0,管理岗,专业测试2,,3,1,,,,,,,,,,,
2026,事业单位,六安市,市,,,,六安市住房公积金中心,901032.0,管理岗,专业测试2,,3,1,,,,,,,,,,,
2026,事业单位,六安市,市,,,,六安市住房公积金中心,901033.0,专业技术岗,专业测试2,,3,1,,,,,,,,,,,
2026,事业单位,六安市,市,,,,六安市住房建设信息中心,901072.0,专业技术岗,专业测试2,,3,1,,,,,,,,,,,
2026,事业单位,六安市,市,,,,六安市体育运动学校,901039.0,专业技术岗,专业测试2,,3,1,,,,,,,,,,,
2026,事业单位,六安市,市,,,,六安市体育运动学校,901040.0,专业技术岗,专业测试2,,3,1,,,,,,,,,,,
2026,事业单位,六安市,市,,,,六安市公路管理局霍山分局,903003.0,专业技术,结构化面试,自然科学专技类(C类),3,2,本科及以上,"本科：土木工程（081001）、道路桥梁与渡河工程（081006T）
研究生：土木工程（0814或085901）",38周岁及以下,,,,,,,,
2026,事业单位,六安市,市,,,,六安市农业科学研究院,901079.0,专业技术岗,专业测试2,,3,1,,,,,,,,,,,
2026,事业单位,六安市,市,,,,六安市农业科学研究院,901080.0,专业技术岗,专业测试2,,3,1,,,,,,,,,,,
2026,事业单位,六安市,市,,,,六安市农村公共事业服务中心,901082.0,专业技术岗,专业测试2,,3,1,,,,,,,,,,,
2026,事业单位,六安市,市,,,,六安市医疗紧急救援中心,901089.0,专业技术岗,专业测试2,,3,1,,,,,,,,,,,
2026,事业单位,六安市,市,,,,六安市卫生健康信息中心,901092.0,专业技术岗,专业测试2,,3,1,,,,,,,,,,,
2026,事业单位,六安市,市,,,,六安市叶集区生态环境监测站,901067.0,专业技术岗,专业测试2,,3,1,,,,,,,,,,,
2026,事业单位,六安市,市,,,,六安市土地储备中心,901056.0,专业技术岗,专业测试2,,3,1,,,,,,,,,,,
2026,事业单位,六安市,市,,,,六安市城区自然资源管理中心,901059.0,专业技术岗,专业测试2,,3,1,,,,,,,,,,,
2026,事业单位,六安市,市,,,,六安市大数据中心,901114.0,专业技术岗,"1.专业测试2；
2.专项招聘应届毕业生",,3,1,,,,,,,,,,,
2026,事业单位,六安市,市,,,,六安市大数据中心,901115.0,专业技术岗,专业测试2,,3,1,,,,,,,,,,,
2026,事业单位,六安市,市,,,,六安市妇幼保健计划生育服务中心 （六安市妇幼保健院）,901090.0,专业技术岗,"1.专业测试2；
2.专项招聘应届毕业生",,3,1,,,,,,,,,,,
2026,事业单位,六安市,市,,,,六安市妇幼保健计划生育服务中心 （六安市妇幼保健院）,901091.0,专业技术岗,专业测试2,,3,1,,,,,,,,,,,
2026,事业单位,六安市,市,,,,六安市学校后勤管理中心,901041.0,专业技术岗,专业测试2,,3,1,,,,,,,,,,,
2026,事业单位,六安市,市,,,,六安市市场监管综合行政执法支队,901105.0,专业技术岗,专业测试2,,3,1,,,,,,,,,,,
2026,事业单位,六安市,市,,,,六安市市场监管综合行政执法支队,901106.0,专业技术岗,专业测试2,,3,1,,,,,,,,,,,
2026,事业单位,六安市,市,,,,六安市市场监管综合行政执法支队,901107.0,专业技术岗,专业测试2,,3,1,,,,,,,,,,,
2026,事业单位,六安市,市,,,,六安市市场监管综合行政执法支队,901108.0,专业技术岗,专业测试2,,3,1,,,,,,,,,,,
2026,事业单位,六安市,市,,,,六安市市场监管综合行政执法支队,901109.0,专业技术岗,专业测试2,,3,1,,,,,,,,,,,
2026,事业单位,六安市,市,,,,六安市市场监管综合行政执法支队,901110.0,管理岗,"1.专业测试2；
2.定向招聘“服务基层项目”人员",,3,1,,,,,,,,,,,
2026,事业单位,六安市,市,,,,六安市市场监管综合行政执法支队,901111.0,管理岗,专业测试2,,3,1,,,,,,,,,,,
2026,事业单位,六安市,市,,,,六安市市长热线办公室,901035.0,专业技术岗,专业测试2,,3,1,,,,,,,,,,,
2026,事业单位,六安市,市,,,,六安市建筑市场管理服务中心（六安市建设工程造价站）,901070.0,专业技术岗,专业测试2,,3,1,,,,,,,,,,,
2026,事业单位,六安市,市,,,,六安市建筑市场管理服务中心（六安市建设工程造价站）,901071.0,专业技术岗,专业测试2,,3,1,,,,,,,,,,,
2026,事业单位,六安市,市,,,,六安市建设工程质量安全监督处（六安市建设工程消防审验处）,901068.0,专业技术岗,专业测试2,,3,1,,,,,,,,,,,
2026,事业单位,六安市,市,,,,六安市建设工程质量安全监督处（六安市建设工程消防审验处）,901069.0,专业技术岗,专业测试2,,3,1,,,,,,,,,,,
2026,事业单位,六安市,市,,,,六安市投资创业中心,901028.0,专业技术岗,"1.专业测试2；
2.从事单位党建、人事和财务工作",,3,1,,,,,,,,,,,
2026,事业单位,六安市,市,,,,六安市投资创业中心,901029.0,管理岗,1.专业测试2；2.此岗位经常加班、出差,,3,1,,,,,,,,,,,
2026,事业单位,六安市,市,,,,六安市教育科学研究院,901042.0,专业技术岗,专业测试1,,3,1,,,,,,,,,,,
2026,事业单位,六安市,市,,,,六安市教育科学研究院,901043.0,专业技术岗,专业测试1,,3,1,,,,,,,,,,,
2026,事业单位,六安市,市,,,,六安市教育科学研究院,901044.0,专业技术岗,专业测试1,,3,1,,,,,,,,,,,
2026,事业单位,六安市,市,,,,六安市教育科学研究院,901045.0,专业技术岗,专业测试1,,3,1,,,,,,,,,,,
2026,事业单位,六安市,市,,,,六安市教育科学研究院,901046.0,专业技术岗,专业测试1,,3,1,,,,,,,,,,,
2026,事业单位,六安市,市,,,,六安市文化馆（六安市文艺创作研究室）,901084.0,管理岗,专业测试2,,3,1,,,,,,,,,,,
2026,事业单位,六安市,市,,,,六安市文物保护中心（皖西博物馆）,901085.0,管理岗,专业测试2,,3,1,,,,,,,,,,,
2026,事业单位,六安市,市,,,,六安市新闻传媒中心,901003.0,专业技术岗,"1.专业测试2；
2.此岗位需经常赴厂矿、山区等基层一线采访，遇突发状况须随时赶赴现场",,3,2,,,,,,,,,,,
2026,事业单位,六安市,市,,,,六安市新闻传媒中心,901004.0,专业技术岗,"1.专业测试2；
2.专项招聘应届毕业生；
3.此岗位需经常赴厂矿、山区等基层一线采访，遇突发状况须随时赶赴现场",,3,3,,,,,,,,,,,
2026,事业单位,六安市,市,,,,六安市新闻传媒中心,901005.0,专业技术岗,"1.专业测试2；
2.专项招聘应届毕业生；
3.此岗位需经常出差、值班",,3,1,,,,,,,,,,,
2026,事业单位,六安市,市,,,,六安市新闻传媒中心,901006.0,专业技术岗,"1.专业测试2；
2.此岗位需经常赴厂矿、山区等基层一线采访，遇突发状况须随时赶赴现场",,3,1,,,,,,,,,,,
2026,事业单位,六安市,市,,,,六安市林业工作总站,901113.0,专业技术岗,专业测试2,,3,1,,,,,,,,,,,
2026,事业单位,六安市,市,,,,六安市殡仪馆,901050.0,管理岗,专业测试2,,3,1,,,,,,,,,,,
2026,事业单位,六安市,市,,,,六安市水利工程建设管理处（六安市治淮指挥部办公室）,901083.0,专业技术岗,专业测试2,,3,1,,,,,,,,,,,
2026,事业单位,六安市,市,,,,六安市法律援助中心,901051.0,专业技术岗,专业测试2,,3,2,,,,,,,,,,,
2026,事业单位,六安市,市,,,,六安市法律援助中心,901052.0,专业技术岗,专业测试2,,3,1,,,,,,,,,,,
2026,事业单位,六安市,市,,,,六安市消费者权益保护委员会秘书处（六安市市场监管服务中心）,901103.0,管理岗,"1.专业测试2；
2.定向招聘“服务基层项目”人员",,3,1,,,,,,,,,,,
2026,事业单位,六安市,市,,,,六安市渔业发展中心,901081.0,专业技术岗,专业测试2,,3,1,,,,,,,,,,,
2026,事业单位,六安市,市,,,,六安市特种设备监督检验中心,901112.0,专业技术岗,"1.专业测试2；
2.从事现场检验检测工作，经常出差，长期室外登高、有限空间等环境下作业",,3,1,,,,,,,,,,,
2026,事业单位,六安市,市,,,,六安市疾病预防控制中心（六安市卫生监督所）,901086.0,专业技术岗,专业测试2,,3,2,,,,,,,,,,,
2026,事业单位,六安市,市,,,,六安市疾病预防控制中心（六安市卫生监督所）,901087.0,专业技术岗,"1.专业测试2；
2.专项招聘应届毕业生",,3,1,,,,,,,,,,,
2026,事业单位,六安市,市,,,,六安市疾病预防控制中心（六安市卫生监督所）,901088.0,专业技术岗,"1.专业测试2；
2.专项招聘应届毕业生",,3,2,,,,,,,,,,,
2026,事业单位,六安市,市,,,,六安市矿山安全服务中心,901096.0,专业技术岗,专业测试2,,3,1,,,,,,,,,,,
2026,事业单位,六安市,市,,,,六安市社会保险事业管理中心,901055.0,专业技术岗,"1.专业测试2；
2.主要从事工伤保险医疗待遇审核等工作",,3,1,,,,,,,,,,,
2026,事业单位,六安市,市,,,,六安市社会福利院,901047.0,专业技术岗,专业测试1,,3,2,,,,,,,,,,,
2026,事业单位,六安市,市,,,,六安市社会福利院,901048.0,专业技术岗,专业测试2,,3,2,,,,,,,,,,,
2026,事业单位,六安市,市,,,,六安市社会福利院,901049.0,专业技术岗,专业测试2,,3,1,,,,,,,,,,,
2026,事业单位,六安市,市,,,,六安市纪委监委信息中心,901036.0,专业技术岗,专业测试2,,3,1,,,,,,,,,,,
2026,事业单位,六安市,市,,,,六安市经济责任审计中心,901097.0,专业技术岗,专业测试2,,3,1,,,,,,,,,,,
2026,事业单位,六安市,市,,,,六安市裕安区生态环境监测站,901065.0,专业技术岗,"1.专业测试2；
2.定向招聘“服务基层项目”人员",,3,1,,,,,,,,,,,
2026,事业单位,六安市,市,,,,六安市裕安区生态环境监测站,901066.0,专业技术岗,专业测试2,,3,1,,,,,,,,,,,
2026,事业单位,六安市,市,,,,六安市计量测试研究所,901104.0,专业技术岗,"1.专业测试2；
2.专项招聘应届毕业生",,3,1,,,,,,,,,,,
2026,事业单位,六安市,市,,,,六安市财政局信息中心,901053.0,专业技术岗,专业测试2,,3,1,,,,,,,,,,,
2026,事业单位,六安市,市,,,,六安市退役军人服务中心,901095.0,专业技术岗,专业测试2,,3,1,,,,,,,,,,,
2026,事业单位,六安市,市,,,,六安市道路运输管理处,901073.0,专业技术岗,专业测试2,,3,1,,,,,,,,,,,
2026,事业单位,六安市,市,,,,六安市道路运输管理处,901074.0,管理岗,专业测试2,,3,1,,,,,,,,,,,
2026,事业单位,六安市,市,,,,六安市重点工程建设管理处,901030.0,专业技术岗,"1.专业测试2；
2.此岗位从事项目管理工作，需要驻点施工现场",,3,1,,,,,,,,,,,
2026,事业单位,六安市,市,,,,六安市金安区生态环境监测站,901063.0,专业技术岗,专业测试2,,3,1,,,,,,,,,,,
2026,事业单位,六安市,市,,,,六安市霍山县生态环境监测站,901061.0,专业技术岗,专业测试2,,3,1,,,,,,,,,,,
2026,事业单位,六安市,市,,,,六安市霍山县生态环境监测站,901062.0,专业技术岗,专业测试2,,3,1,,,,,,,,,,,
2026,事业单位,六安市,市,,,,六安市霍邱县生态环境监测站,901060.0,专业技术岗,专业测试2,,3,1,,,,,,,,,,,
2026,事业单位,六安市,市,,,,六安市食品药品检验中心,901100.0,专业技术岗,专业测试2,,3,1,,,,,,,,,,,
2026,事业单位,六安市,市,,,,六安市食品药品检验中心,901101.0,专业技术岗,专业测试2,,3,1,,,,,,,,,,,
2026,事业单位,六安市,市,,,,六安市食品药品检验中心,901102.0,专业技术岗,专业测试2,,3,1,,,,,,,,,,,
2026,事业单位,六安市,市,,,,六安开放大学,901037.0,专业技术岗,1.专业测试1；2.此岗位需常年晚间授课,,3,1,,,,,,,,,,,
2026,事业单位,六安市,市,,,,六安开放大学,901038.0,专业技术岗,1.专业测试1；2.此岗位需常年晚间授课,,3,1,,,,,,,,,,,
2026,事业单位,六安市,市,,,,六安技师学院,901018.0,专业技术岗,"1.专业测试1；
2.六安应用科技职业学院（六安校区）专任思政教师",,3,4,,,,,,,,,,,
2026,事业单位,六安市,市,,,,六安技师学院,901019.0,专业技术岗,"1.专业测试1；
2.六安应用科技职业学院（六安校区）专任教师",,3,1,,,,,,,,,,,
2026,事业单位,六安市,市,,,,六安技师学院,901020.0,专业技术岗,"1.专业测试1；
2.六安应用科技职业学院（六安校区）专任教师",,3,1,,,,,,,,,,,
2026,事业单位,六安市,市,,,,六安技师学院,901021.0,专业技术岗,"1.专业测试1；
2.六安应用科技职业学院（六安校区）专任教师",,3,2,,,,,,,,,,,
2026,事业单位,六安市,市,,,,六安技师学院,901022.0,专业技术岗,"1.专业测试1；
2.六安应用科技职业学院（六安校区）专任教师",,3,1,,,,,,,,,,,
2026,事业单位,六安市,市,,,,六安技师学院,901023.0,专业技术岗,"1.专业测试1；
2.六安应用科技职业学院（六安校区）专任教师",,3,1,,,,,,,,,,,
2026,事业单位,六安市,市,,,,六安技师学院,901024.0,专业技术岗,"1.专业测试1；
2.六安应用科技职业学院（六安校区）专任教师",,3,1,,,,,,,,,,,
2026,事业单位,六安市,市,,,,六安技师学院,901025.0,专业技术岗,"1.专业测试1；
2.六安应用科技职业学院（六安校区）专任教师",,3,1,,,,,,,,,,,
2026,事业单位,六安市,市,,,,六安技师学院,901026.0,专业技术岗,"1.专业测试1；
2.六安应用科技职业学院（六安校区）专任教师",,3,1,,,,,,,,,,,
2026,事业单位,六安市,市,,,,六安技师学院,901027.0,专业技术岗,"1.专业测试1；
2.六安应用科技职业学院（六安校区）专任教师",,3,1,,,,,,,,,,,
2026,事业单位,六安市,市,,,,六安经济技术开发区为企服务中心,901118.0,管理岗,专业测试2,,3,1,,,,,,,,,,,
2026,事业单位,六安市,市,,,,六安经济技术开发区人才和就业服务中心,901116.0,管理岗,专业测试2,,3,1,,,,,,,,,,,
2026,事业单位,六安市,市,,,,六安经济技术开发区人才和就业服务中心,901117.0,管理岗,专业测试2,,3,1,,,,,,,,,,,
2026,事业单位,六安市,市,,,,六安职业技术学院,901007.0,专业技术岗,"1.专业测试1；
2.专职思政教师",,3,1,,,,,,,,,,,
2026,事业单位,六安市,市,,,,六安职业技术学院,901008.0,专业技术岗,专业测试1,,3,1,,,,,,,,,,,
2026,事业单位,六安市,市,,,,六安职业技术学院,901009.0,专业技术岗,专业测试1,,3,1,,,,,,,,,,,
2026,事业单位,六安市,市,,,,六安职业技术学院,901010.0,专业技术岗,专业测试1,,3,1,,,,,,,,,,,
2026,事业单位,六安市,市,,,,六安职业技术学院,901011.0,专业技术岗,专业测试1,,3,1,,,,,,,,,,,
2026,事业单位,六安市,市,,,,六安职业技术学院,901012.0,管理岗,"1.专业测试1；
2.专职辅导员岗位",,3,2,,,,,,,,,,,
2026,事业单位,六安市,市,,,,冯井镇中心卫生院,902024.0,专业技术岗,专业测试,医疗卫生类(E类),3,1,大专及以上,,38周岁及以下；具有护士资格证书,,,,,,,,
2026,事业单位,六安市,市,,,,区消费者权益保护委员会秘书处,907003.0,综合管理岗,,,3,1,,,,,,,,,,,
2026,事业单位,六安市,市,,,,区畜牧水产中心,907001.0,专业技术,,,3,1,,,,,,,,,,,
2026,事业单位,六安市,市,,,,区红十字会,907002.0,专业技术,,,3,1,,,,,,,,,,,
2026,事业单位,六安市,市,,,,区融媒体中心,907004.0,专业技术,,,3,1,,,,,,,,,,,
2026,事业单位,六安市,市,,,,区重点工程管理处,907005.0,专业技术,,,3,1,,,,,,,,,,,
2026,事业单位,六安市,市,,,,单王乡财政和资产管理服务中心,906031.0,专业技术岗位,专业测试,,3,1,,,,,,,,,,,
2026,事业单位,六安市,市,,,,单龙寺镇经济发展和农业农村服务中心,903031.0,专业技术,结构化面试,社会科学专技类(B类),3,1,本科及以上,"本科：会计学（120203K）、财务管理（120204）
研究生：专业不限",38周岁及以下；学位：学士及以上,,,,,,,,
2026,事业单位,六安市,市,,,,县不动产登记中心,908033.0,专业技术岗,,,3,1,,,,,,,,,,,
2026,事业单位,六安市,市,,,,县不动产登记中心,908034.0,专业技术岗,,,3,1,,,,,,,,,,,
2026,事业单位,六安市,市,,,,县中小企业服务中心,902004.0,管理岗位,专业测试,综合管理类(A类),3,1,本科及以上,,38周岁及以下,,,,,,,,
2026,事业单位,六安市,市,,,,县交通运输综合行政执法大队,908037.0,专业技术岗,,,3,1,,,,,,,,,,,
2026,事业单位,六安市,市,,,,县优化营商环境和政务公开服务中心,908024.0,专业技术岗,,,3,1,,,,,,,,,,,
2026,事业单位,六安市,市,,,,县健康促进中心,908049.0,专业技术岗,,,3,1,,,,,,,,,,,
2026,事业单位,六安市,市,,,,县公路管理服务中心,908035.0,专业技术岗,,,3,2,,,,,,,,,,,
2026,事业单位,六安市,市,,,,县农业技术推广服务中心,908040.0,专业技术岗,,,3,1,,,,,,,,,,,
2026,事业单位,六安市,市,,,,县农业综合行政执法大队,908038.0,专业技术岗,,,3,1,,,,,,,,,,,
2026,事业单位,六安市,市,,,,县农业综合行政执法大队,908039.0,专业技术岗,,,3,1,,,,,,,,,,,
2026,事业单位,六安市,市,,,,县农产品质量安全监测中心,902011.0,管理岗位,专业测试,综合管理类(A类),3,1,本科及以上,,38周岁及以下,,,,,,,,
2026,事业单位,六安市,市,,,,县农机化技术推广服务站,902012.0,专业技术岗,专业测试,社会科学专技类(B类),3,1,本科及以上,,38周岁及以下,,,,,,,,
2026,事业单位,六安市,市,,,,县农田建设中心,902010.0,管理岗位,专业测试,综合管理类(A类),3,1,本科及以上,,38周岁及以下,,,,,,,,
2026,事业单位,六安市,市,,,,县劳动人事争议仲裁院,902007.0,专业技术岗,专业测试,社会科学专技类(B类),3,1,本科及以上,,38周岁及以下；定向招聘服务基层项目人员,,,,,,,,
2026,事业单位,六安市,市,,,,县医疗保险管理中心,902041.0,管理岗位,专业测试,综合管理类(A类),3,1,本科及以上,,38周岁及以下；学位：学士及以上,,,,,,,,
2026,事业单位,六安市,市,,,,县医疗保险管理中心,908054.0,专业技术岗,,,3,1,,,,,,,,,,,
2026,事业单位,六安市,市,,,,县卫生计生信息中心,908050.0,专业技术岗,,,3,1,,,,,,,,,,,
2026,事业单位,六安市,市,,,,县图书馆,908046.0,专业技术岗,,,3,1,,,,,,,,,,,
2026,事业单位,六安市,市,,,,县图书馆,908047.0,专业技术岗,,,3,1,,,,,,,,,,,
2026,事业单位,六安市,市,,,,县地方海事处,902009.0,专业技术岗,专业测试,社会科学专技类(B类),3,2,本科及以上,,38周岁及以下,,,,,,,,
2026,事业单位,六安市,市,,,,县地方海事（港航）管理服务中心,908036.0,专业技术岗,,,3,2,,,,,,,,,,,
2026,事业单位,六安市,市,,,,县城乡供水管理总站,902014.0,专业技术岗,专业测试,社会科学专技类(B类),3,2,本科及以上,,38周岁及以下,,,,,,,,
2026,事业单位,六安市,市,,,,县城乡环境卫生管理服务中心,908057.0,专业技术岗,,,3,1,,,,,,,,,,,
2026,事业单位,六安市,市,,,,县城乡规划服务中心,908002.0,专业技术岗,,,3,1,,,,,,,,,,,
2026,事业单位,六安市,市,,,,县城市管理综合行政执法大队,908055.0,专业技术岗,,,3,1,,,,,,,,,,,
2026,事业单位,六安市,市,,,,县城市管理综合行政执法大队,908056.0,专业技术岗,,,3,1,,,,,,,,,,,
2026,事业单位,六安市,市,,,,县委巡察数据中心,902002.0,管理岗位,专业测试,综合管理类(A类),3,1,本科及以上,,38周岁及以下；中共党员,,,,,,,,
2026,事业单位,六安市,市,,,,县应急管理综合行政执法大队,908051.0,专业技术岗,,,3,1,,,,,,,,,,,
2026,事业单位,六安市,市,,,,县投资审计中心,902039.0,专业技术岗,专业测试,社会科学专技类(B类),3,1,本科及以上,,38周岁及以下,,,,,,,,
2026,事业单位,六安市,市,,,,县投资审计中心,908048.0,专业技术岗,,,3,1,,,,,,,,,,,
2026,事业单位,六安市,市,,,,县文化市场综合行政执法大队,908044.0,专业技术岗,,,3,1,,,,,,,,,,,
2026,事业单位,六安市,市,,,,县文化市场综合行政执法大队,908045.0,专业技术岗,,,3,1,,,,,,,,,,,
2026,事业单位,六安市,市,,,,县文化旅游体育服务中心,902017.0,专业技术岗,专业测试,社会科学专技类(B类),3,1,本科及以上,,38周岁及以下；学位：学士及以上,,,,,,,,
2026,事业单位,六安市,市,,,,县文化馆,902016.0,专业技术岗,专业测试,社会科学专技类(B类),3,1,本科及以上,,38周岁及以下；学位：学士及以上,,,,,,,,
2026,事业单位,六安市,市,,,,县智慧城市管理服务中心,908058.0,专业技术岗,,,3,1,,,,,,,,,,,
2026,事业单位,六安市,市,,,,县林业有害生物防治检疫所,902008.0,专业技术岗,专业测试,社会科学专技类(B类),3,1,本科及以上,,38周岁及以下；学位：学士及以上,,,,,,,,
2026,事业单位,六安市,市,,,,县森林安全保护中心,908053.0,专业技术岗,,,3,4,,,,,,,,,,,
2026,事业单位,六安市,市,,,,县水利安全生产监督室,902015.0,专业技术岗,专业测试,社会科学专技类(B类),3,1,本科及以上,,38周岁及以下,,,,,,,,
2026,事业单位,六安市,市,,,,县水利工程质量和农村饮水安全服务中心,908041.0,专业技术岗,,,3,1,,,,,,,,,,,
2026,事业单位,六安市,市,,,,县水土保持委员会办公室,908042.0,专业技术岗,,,3,1,,,,,,,,,,,
2026,事业单位,六安市,市,,,,县河道管理服务中心,908043.0,专业技术岗,,,3,1,,,,,,,,,,,
2026,事业单位,六安市,市,,,,县电子政务中心,902003.0,管理岗位,专业测试,综合管理类(A类),3,1,本科及以上,,38周岁及以下,,,,,,,,
2026,事业单位,六安市,市,,,,县疾病预防控制中心,902018.0,管理岗位,专业测试,综合管理类(A类),3,1,本科及以上,,38周岁及以下；学位：学士及以上,,,,,,,,
2026,事业单位,六安市,市,,,,县督查考核评估中心,908028.0,专业技术岗,,,3,1,,,,,,,,,,,
2026,事业单位,六安市,市,,,,县知识产权事业发展中心,902040.0,管理岗位,专业测试,综合管理类(A类),3,1,本科及以上,,38周岁及以下；学位：学士及以上,,,,,,,,
2026,事业单位,六安市,市,,,,县社会保险基金征缴中心,908032.0,专业技术岗,,,3,1,,,,,,,,,,,
2026,事业单位,六安市,市,,,,县社会工作服务中心,902001.0,管理岗位,专业测试,综合管理类(A类),3,1,本科及以上,,38周岁及以下,,,,,,,,
2026,事业单位,六安市,市,,,,县粮食和物资储备中心,908031.0,专业技术岗,,,3,1,,,,,,,,,,,
2026,事业单位,六安市,市,,,,县纪委监委信息中心,908021.0,专业技术岗,,,3,1,,,,,,,,,,,
2026,事业单位,六安市,市,,,,县纪委监委信息中心,908022.0,专业技术岗,,,3,1,,,,,,,,,,,
2026,事业单位,六安市,市,,,,县纪委监委信息中心,908023.0,专业技术岗,,,3,1,,,,,,,,,,,
2026,事业单位,六安市,市,,,,县统计和普查中心,908052.0,专业技术岗,,,3,1,,,,,,,,,,,
2026,事业单位,六安市,市,,,,县网络安全应急指挥中心,908026.0,专业技术岗,,,3,1,,,,,,,,,,,
2026,事业单位,六安市,市,,,,县老干部服务中心,908025.0,专业技术岗,,,3,1,,,,,,,,,,,
2026,事业单位,六安市,市,,,,县能源管理服务中心,908030.0,专业技术岗,,,3,1,,,,,,,,,,,
2026,事业单位,六安市,市,,,,县融媒体中心,908003.0,专业技术岗,,,3,1,,,,,,,,,,,
2026,事业单位,六安市,市,,,,县融媒体中心,908004.0,专业技术岗,,,3,1,,,,,,,,,,,
2026,事业单位,六安市,市,,,,县行政事业单位国有资产管理中心,902005.0,专业技术岗,专业测试,社会科学专技类(B类),3,1,本科及以上,,38周岁及以下,,,,,,,,
2026,事业单位,六安市,市,,,,县财政投资评审中心,902006.0,专业技术岗,专业测试,社会科学专技类(B类),3,1,本科及以上,,38周岁及以下,,,,,,,,
2026,事业单位,六安市,市,,,,县退役军人服务管理中心,902038.0,专业技术岗,专业测试,社会科学专技类(B类),3,1,本科及以上,,38周岁及以下；学位：学士及以上；定向招聘应届毕业生,,,,,,,,
2026,事业单位,六安市,市,,,,县鄂豫皖革命根据地研究中心,908029.0,专业技术岗,,,3,1,,,,,,,,,,,
2026,事业单位,六安市,市,,,,县非公有制经济和宗教事务服务中心,908027.0,专业技术岗,,,3,2,,,,,,,,,,,
2026,事业单位,六安市,市,,,,周集镇中心卫生院,902025.0,专业技术岗,专业测试,医疗卫生类(E类),3,1,大专及以上,,38周岁及以下,,,,,,,,
2026,事业单位,六安市,市,,,,周集镇中心卫生院,902026.0,专业技术岗,专业测试,医疗卫生类(E类),3,1,本科及以上,,38周岁及以下,,,,,,,,
2026,事业单位,六安市,市,,,,城关镇卫生院,902033.0,专业技术岗,专业测试,医疗卫生类(E类),3,1,本科及以上,,38周岁及以下；学位：学士及以上,,,,,,,,
2026,事业单位,六安市,市,,,,夏店镇卫生院,902029.0,专业技术岗,专业测试,医疗卫生类(E类),3,1,大专及以上,,38周岁及以下,,,,,,,,
2026,事业单位,六安市,市,,,,大化坪镇便民服务中心,903033.0,专业技术,结构化面试,社会科学专技类(B类),3,1,大专及以上,专业不限,38周岁及以下,,,,,,,,
2026,事业单位,六安市,市,,,,太平畈乡经济发展和农业农村服务中心,903040.0,专业技术,结构化面试,社会科学专技类(B类),3,1,本科及以上,"本科：电子商务（120801）、旅游管理（120901K）
研究生：专业不限",38周岁及以下,,,,,,,,
2026,事业单位,六安市,市,,,,太平畈乡经济发展和农业农村服务中心,903041.0,专业技术,结构化面试,社会科学专技类(B类),3,1,本科及以上,"本科：汉语言文学（050101）、汉语言（050102）
研究生：专业不限",38周岁及以下,,,,,,,,
2026,事业单位,六安市,市,,,,太阳乡经济发展和农业农村服务中心,903042.0,专业技术,结构化面试,自然科学专技类(C类),3,1,大专及以上,"专科：城乡规划与管理类（4402）、土建施工类（4403）、建设工程管理类（4405）
本科：土木类（0810）、建筑类（0828）
研究生：建筑学（0813）、建筑（0851）、土木工程（0814或085901）",38周岁及以下,,,,,,,,
2026,事业单位,六安市,市,,,,姚李镇农业农村管理服务中心,907006.0,专业技术,,,3,1,,,,,,,,,,,
2026,事业单位,六安市,市,,,,孟集镇中心卫生院,902021.0,专业技术岗,专业测试,医疗卫生类(E类),3,2,大专及以上,,38周岁及以下,,,,,,,,
2026,事业单位,六安市,市,,,,安徽舒城经济开发区城关园区为企服务中心,904018.0,专业技术,,,3,1,,,,,,,,,,,
2026,事业单位,六安市,市,,,,安徽舒城经济开发区杭埠园区为企服务中心,904017.0,专业技术,,,3,1,,,,,,,,,,,
2026,事业单位,六安市,市,,,,安徽金安经济开发区生态环境工作站,901064.0,专业技术岗,专业测试2,,3,1,,,,,,,,,,,
2026,事业单位,六安市,市,,,,"安徽金寨干部学院
（中共金寨县委党校）",908001.0,专业技术岗,,,3,1,,,,,,,,,,,
2026,事业单位,六安市,市,,,,"安徽金寨技师学院
（安徽金寨职业学校）",908005.0,专业技术岗,,,3,1,,,,,,,,,,,
2026,事业单位,六安市,市,,,,"安徽金寨技师学院
（安徽金寨职业学校）",908006.0,专业技术岗,,,3,2,,,,,,,,,,,
2026,事业单位,六安市,市,,,,"安徽金寨技师学院
（安徽金寨职业学校）",908007.0,专业技术岗,,,3,1,,,,,,,,,,,
2026,事业单位,六安市,市,,,,"安徽金寨技师学院
（安徽金寨职业学校）",908008.0,专业技术岗,,,3,1,,,,,,,,,,,
2026,事业单位,六安市,市,,,,"安徽金寨技师学院
（安徽金寨职业学校）",908009.0,专业技术岗,,,3,1,,,,,,,,,,,
2026,事业单位,六安市,市,,,,"安徽金寨技师学院
（安徽金寨职业学校）",908010.0,专业技术岗,,,3,1,,,,,,,,,,,
2026,事业单位,六安市,市,,,,"安徽金寨技师学院
（安徽金寨职业学校）",908011.0,专业技术岗,,,3,1,,,,,,,,,,,
2026,事业单位,六安市,市,,,,"安徽金寨技师学院
（安徽金寨职业学校）",908012.0,专业技术岗,,,3,1,,,,,,,,,,,
2026,事业单位,六安市,市,,,,"安徽金寨技师学院
（安徽金寨职业学校）",908013.0,专业技术岗,,,3,1,,,,,,,,,,,
2026,事业单位,六安市,市,,,,"安徽金寨技师学院
（安徽金寨职业学校）",908014.0,专业技术岗,,,3,1,,,,,,,,,,,
2026,事业单位,六安市,市,,,,"安徽金寨技师学院
（安徽金寨职业学校）",908015.0,专业技术岗,,,3,2,,,,,,,,,,,
2026,事业单位,六安市,市,,,,"安徽金寨技师学院
（安徽金寨职业学校）",908016.0,专业技术岗,,,3,1,,,,,,,,,,,
2026,事业单位,六安市,市,,,,"安徽金寨技师学院
（安徽金寨职业学校）",908017.0,专业技术岗,,,3,1,,,,,,,,,,,
2026,事业单位,六安市,市,,,,"安徽金寨技师学院
（安徽金寨职业学校）",908018.0,专业技术岗,,,3,1,,,,,,,,,,,
2026,事业单位,六安市,市,,,,"安徽金寨技师学院
（安徽金寨职业学校）",908019.0,专业技术岗,,,3,2,,,,,,,,,,,
2026,事业单位,六安市,市,,,,"安徽金寨技师学院
（安徽金寨职业学校）",908020.0,专业技术岗,,,3,2,,,,,,,,,,,
2026,事业单位,六安市,市,,,,小华山街道社区卫生服务中心,906024.0,专业技术岗位,专业测试，专项招聘应届毕业生。,,3,1,,,,,,,,,,,
2026,事业单位,六安市,市,,,,市委党校,901001.0,专业技术岗,专业测试1,,3,1,,,,,,,,,,,
2026,事业单位,六安市,市,,,,市委党校,901002.0,专业技术岗,专业测试1,,3,1,,,,,,,,,,,
2026,事业单位,六安市,市,,,,徐集镇中心卫生院,906027.0,专业技术岗位,专业测试,,3,1,,,,,,,,,,,
2026,事业单位,六安市,市,,,,户胡镇中心卫生院,902019.0,专业技术岗,专业测试,医疗卫生类(E类),3,1,本科及以上,,38周岁及以下,,,,,,,,
2026,事业单位,六安市,市,,,,新安镇财政和资产管理服务中心,906029.0,专业技术岗位,专业测试,,3,1,,,,,,,,,,,
2026,事业单位,六安市,市,,,,新店镇卫生院,902031.0,专业技术岗,专业测试,医疗卫生类(E类),3,1,本科及以上,,38周岁及以下,,,,,,,,
2026,事业单位,六安市,市,,,,曹庙镇卫生院,902035.0,专业技术岗,专业测试,医疗卫生类(E类),3,1,大专及以上,,38周岁及以下,,,,,,,,
2026,事业单位,六安市,市,,,,水利规划室,902013.0,专业技术岗,专业测试,社会科学专技类(B类),3,1,本科及以上,,38周岁及以下,,,,,,,,
2026,事业单位,六安市,市,,,,洪集镇财政和资产管理服务中心,907007.0,专业技术,,,3,1,,,,,,,,,,,
2026,事业单位,六安市,市,,,,漫水河镇农业农村管理服务中心,903038.0,专业技术,结构化面试,自然科学专技类(C类),3,1,大专及以上,"专科：农业类（4101）、建筑设计类（4401）、城乡规划与管理类（4402）
本科：建筑类（0828）、植物生产类（0901）
研究生：专业不限",38周岁及以下,,,,,,,,
2026,事业单位,六安市,市,,,,漫水河镇财政和资产管理服务中心,903039.0,专业技术,结构化面试,社会科学专技类(B类),3,1,大专及以上,"专科：财政税务类（5301）、财务会计类（5303）
本科：财政学类（0202）、会计学（120203K）、财务管理（120204）
研究生：专业不限",38周岁及以下,,,,,,,,
2026,事业单位,六安市,市,,,,潘集镇卫生院,902036.0,管理岗位,专业测试,综合管理类(A类),3,1,大专及以上,,38周岁及以下,,,,,,,,
2026,事业单位,六安市,市,,,,潘集镇卫生院,902037.0,专业技术岗,专业测试,医疗卫生类(E类),3,1,大专及以上,,38周岁及以下；具有口腔执业医师资格证书,,,,,,,,
2026,事业单位,六安市,市,,,,独山镇中心卫生院,906026.0,专业技术岗位,专业测试,,3,1,,,,,,,,,,,
2026,事业单位,六安市,市,,,,独山镇财政和资产管理服务中心,906030.0,专业技术岗位,专业测试,,3,1,,,,,,,,,,,
2026,事业单位,六安市,市,,,,白莲乡卫生院,902034.0,专业技术岗,专业测试,医疗卫生类(E类),3,1,大专及以上,,38周岁及以下；具有临床医学检验技术初级（士）及以上资格证书,,,,,,,,
2026,事业单位,六安市,市,,,,皖西卫生职业学院,901013.0,管理岗,专业测试2,,3,1,,,,,,,,,,,
2026,事业单位,六安市,市,,,,皖西卫生职业学院,901014.0,管理岗,"1.专业测试2；
2.主要从事人事管理工作和党务工作",,3,1,,,,,,,,,,,
2026,事业单位,六安市,市,,,,皖西卫生职业学院,901015.0,管理岗,"1.专业测试2；
2.主要从事综合文字工作和党务工作",,3,1,,,,,,,,,,,
2026,事业单位,六安市,市,,,,皖西卫生职业学院,901016.0,管理岗,专业测试2,,3,1,,,,,,,,,,,
2026,事业单位,六安市,市,,,,皖西卫生职业学院,901017.0,管理岗,专业测试2,,3,1,,,,,,,,,,,
2026,事业单位,六安市,市,,,,皖西卫生职业学院附属口腔医院,901093.0,专业技术岗,专业测试2,,3,1,,,,,,,,,,,
2026,事业单位,六安市,市,,,,皖西烈士陵园管理处,901094.0,专业技术岗,专业测试2,,3,1,,,,,,,,,,,
2026,事业单位,六安市,市,,,,石店镇中心卫生院,902022.0,专业技术岗,专业测试,医疗卫生类(E类),3,1,大专及以上,,38周岁及以下,,,,,,,,
2026,事业单位,六安市,市,,,,石店镇中心卫生院,902023.0,专业技术岗,专业测试,医疗卫生类(E类),3,1,大专及以上,,38周岁及以下,,,,,,,,
2026,事业单位,六安市,市,,,,磨子潭镇经济发展和农业农村服务中心,903032.0,专业技术,结构化面试,社会科学专技类(B类),3,1,本科及以上,"本科：会计学（120203K）、财务管理(120204)
研究生：会计学（120201）、会计（1253）",38周岁及以下；学位：学士及以上,,,,,,,,
2026,事业单位,六安市,市,,,,经济发展和农业农村服务中心,908070.0,专业技术岗,,,3,1,,,,,,,,,,,
2026,事业单位,六安市,市,,,,经济发展和农业农村服务中心,908076.0,专业技术岗,,,3,1,,,,,,,,,,,
2026,事业单位,六安市,市,,,,综合行政执法大队,908061.0,专业技术岗,,,3,1,,,,,,,,,,,
2026,事业单位,六安市,市,,,,综合行政执法大队,908066.0,专业技术岗,,,3,1,,,,,,,,,,,
2026,事业单位,六安市,市,,,,综合行政执法大队,908073.0,专业技术岗,,,3,1,,,,,,,,,,,
2026,事业单位,六安市,市,,,,综合行政执法大队,908079.0,专业技术岗,,,3,1,,,,,,,,,,,
2026,事业单位,六安市,市,,,,自然资源和规划建设中心,908062.0,专业技术岗,,,3,1,,,,,,,,,,,
2026,事业单位,六安市,市,,,,自然资源和规划建设中心,908064.0,专业技术岗,,,3,1,,,,,,,,,,,
2026,事业单位,六安市,市,,,,自然资源和规划建设中心,908065.0,专业技术岗,,,3,2,,,,,,,,,,,
2026,事业单位,六安市,市,,,,自然资源和规划建设中心,908067.0,专业技术岗,,,3,1,,,,,,,,,,,
2026,事业单位,六安市,市,,,,自然资源和规划建设中心,908080.0,专业技术岗,,,3,1,,,,,,,,,,,
2026,事业单位,六安市,市,,,,自然资源和规划建设中心,908081.0,专业技术岗,,,3,1,,,,,,,,,,,
2026,事业单位,六安市,市,,,,舒城县万佛山国有林场,904015.0,专业技术,,,3,1,,,,,,,,,,,
2026,事业单位,六安市,市,,,,舒城县万佛湖镇中心卫生院,904013.0,专业技术,,,3,1,,,,,,,,,,,
2026,事业单位,六安市,市,,,,舒城县农业技术推广中心,904008.0,专业技术,,,3,1,,,,,,,,,,,
2026,事业单位,六安市,市,,,,舒城县医疗保险管理中心,904016.0,专业技术,,,3,1,,,,,,,,,,,
2026,事业单位,六安市,市,,,,舒城县城乡建设服务中心,904007.0,专业技术,,,3,1,,,,,,,,,,,
2026,事业单位,六安市,市,,,,舒城县城关镇卫生院,904011.0,专业技术,,,3,1,,,,,,,,,,,
2026,事业单位,六安市,市,,,,舒城县政府投资评审中心,904003.0,专业技术,,,3,1,,,,,,,,,,,
2026,事业单位,六安市,市,,,,舒城县文化市场综合行政执法大队,904009.0,专业技术,,,3,1,,,,,,,,,,,
2026,事业单位,六安市,市,,,,舒城县晓天镇中心卫生院,904014.0,专业技术,,,3,1,,,,,,,,,,,
2026,事业单位,六安市,市,,,,舒城县疾病预防控制中心,904010.0,专业技术,,,3,1,,,,,,,,,,,
2026,事业单位,六安市,市,,,,舒城县自然资源和规划局晓天镇自然资源和规划管理所,904004.0,专业技术,,,3,1,,,,,,,,,,,
2026,事业单位,六安市,市,,,,舒城县自然资源和规划局柏林乡自然资源和规划管理所,904006.0,专业技术,,,3,1,,,,,,,,,,,
2026,事业单位,六安市,市,,,,舒城县自然资源和规划局棠树乡自然资源和规划管理所,904005.0,专业技术,,,3,1,,,,,,,,,,,
2026,事业单位,六安市,市,,,,舒城县舒茶镇卫生院,904012.0,专业技术,,,3,1,,,,,,,,,,,
2026,事业单位,六安市,市,,,,舒城县融媒体中心,904001.0,专业技术,,,3,1,,,,,,,,,,,
2026,事业单位,六安市,市,,,,花园镇中心卫生院,902020.0,专业技术岗,专业测试,医疗卫生类(E类),3,1,大专及以上,,38周岁及以下,,,,,,,,
2026,事业单位,六安市,市,,,,苏埠镇中心卫生院,906028.0,专业技术岗位,专业测试,,3,1,,,,,,,,,,,
2026,事业单位,六安市,市,,,,裕安区人才综合服务中心,906004.0,专业技术岗位,专业测试,,3,1,,,,,,,,,,,
2026,事业单位,六安市,市,,,,裕安区公路管理中心,906007.0,专业技术岗位,专业测试,,3,2,,,,,,,,,,,
2026,事业单位,六安市,市,,,,裕安区农业技术推广中心,906008.0,专业技术岗位,专业测试,,3,1,,,,,,,,,,,
2026,事业单位,六安市,市,,,,裕安区农村能源站,906009.0,专业技术岗位,专业测试,,3,1,,,,,,,,,,,
2026,事业单位,六安市,市,,,,裕安区城南自然资源管理中心所,906005.0,管理岗位,专业测试，定向招聘“服务基层项目”人员。,,3,1,,,,,,,,,,,
2026,事业单位,六安市,市,,,,裕安区城管综合执法办案中心,906012.0,专业技术岗位,专业测试,,3,1,,,,,,,,,,,
2026,事业单位,六安市,市,,,,裕安区妇幼保健院,906013.0,专业技术岗位,专业测试,,3,2,,,,,,,,,,,
2026,事业单位,六安市,市,,,,裕安区妇幼保健院,906014.0,专业技术岗位,专业测试,,3,2,,,,,,,,,,,
2026,事业单位,六安市,市,,,,裕安区妇幼保健院,906015.0,专业技术岗位,专业测试,,3,1,,,,,,,,,,,
2026,事业单位,六安市,市,,,,裕安区灌区管理中心,906010.0,专业技术岗位,专业测试,,3,1,,,,,,,,,,,
2026,事业单位,六安市,市,,,,裕安区灌区管理中心,906011.0,专业技术岗位,专业测试,,3,1,,,,,,,,,,,
2026,事业单位,六安市,市,,,,裕安区疾控中心,906016.0,专业技术岗位,专业测试,,3,2,,,,,,,,,,,
2026,事业单位,六安市,市,,,,裕安区疾控中心,906017.0,专业技术岗位,专业测试，专项招聘应届毕业生。,,3,1,,,,,,,,,,,
2026,事业单位,六安市,市,,,,裕安区疾控中心,906018.0,专业技术岗位,专业测试,,3,1,,,,,,,,,,,
2026,事业单位,六安市,市,,,,裕安区疾控中心,906019.0,管理岗位,专业测试,,3,1,,,,,,,,,,,
2026,事业单位,六安市,市,,,,裕安区疾控中心,906020.0,管理岗位,专业测试，专项招聘应届毕业生。,,3,1,,,,,,,,,,,
2026,事业单位,六安市,市,,,,裕安区疾控中心,906021.0,专业技术岗位,专业测试,,3,1,,,,,,,,,,,
2026,事业单位,六安市,市,,,,裕安区疾控中心,906022.0,专业技术岗位,专业测试,,3,1,,,,,,,,,,,
2026,事业单位,六安市,市,,,,裕安区罗集自然资源管理中心所,906006.0,管理岗位,专业测试,,3,1,,,,,,,,,,,
2026,事业单位,六安市,市,,,,裕安区行政调解指导中心,906003.0,专业技术岗位,专业测试,,3,1,,,,,,,,,,,
2026,事业单位,六安市,市,,,,西市社区卫生服务中心,906025.0,专业技术岗位,专业测试,,3,1,,,,,,,,,,,
2026,事业单位,六安市,市,,,,诸佛庵镇便民服务中心,903029.0,专业技术,结构化面试,社会科学专技类(B类),3,1,本科及以上,"本科：新闻传播学类（0503）
研究生：新闻传播学（0503）、新闻与传播（0552）",38周岁及以下；学位：学士及以上,,,,,,,,
2026,事业单位,六安市,市,,,,诸佛庵镇财政和资产管理服务中心,903030.0,专业技术,结构化面试,自然科学专技类(C类),3,1,本科及以上,"本科：农学（090101）、林学类（0905）
研究生：作物学（0901）、林学（0907）、林业（0954）",38周岁及以下；学位：学士及以上,,,,,,,,
2026,事业单位,六安市,市,,,,财政和资产管理中心,905005.0,专业技术岗,"1.专业测试；
2.椿树镇、施桥镇、马头镇各1名，按合成总成绩排名依次选岗。
",,3,3,,,,,,,,,,,
2026,事业单位,六安市,市,,,,财政和资产管理服务中心,908059.0,专业技术岗,,,3,2,,,,,,,,,,,
2026,事业单位,六安市,市,,,,财政和资产管理服务中心,908060.0,专业技术岗,,,3,1,,,,,,,,,,,
2026,事业单位,六安市,市,,,,财政和资产管理服务中心,908063.0,专业技术岗,,,3,1,,,,,,,,,,,
2026,事业单位,六安市,市,,,,财政和资产管理服务中心,908068.0,专业技术岗,,,3,1,,,,,,,,,,,
2026,事业单位,六安市,市,,,,财政和资产管理服务中心,908069.0,专业技术岗,,,3,1,,,,,,,,,,,
2026,事业单位,六安市,市,,,,财政和资产管理服务中心,908071.0,专业技术岗,,,3,1,,,,,,,,,,,
2026,事业单位,六安市,市,,,,财政和资产管理服务中心,908072.0,专业技术岗,,,3,1,,,,,,,,,,,
2026,事业单位,六安市,市,,,,财政和资产管理服务中心,908075.0,专业技术岗,,,3,1,,,,,,,,,,,
2026,事业单位,六安市,市,,,,财政和资产管理服务中心,908077.0,专业技术岗,,,3,1,,,,,,,,,,,
2026,事业单位,六安市,市,,,,财政和资产管理服务中心,908078.0,专业技术岗,,,3,1,,,,,,,,,,,
2026,事业单位,六安市,市,,,,霍山县交通运输综合行政执法大队,903002.0,管理,结构化面试,综合管理类(A类),3,1,本科及以上,"本科：法学类（0301）
研究生：法学（0301）、法律（0351）",38周岁及以下,,,,,,,,
2026,事业单位,六安市,市,,,,霍山县农业项目建设中心,903014.0,专业技术,结构化面试,自然科学专技类(C类),3,1,本科及以上,"本科：水利类（0811）、农业工程类（0823）
研究生：水利工程（0815或085902）、农业工程（0828）、农业工程与信息技术（095136 ）",38周岁及以下；学位：学士及以上,,,,,,,,
2026,事业单位,六安市,市,,,,霍山县农村经济经营管理中心,903013.0,专业技术,结构化面试,社会科学专技类(B类),3,1,本科及以上,"本科：经济学（020101）、经济统计学（020102）
研究生：应用经济学（0202）",38周岁及以下；学位：学士及以上,,,,,,,,
2026,事业单位,六安市,市,,,,霍山县国有林业总场,903006.0,专业技术,结构化面试;专项招聘应届毕业生,自然科学专技类(C类),3,1,大专及以上,"专科：林业类（4102）
本科：林学类（0905）
研究生：林学（0907）、林业（0954）、林业工程（0829或085605）",38周岁及以下；工作地点在佛子岭林场，驻地位于霍山县太阳乡,,,,,,,,
2026,事业单位,六安市,市,,,,霍山县国有林业总场,903007.0,专业技术,结构化面试;专项招聘应届毕业生,社会科学专技类(B类),3,1,本科及以上,"本科：会计学（120203K） 、财务管理（120204）、资产评估（120208）
研究生：会计学（120201）、会计（1253）",38周岁及以下；学位：学士及以上；工作地点在马家河林场，驻地位于霍山县太阳乡,,,,,,,,
2026,事业单位,六安市,市,,,,霍山县国有林业总场,903008.0,专业技术,结构化面试,自然科学专技类(C类),3,1,本科及以上,"本科：电子科学与技术（080702）、人工智能（080717T）
研究生：电子科学与技术（0809）、电子信息（0854）",38周岁及以下；工作地点在青尖林场，驻地位于霍山县太平畈乡,,,,,,,,
2026,事业单位,六安市,市,,,,霍山县地方公路管理局,903004.0,专业技术,结构化面试,自然科学专技类(C类),3,1,本科及以上,"本科：土木工程（081001）、道路桥梁与渡河工程（081006T）
研究生：土木工程（0814或085901）",38周岁及以下,,,,,,,,
2026,事业单位,六安市,市,,,,霍山县地方海事处,903005.0,专业技术,结构化面试,自然科学专技类(C类),3,1,本科及以上,"本科：环境科学与工程（082501）、环境科学（082503）、环境生态工程（082504）
研究生：环境科学与工程（0830）、环境工程（085701）",38周岁及以下,,,,,,,,
2026,事业单位,六安市,市,,,,霍山县城乡低保中心,903009.0,管理,结构化面试,综合管理类(A类),3,1,本科及以上,"本科：社会学类（0303）
研究生：专业不限",38周岁及以下；学位：学士及以上,,,,,,,,
2026,事业单位,六安市,市,,,,霍山县市场监管综合行政执法大队,903015.0,管理,结构化面试,综合管理类(A类),3,1,本科及以上,"本科：法学类（0301）
研究生：法学（0301）、法律（0351）",38周岁及以下,,,,,,,,
2026,事业单位,六安市,市,,,,霍山县房屋征收管理服务中心,903019.0,专业技术,结构化面试,自然科学专技类(C类),3,1,本科及以上,"本科：土木类（0810）
研究生：土木工程（0814或085901）、测绘科学与技术（0816）、测绘工程（085704）",38周岁及以下；学位：学士及以上,,,,,,,,
2026,事业单位,六安市,市,,,,霍山县殡仪馆,903010.0,管理,结构化面试,综合管理类(A类),3,1,本科及以上,"本科：法学类（0301）
研究生：专业不限",38周岁及以下；学位：学士及以上,,,,,,,,
2026,事业单位,六安市,市,,,,霍山县水利工程项目建设中心,903017.0,专业技术,结构化面试;专项招聘应届毕业生,自然科学专技类(C类),3,1,本科及以上,"本科：土木工程（081001）、水利水电工程（081101）
研究生：土木工程（0814或085901）、水利工程（0815或085902）",38周岁及以下；学位：学士及以上；经常下乡,,,,,,,,
2026,事业单位,六安市,市,,,,霍山县水利工程项目建设中心,903018.0,专业技术,结构化面试;专项招聘应届毕业生,自然科学专技类(C类),3,1,本科及以上,"本科：环境科学与工程（082501）、环境工程（082502）、环境科学（082503）
研究生：环境科学（083001）、环境工程（083002或085701）",38周岁及以下；学位：学士及以上；经常下乡,,,,,,,,
2026,事业单位,六安市,市,,,,霍山县淠源渠管理处,903016.0,专业技术,结构化面试,自然科学专技类(C类),3,1,本科及以上,"本科：土木工程（081001）、水利水电工程（081101）
研究生：土木工程（0814或085901）、水利工程（0815或085902）",38周岁及以下；经常下乡,,,,,,,,
2026,事业单位,六安市,市,,,,霍山县渔业发展中心,903011.0,专业技术,结构化面试,自然科学专技类(C类),3,1,本科及以上,"本科：水产类（0906）
研究生：水产（0908）",38周岁及以下；学位：学士及以上,,,,,,,,
2026,事业单位,六安市,市,,,,霍山县畜牧产业发展中心,903012.0,专业技术,结构化面试,自然科学专技类(C类),3,1,本科及以上,"本科：动物医学类（0904）
研究生：兽医学（0906）、兽医（0952）",38周岁及以下；学位：学士及以上,,,,,,,,
2026,事业单位,六安市,市,,,,霍山县疾病预防控制中心,903023.0,专业技术,结构化面试,医疗卫生类(E类),3,1,本科及以上,"本科：公共卫生与预防医学类（1004）
研究生：公共卫生与预防医学（1004）、公共卫生（1053）",38周岁及以下,,,,,,,,
2026,事业单位,六安市,市,,,,霍山县疾病预防控制中心,903024.0,专业技术,结构化面试,医疗卫生类(E类),3,1,本科及以上,"本科：预防医学（100401K）
研究生：流行病与卫生统计学（100401）、公共卫生（1053）",38周岁及以下,,,,,,,,
2026,事业单位,六安市,市,,,,霍山县融媒体中心,903021.0,专业技术,结构化面试,社会科学专技类(B类),3,1,本科及以上,"本科：影视摄影与制作（130311T)
研究生：专业不限",38周岁及以下；学位：学士及以上；研究生学历报考者，其本科专业需与本岗位一致；经常出差下乡、加班,,,,,,,,
2026,事业单位,六安市,市,,,,霍山县融媒体中心,903022.0,专业技术,结构化面试,社会科学专技类(B类),3,1,本科及以上,"本科：播音与主持艺术（130309)
研究生：专业不限",38周岁及以下；学位：学士及以上；研究生学历报考者，其本科专业需与本岗位一致；形象气质佳。需有一级乙等及以上普通话等级证书,,,,,,,,
2026,事业单位,六安市,市,,,,霍山县诸佛庵镇自然资源和规划管理服务中心,903020.0,专业技术,结构化面试,自然科学专技类(C类),3,1,本科及以上,"本科：计算机类（0809）、土木类（0810）、测绘类（0812）
研究生：计算机科学与技术（0812）、土木工程（0814或085901）、测绘科学与技术（0816）、测绘工程（085704）",38周岁及以下；学位：学士及以上,,,,,,,,
2026,事业单位,六安市,市,,,,霍山县非税收入管理中心,903001.0,专业技术,结构化面试,社会科学专技类(B类),3,1,本科及以上,"本科：财政学(020201K)、会计学（120203K） 、财务管理（120204）、审计学（120207）
研究生：财政学（020203）、会计学（120201）、会计（1253）、审计（1257）",38周岁及以下,,,,,,,,
2026,事业单位,六安市,市,,,,霍山经济开发区为企服务中心,903025.0,专业技术,结构化面试,社会科学专技类(B类),3,1,本科及以上,"本科：经济学类（0201）
研究生：应用经济学（0202）",38周岁及以下；主要从事招商工作，需经常出差,,,,,,,,
2026,事业单位,六安市,市,,,,霍山经济开发区为企服务中心,903026.0,专业技术,结构化面试,社会科学专技类(B类),3,1,本科及以上,"本科：工商管理类（1202）
研究生：工商管理学（1202）、工商管理（1251）",38周岁及以下；主要从事招商工作，需经常出差,,,,,,,,
2026,事业单位,六安市,市,,,,霍山经济开发区为企服务中心,903027.0,管理,结构化面试,综合管理类(A类),3,1,本科及以上,专业不限,38周岁及以下；主要从事招商工作，需经常出差,,,,,,,,
2026,事业单位,六安市,市,,,,霍山经济开发区为企服务中心,903028.0,管理,结构化面试；定向招聘“服务基层项目”人员,综合管理类(A类),3,1,本科及以上,专业不限,38周岁及以下；主要从事招商工作，需经常出差,,,,,,,,
2026,事业单位,六安市,市,,,,马店镇卫生院,902030.0,专业技术岗,专业测试,医疗卫生类(E类),3,1,大专及以上,,38周岁及以下,,,,,,,,
2026,事业单位,六安市,市,,,,高塘镇卫生院,902028.0,专业技术岗,专业测试,医疗卫生类(E类),3,1,大专及以上,,38周岁及以下；具有执业医生资格证书,,,,,,,,
2026,事业单位,六安市,市,,,,鼓楼社区卫生服务中心,906023.0,专业技术岗位,专业测试,,3,1,,,,,,,,,,,
2026,事业单位,合肥市,市,,,,"中共合肥市瑶海区委
政法委所属事业单位",105003.0,管理,经常加班，需要值班。工作经历需提供劳动合同（或聘用合同）、社保证明,,3,1,,,,,,,,,,,
2026,事业单位,合肥市,市,,,,"中共合肥市瑶海区委
政法委所属事业单位",105004.0,管理,经常加班，需要值班。工作经历需提供劳动合同（或聘用合同）、社保证明,,3,1,,,,,,,,,,,
2026,事业单位,合肥市,市,,,,"中共合肥市瑶海区委
社会工作部所属事业单位",105001.0,管理,工作强度较大，需值班值守、参加外勤工作,,3,1,,,,,,,,,,,
2026,事业单位,合肥市,市,,,,"中共合肥市瑶海区委
社会工作部所属事业单位",105002.0,管理,工作强度较大，需值班值守、参加外勤工作,,3,1,,,,,,,,,,,
2026,事业单位,合肥市,市,,,,中共肥东县委党校,102003.0,专业技术,教师岗位,,3,1,,,,,,,,,,,
2026,事业单位,合肥市,市,,,,乡镇国土所（分局）,102008.0,管理,八斗镇、白龙镇、元疃镇、长临河镇、桥头集镇各1人，录用后按总成绩高低选岗。服务基层所（分局）时间不少于5年。,,3,5,,,,,,,,,,,
2026,事业单位,合肥市,市,,,,合肥产业研究院（安徽高等研究院合肥分院）,101024.0,专业技术,,,3,1,,,,,,,,,,,
2026,事业单位,合肥市,市,,,,合肥产业研究院（安徽高等研究院合肥分院）,101025.0,专业技术,,,3,1,,,,,,,,,,,
2026,事业单位,合肥市,市,,,,合肥产业研究院（安徽高等研究院合肥分院）,101026.0,专业技术,,,3,1,,,,,,,,,,,
2026,事业单位,合肥市,市,,,,合肥产业研究院（安徽高等研究院合肥分院）,101027.0,专业技术,,,3,1,,,,,,,,,,,
2026,事业单位,合肥市,市,,,,合肥产业研究院（安徽高等研究院合肥分院）,101028.0,管理岗位,,,3,1,,,,,,,,,,,
2026,事业单位,合肥市,市,,,,合肥市人事考试中心,101010.0,管理岗位,,,3,1,,,,,,,,,,,
2026,事业单位,合肥市,市,,,,合肥市人事考试中心,101011.0,专业技术,,,3,1,,,,,,,,,,,
2026,事业单位,合肥市,市,,,,合肥市人才综合服务中心,101007.0,管理岗位,,,3,1,,,,,,,,,,,
2026,事业单位,合肥市,市,,,,合肥市人才综合服务中心,101008.0,专业技术,,,3,1,,,,,,,,,,,
2026,事业单位,合肥市,市,,,,合肥市人才综合服务中心,101009.0,专业技术,,,3,1,,,,,,,,,,,
2026,事业单位,合肥市,市,,,,合肥市水务工程建设管理中心,101016.0,专业技术,,,3,1,,,,,,,,,,,
2026,事业单位,合肥市,市,,,,合肥市水务工程质量监督中心,101017.0,专业技术,,,3,1,,,,,,,,,,,
2026,事业单位,合肥市,市,,,,合肥市水务工程质量监督中心,101018.0,专业技术,,,3,1,,,,,,,,,,,
2026,事业单位,合肥市,市,,,,"合肥市瑶海区
七里站街道办事处
所属事业单位",105037.0,管理,工作经历需提供劳动合同（或聘用合同）、社保证明,,3,2,,,,,,,,,,,
2026,事业单位,合肥市,市,,,,"合肥市瑶海区
三里街街道办事处
所属事业单位",105026.0,管理,,,3,1,,,,,,,,,,,
2026,事业单位,合肥市,市,,,,"合肥市瑶海区
三里街街道办事处
所属事业单位",105027.0,管理,,,3,1,,,,,,,,,,,
2026,事业单位,合肥市,市,,,,"合肥市瑶海区
人民政府办公室
所属事业单位",105005.0,管理,,,3,1,,,,,,,,,,,
2026,事业单位,合肥市,市,,,,"合肥市瑶海区
住房和城乡建设局
所属事业单位",105012.0,管理,,,3,2,,,,,,,,,,,
2026,事业单位,合肥市,市,,,,"合肥市瑶海区
住房和城乡建设局
所属事业单位",105013.0,管理,,,3,1,,,,,,,,,,,
2026,事业单位,合肥市,市,,,,"合肥市瑶海区
卫生健康委员会
所属基层医疗卫生机构",105015.0,专业技术,工作经历需提供劳动合同（或聘用合同）、社保证明、单位出具的工作情况证明材料,,3,2,,,,,,,,,,,
2026,事业单位,合肥市,市,,,,"合肥市瑶海区
卫生健康委员会
所属基层医疗卫生机构",105016.0,专业技术,,,3,1,,,,,,,,,,,
2026,事业单位,合肥市,市,,,,"合肥市瑶海区
卫生健康委员会
所属基层医疗卫生机构",105017.0,专业技术,,,3,3,,,,,,,,,,,
2026,事业单位,合肥市,市,,,,"合肥市瑶海区
和平路街道办事处
所属事业单位",105028.0,管理,,,3,1,,,,,,,,,,,
2026,事业单位,合肥市,市,,,,"合肥市瑶海区
和平路街道办事处
所属事业单位",105029.0,管理,,,3,1,,,,,,,,,,,
2026,事业单位,合肥市,市,,,,"合肥市瑶海区
和平路街道办事处
所属事业单位",105030.0,管理,,,3,1,,,,,,,,,,,
2026,事业单位,合肥市,市,,,,"合肥市瑶海区
商务局所属事业单位",105014.0,管理,,,3,1,,,,,,,,,,,
2026,事业单位,合肥市,市,,,,"合肥市瑶海区
嘉山路街道办事处
所属事业单位",105040.0,管理,,,3,1,,,,,,,,,,,
2026,事业单位,合肥市,市,,,,"合肥市瑶海区
嘉山路街道办事处
所属事业单位",105041.0,管理,,,3,1,,,,,,,,,,,
2026,事业单位,合肥市,市,,,,"合肥市瑶海区
城东街道办事处
所属事业单位",105024.0,管理,,,3,1,,,,,,,,,,,
2026,事业单位,合肥市,市,,,,"合肥市瑶海区
城东街道办事处
所属事业单位",105025.0,管理,工作经历需提供劳动合同（或聘用合同）、社保证明,,3,1,,,,,,,,,,,
2026,事业单位,合肥市,市,,,,"合肥市瑶海区
大兴镇人民政府
所属事业单位",105020.0,管理,,,3,1,,,,,,,,,,,
2026,事业单位,合肥市,市,,,,"合肥市瑶海区
大兴镇人民政府
所属事业单位",105021.0,管理,,,3,1,,,,,,,,,,,
2026,事业单位,合肥市,市,,,,"合肥市瑶海区
大兴镇人民政府
所属事业单位",105022.0,管理,,,3,1,,,,,,,,,,,
2026,事业单位,合肥市,市,,,,"合肥市瑶海区
大兴镇人民政府
所属事业单位",105023.0,管理,,,3,1,,,,,,,,,,,
2026,事业单位,合肥市,市,,,,"合肥市瑶海区
总工会所属事业单位",105018.0,管理,工作经历需提供劳动合同（或聘用合同）、社保证明、单位出具的工作情况证明材料,,3,1,,,,,,,,,,,
2026,事业单位,合肥市,市,,,,"合肥市瑶海区
总工会所属事业单位",105019.0,管理,,,3,1,,,,,,,,,,,
2026,事业单位,合肥市,市,,,,"合肥市瑶海区
方庙街道办事处
所属事业单位",105033.0,管理,,,3,1,,,,,,,,,,,
2026,事业单位,合肥市,市,,,,"合肥市瑶海区
方庙街道办事处
所属事业单位",105034.0,管理,,,3,1,,,,,,,,,,,
2026,事业单位,合肥市,市,,,,"合肥市瑶海区
民政局所属事业单位",105006.0,管理,,,3,2,,,,,,,,,,,
2026,事业单位,合肥市,市,,,,"合肥市瑶海区
民政局所属事业单位",105007.0,管理,本岗位需承担流浪乞讨巡查、夜班应急值守、工作强度较大,,3,1,,,,,,,,,,,
2026,事业单位,合肥市,市,,,,"合肥市瑶海区
民政局所属事业单位",105008.0,管理,,,3,1,,,,,,,,,,,
2026,事业单位,合肥市,市,,,,"合肥市瑶海区
民政局所属事业单位",105009.0,管理,,,3,1,,,,,,,,,,,
2026,事业单位,合肥市,市,,,,"合肥市瑶海区
民政局所属事业单位",105010.0,管理,,,3,1,,,,,,,,,,,
2026,事业单位,合肥市,市,,,,"合肥市瑶海区
红光街道办事处
所属事业单位",105038.0,管理,,,3,1,,,,,,,,,,,
2026,事业单位,合肥市,市,,,,"合肥市瑶海区
红光街道办事处
所属事业单位",105039.0,管理,,,3,1,,,,,,,,,,,
2026,事业单位,合肥市,市,,,,"合肥市瑶海区
铜陵路街道办事处
所属事业单位",105035.0,管理,,,3,2,,,,,,,,,,,
2026,事业单位,合肥市,市,,,,"合肥市瑶海区
铜陵路街道办事处
所属事业单位",105036.0,管理,,,3,1,,,,,,,,,,,
2026,事业单位,合肥市,市,,,,"合肥市瑶海区
长淮街道办事处
所属事业单位",105031.0,管理,,,3,1,,,,,,,,,,,
2026,事业单位,合肥市,市,,,,"合肥市瑶海区
长淮街道办事处
所属事业单位",105032.0,管理,,,3,1,,,,,,,,,,,
2026,事业单位,合肥市,市,,,,"合肥市瑶海区  
人力资源和社会保障局
所属事业单位",105011.0,管理,工作经历需提供劳动合同（或聘用合同）、社保证明、单位出具的工作情况证明材料,,3,2,,,,,,,,,,,
2026,事业单位,合肥市,市,,,,合肥市知识产权保护中心,101019.0,专业技术,,,3,1,,,,,,,,,,,
2026,事业单位,合肥市,市,,,,合肥市知识产权保护中心,101020.0,专业技术,,,3,2,,,,,,,,,,,
2026,事业单位,合肥市,市,,,,合肥市知识产权保护中心,101021.0,专业技术,,,3,3,,,,,,,,,,,
2026,事业单位,合肥市,市,,,,合肥市知识产权保护中心,101022.0,专业技术,,,3,2,,,,,,,,,,,
2026,事业单位,合肥市,市,,,,合肥市统计局普查中心（地方经济社会调查队）,101023.0,管理岗位,,,3,1,,,,,,,,,,,
2026,事业单位,合肥市,市,,,,合肥循环经济示范园管理中心,102021.0,专业技术,,,3,2,,,,,,,,,,,
2026,事业单位,合肥市,市,,,,合肥新站高新区管委会,107001.0,管理,,,3,3,,,,,,,,,,,
2026,事业单位,合肥市,市,,,,合肥新站高新区管委会,107002.0,管理,,,3,2,,,,,,,,,,,
2026,事业单位,合肥市,市,,,,合肥新站高新区管委会,107003.0,管理,,,3,5,,,,,,,,,,,
2026,事业单位,合肥市,市,,,,合肥新站高新区管委会,107004.0,管理,,,3,5,,,,,,,,,,,
2026,事业单位,合肥市,市,,,,合肥新站高新区管委会,107005.0,管理,,,3,5,,,,,,,,,,,
2026,事业单位,合肥市,市,,,,合肥新站高新区管委会,107006.0,管理,,,3,7,,,,,,,,,,,
2026,事业单位,合肥市,市,,,,合肥新站高新区管委会,107007.0,管理,,,3,7,,,,,,,,,,,
2026,事业单位,合肥市,市,,,,合肥新站高新区管委会,107008.0,管理,,,3,1,,,,,,,,,,,
2026,事业单位,合肥市,市,,,,合肥新站高新区管委会,107009.0,管理,,,3,3,,,,,,,,,,,
2026,事业单位,合肥市,市,,,,合肥新站高新区管委会,107010.0,管理,,,3,2,,,,,,,,,,,
2026,事业单位,合肥市,市,,,,合肥老年大学,101001.0,管理岗位,,,3,1,,,,,,,,,,,
2026,事业单位,合肥市,市,,,,合肥职业技术学院,101029.0,专业技术,,,3,2,,,,,,,,,,,
2026,事业单位,合肥市,市,,,,合肥职业技术学院,101030.0,专业技术,,,3,2,,,,,,,,,,,
2026,事业单位,合肥市,市,,,,合肥职业技术学院,101031.0,专业技术,,,3,1,,,,,,,,,,,
2026,事业单位,合肥市,市,,,,合肥高新区管委会,106001.0,管理,,,3,5,,,,,,,,,,,
2026,事业单位,合肥市,市,,,,合肥高新区管委会,106002.0,管理,,,3,5,,,,,,,,,,,
2026,事业单位,合肥市,市,,,,合肥高新区管委会,106003.0,管理,,,3,4,,,,,,,,,,,
2026,事业单位,合肥市,市,,,,合肥高新区管委会,106004.0,管理,,,3,4,,,,,,,,,,,
2026,事业单位,合肥市,市,,,,合肥高新区管委会,106005.0,管理,,,3,5,,,,,,,,,,,
2026,事业单位,合肥市,市,,,,合肥高新区管委会,106006.0,管理,,,3,5,,,,,,,,,,,
2026,事业单位,合肥市,市,,,,合肥高新区管委会,106007.0,管理,,,3,5,,,,,,,,,,,
2026,事业单位,合肥市,市,,,,合肥高新区管委会,106008.0,管理,,,3,5,,,,,,,,,,,
2026,事业单位,合肥市,市,,,,合肥高新区管委会,106009.0,管理,,,3,4,,,,,,,,,,,
2026,事业单位,合肥市,市,,,,合肥高新区管委会,106010.0,管理,,,3,3,,,,,,,,,,,
2026,事业单位,合肥市,市,,,,基层资规所,104003.0,管理,柘皋、苏湾、坝镇基层所各1名，主要从事自然资源管理等工作，新聘人员根据总成绩从高到低自主选岗。,,3,3,,,,,,,,,,,
2026,事业单位,合肥市,市,,,,安徽合肥技师学院,101012.0,专业技术,,,3,1,,,,,,,,,,,
2026,事业单位,合肥市,市,,,,安徽合肥技师学院,101013.0,专业技术,,,3,1,,,,,,,,,,,
2026,事业单位,合肥市,市,,,,安徽合肥技师学院,101014.0,专业技术,,,3,1,,,,,,,,,,,
2026,事业单位,合肥市,市,,,,安徽合肥技师学院,101015.0,专业技术,,,3,2,,,,,,,,,,,
2026,事业单位,合肥市,市,,,,市公共安全技术应用和服务中心,101002.0,专业技术,,,3,4,,,,,,,,,,,
2026,事业单位,合肥市,市,,,,市公共安全技术应用和服务中心,101003.0,管理岗位,,,3,1,,,,,,,,,,,
2026,事业单位,合肥市,市,,,,市公共安全技术应用和服务中心,101004.0,专业技术,,,3,1,,,,,,,,,,,
2026,事业单位,合肥市,市,,,,市公共安全技术应用和服务中心,101005.0,专业技术,,,3,2,,,,,,,,,,,
2026,事业单位,合肥市,市,,,,市公共安全技术应用和服务中心,101006.0,专业技术,,,3,4,,,,,,,,,,,
2026,事业单位,合肥市,市,,,,市公共就业服务中心,104009.0,管理,,,3,1,,,,,,,,,,,
2026,事业单位,合肥市,市,,,,市农技推广中心,104004.0,专业技术,,,3,1,,,,,,,,,,,
2026,事业单位,合肥市,市,,,,市农技推广中心,104005.0,专业技术,,,3,1,,,,,,,,,,,
2026,事业单位,合肥市,市,,,,市城市更新管理中心,104019.0,专业技术,,,3,1,,,,,,,,,,,
2026,事业单位,合肥市,市,,,,市委党校,104015.0,专业技术,,,3,1,,,,,,,,,,,
2026,事业单位,合肥市,市,,,,市建筑市场管理服务中心,104020.0,专业技术,,,3,1,,,,,,,,,,,
2026,事业单位,合肥市,市,,,,市招生考试中心,104014.0,管理,,,3,1,,,,,,,,,,,
2026,事业单位,合肥市,市,,,,市政府投资审计中心,104001.0,专业技术,,,3,1,,,,,,,,,,,
2026,事业单位,合肥市,市,,,,市政府投资审计中心,104002.0,专业技术,,,3,1,,,,,,,,,,,
2026,事业单位,合肥市,市,,,,市教师事务管理中心,104013.0,管理,,,3,1,,,,,,,,,,,
2026,事业单位,合肥市,市,,,,市新闻中心,104016.0,专业技术,,,3,1,,,,,,,,,,,
2026,事业单位,合肥市,市,,,,市残疾人劳动就业服务所,104018.0,管理,,,3,1,,,,,,,,,,,
2026,事业单位,合肥市,市,,,,市殡葬服务中心,104012.0,管理,需承担夜间值班工作,,3,1,,,,,,,,,,,
2026,事业单位,合肥市,市,,,,市河长制办公室,104006.0,专业技术,,,3,1,,,,,,,,,,,
2026,事业单位,合肥市,市,,,,市法律援助中心,104011.0,管理,,,3,1,,,,,,,,,,,
2026,事业单位,合肥市,市,,,,市物业管理中心,104017.0,专业技术,,,3,1,,,,,,,,,,,
2026,事业单位,合肥市,市,,,,市知识产权管理中心,104010.0,管理,,,3,1,,,,,,,,,,,
2026,事业单位,合肥市,市,,,,市社会保险基金管理中心,104007.0,管理,定向招聘“服务基层项目”人员（含符合条件的退役士兵）,,3,1,,,,,,,,,,,
2026,事业单位,合肥市,市,,,,市社会保险基金管理中心,104008.0,管理,,,3,1,,,,,,,,,,,
2026,事业单位,合肥市,市,,,,庐江县交通工程质量管理服务中心,103003.0,专业技术,,,3,2,,,,,,,,,,,
2026,事业单位,合肥市,市,,,,庐江县供排水管理中心,103021.0,专业技术,,,3,1,,,,,,,,,,,
2026,事业单位,合肥市,市,,,,庐江县供排水管理中心,103022.0,专业技术,,,3,1,,,,,,,,,,,
2026,事业单位,合肥市,市,,,,庐江县供排水管理中心,103023.0,专业技术,,,3,1,,,,,,,,,,,
2026,事业单位,合肥市,市,,,,庐江县农业技术推广中心,103004.0,专业技术,,,3,1,,,,,,,,,,,
2026,事业单位,合肥市,市,,,,庐江县农业综合行政执法大队,103005.0,管理,,,3,1,,,,,,,,,,,
2026,事业单位,合肥市,市,,,,庐江县农业综合行政执法大队,103006.0,管理,长期从事一线农业行政执法工作，条件艰苦。,,3,1,,,,,,,,,,,
2026,事业单位,合肥市,市,,,,庐江县农业综合行政执法大队,103007.0,管理,,,3,1,,,,,,,,,,,
2026,事业单位,合肥市,市,,,,庐江县农机管理中心,103008.0,专业技术,,,3,1,,,,,,,,,,,
2026,事业单位,合肥市,市,,,,庐江县妇女儿童保健中心,103029.0,专业技术,,,3,1,,,,,,,,,,,
2026,事业单位,合肥市,市,,,,庐江县巡察信息中心,103001.0,管理,需参与驻点巡察，经常出差。,,3,1,,,,,,,,,,,
2026,事业单位,合肥市,市,,,,庐江县巡察信息中心,103002.0,管理,需参与驻点巡察，经常出差。,,3,1,,,,,,,,,,,
2026,事业单位,合肥市,市,,,,庐江县急救中心,103026.0,专业技术,,,3,1,,,,,,,,,,,
2026,事业单位,合肥市,市,,,,庐江县急救中心,103027.0,专业技术,,,3,1,,,,,,,,,,,
2026,事业单位,合肥市,市,,,,庐江县急救中心,103028.0,专业技术,,,3,1,,,,,,,,,,,
2026,事业单位,合肥市,市,,,,庐江县机电排灌总站,103013.0,专业技术,定向招聘“服务基层项目”人员。,,3,1,,,,,,,,,,,
2026,事业单位,合肥市,市,,,,庐江县机电排灌总站,103014.0,专业技术,,,3,1,,,,,,,,,,,
2026,事业单位,合肥市,市,,,,庐江县机电排灌总站,103015.0,专业技术,,,3,2,,,,,,,,,,,
2026,事业单位,合肥市,市,,,,庐江县机电排灌总站,103016.0,专业技术,,,3,2,,,,,,,,,,,
2026,事业单位,合肥市,市,,,,庐江县机电排灌总站,103017.0,管理,,,3,1,,,,,,,,,,,
2026,事业单位,合肥市,市,,,,庐江县水库（河道）管理中心,103018.0,管理,,,3,1,,,,,,,,,,,
2026,事业单位,合肥市,市,,,,庐江县水库（河道）管理中心,103019.0,专业技术,,,3,1,,,,,,,,,,,
2026,事业单位,合肥市,市,,,,庐江县水库（河道）管理中心,103020.0,专业技术,,,3,1,,,,,,,,,,,
2026,事业单位,合肥市,市,,,,庐江县疾病预防控制中心,103024.0,专业技术,,,3,1,,,,,,,,,,,
2026,事业单位,合肥市,市,,,,庐江县疾病预防控制中心,103025.0,专业技术,,,3,1,,,,,,,,,,,
2026,事业单位,合肥市,市,,,,庐江县舒庐干渠管理所,103010.0,专业技术,,,3,1,,,,,,,,,,,
2026,事业单位,合肥市,市,,,,庐江县舒庐干渠管理所,103011.0,专业技术,,,3,1,,,,,,,,,,,
2026,事业单位,合肥市,市,,,,庐江县舒庐干渠管理所,103012.0,专业技术,,,3,1,,,,,,,,,,,
2026,事业单位,合肥市,市,,,,庐江县融媒体中心,103030.0,专业技术,长期从事外勤采访工作，周末、节假日需经常性加班。,,3,2,,,,,,,,,,,
2026,事业单位,合肥市,市,,,,庐江县融媒体中心,103031.0,专业技术,,,3,1,,,,,,,,,,,
2026,事业单位,合肥市,市,,,,庐江县融媒体中心,103032.0,专业技术,,,3,1,,,,,,,,,,,
2026,事业单位,合肥市,市,,,,庐江县贫困监测信息中心,103009.0,专业技术,,,3,1,,,,,,,,,,,
2026,事业单位,合肥市,市,,,,肥东县人力资源和社会保障局,102007.0,专业技术,,,3,2,,,,,,,,,,,
2026,事业单位,合肥市,市,,,,肥东县众兴乡人民政府,102032.0,管理,,,3,1,,,,,,,,,,,
2026,事业单位,合肥市,市,,,,肥东县元疃镇人民政府,102030.0,专业技术,,,3,1,,,,,,,,,,,
2026,事业单位,合肥市,市,,,,肥东县元疃镇人民政府,102031.0,专业技术,,,3,1,,,,,,,,,,,
2026,事业单位,合肥市,市,,,,肥东县农业农村局,102009.0,专业技术,,,3,1,,,,,,,,,,,
2026,事业单位,合肥市,市,,,,肥东县农业农村局,102010.0,专业技术,,,3,1,,,,,,,,,,,
2026,事业单位,合肥市,市,,,,肥东县农业农村局,102011.0,专业技术,岗位为屠宰场检疫人员，需上夜班，岗位艰苦,,3,1,,,,,,,,,,,
2026,事业单位,合肥市,市,,,,肥东县农业农村局,102012.0,管理,,,3,1,,,,,,,,,,,
2026,事业单位,合肥市,市,,,,肥东县包公镇人民政府,102035.0,管理,,,3,1,,,,,,,,,,,
2026,事业单位,合肥市,市,,,,肥东县包公镇人民政府,102036.0,专业技术,,,3,1,,,,,,,,,,,
2026,事业单位,合肥市,市,,,,肥东县发展和改革委员会,102005.0,管理,,,3,2,,,,,,,,,,,
2026,事业单位,合肥市,市,,,,肥东县古城镇人民政府,102022.0,管理,,,3,1,,,,,,,,,,,
2026,事业单位,合肥市,市,,,,肥东县古城镇人民政府,102023.0,管理,,,3,1,,,,,,,,,,,
2026,事业单位,合肥市,市,,,,肥东县古城镇人民政府,102024.0,专业技术,,,3,1,,,,,,,,,,,
2026,事业单位,合肥市,市,,,,肥东县古城镇人民政府,102025.0,专业技术,,,3,1,,,,,,,,,,,
2026,事业单位,合肥市,市,,,,肥东县城乡居民最低生活保障资金管理中心,102006.0,管理,,,3,2,,,,,,,,,,,
2026,事业单位,合肥市,市,,,,肥东县城市管理局,102015.0,专业技术,长期从事城管一线执法、夜间值班,,3,1,,,,,,,,,,,
2026,事业单位,合肥市,市,,,,肥东县应急管理局,102014.0,管理,,,3,1,,,,,,,,,,,
2026,事业单位,合肥市,市,,,,肥东县店埠镇人民政府,102026.0,管理,,,3,2,,,,,,,,,,,
2026,事业单位,合肥市,市,,,,肥东县店埠镇人民政府,102027.0,管理,,,3,1,,,,,,,,,,,
2026,事业单位,合肥市,市,,,,肥东县张集乡人民政府,102033.0,管理,,,3,2,,,,,,,,,,,
2026,事业单位,合肥市,市,,,,肥东县投资促进中心,102016.0,管理,,,3,1,,,,,,,,,,,
2026,事业单位,合肥市,市,,,,肥东县投资促进中心,102017.0,管理,,,3,1,,,,,,,,,,,
2026,事业单位,合肥市,市,,,,肥东县投资促进中心,102018.0,管理,,,3,2,,,,,,,,,,,
2026,事业单位,合肥市,市,,,,肥东县文学艺术界联合会,102020.0,管理,,,3,1,,,,,,,,,,,
2026,事业单位,合肥市,市,,,,肥东县杨店乡人民政府,102029.0,专业技术,,,3,1,,,,,,,,,,,
2026,事业单位,合肥市,市,,,,肥东县民族宗教服务中心,102002.0,管理,,,3,1,,,,,,,,,,,
2026,事业单位,合肥市,市,,,,肥东县水利工程运行管理中心,102013.0,专业技术,录用后服务基层水管单位时间不少于5年，水管单位包括：驷马山电灌工程管理处2人、袁河西水库工程管理处1人，录用后按总成绩高低选岗,,3,3,,,,,,,,,,,
2026,事业单位,合肥市,市,,,,肥东县牌坊回族满族乡人民政府,102037.0,管理,主要从事乡镇环境保护相关工作，经常加班，要值夜班,,3,1,,,,,,,,,,,
2026,事业单位,合肥市,市,,,,肥东县社会工作综合服务中心,102004.0,管理,,,3,1,,,,,,,,,,,
2026,事业单位,合肥市,市,,,,肥东县网络安全应急指挥中心,102001.0,专业技术,需要加班、值夜班,,3,1,,,,,,,,,,,
2026,事业单位,合肥市,市,,,,肥东县重点工程建设管理中心,102019.0,专业技术,长期在项目一线工作，需经常加班,,3,2,,,,,,,,,,,
2026,事业单位,合肥市,市,,,,肥东县陈集镇人民政府,102034.0,专业技术,,,3,1,,,,,,,,,,,
2026,事业单位,合肥市,市,,,,肥东县马湖乡人民政府,102028.0,管理,,,3,1,,,,,,,,,,,
2026,事业单位,安庆市,市,,,,产品质量服务和宣传中心,1602009.0,管理,,,3,1,,,,,,,,,,,
2026,事业单位,安庆市,市,,,,人才综合服务中心,1602004.0,管理,,,3,1,,,,,,,,,,,
2026,事业单位,安庆市,市,,,,人才综合服务中心,1602005.0,专业技术,,,3,1,,,,,,,,,,,
2026,事业单位,安庆市,市,,,,便民服务中心,1602013.0,专业技术,,,3,1,,,,,,,,,,,
2026,事业单位,安庆市,市,,,,便民服务中心,1602014.0,管理,,,3,1,,,,,,,,,,,
2026,事业单位,安庆市,市,,,,公共文化服务中心,1602008.0,专业技术,,,3,1,,,,,,,,,,,
2026,事业单位,安庆市,市,,,,农业技术推广中心,1602006.0,专业技术,,,3,1,,,,,,,,,,,
2026,事业单位,安庆市,市,,,,劳动保障维权中心,1602003.0,专业技术,,,3,1,,,,,,,,,,,
2026,事业单位,安庆市,市,,,,区统战（民族宗教）事务服务中心,1604005.0,管理,"
最低3年服务期
",,3,1,,,,,,,,,,,
2026,事业单位,安庆市,市,,,,城市管理综合行政执法大队,1602010.0,管理,,,3,1,,,,,,,,,,,
2026,事业单位,安庆市,市,,,,安庆军供站,1601058.0,管理,,,3,1,,,,,,,,,,,
2026,事业单位,安庆市,市,,,,安庆江豚省级自然保护区管理处,1601067.0,专业技术,,,3,1,,,,,,,,,,,
2026,事业单位,安庆市,市,,,,安庆红十字中心血站,1601056.0,专业技术,,,3,1,,,,,,,,,,,
2026,事业单位,安庆市,市,,,,宜秀区人大常委会预算联网监督中心,1604001.0,管理,最低3年服务期,,3,1,,,,,,,,,,,
2026,事业单位,安庆市,市,,,,宜秀区人才综合服务中心,1604011.0,专业技术,"最低3年服务期
经常加班、出差",,3,1,,,,,,,,,,,
2026,事业单位,安庆市,市,,,,宜秀区人民检察院机关事务管理中心,1604019.0,管理,最低3年服务期,,3,1,,,,,,,,,,,
2026,事业单位,安庆市,市,,,,宜秀区信息指挥中心,1604018.0,管理,最低3年服务期,,3,1,,,,,,,,,,,
2026,事业单位,安庆市,市,,,,宜秀区党员教育中心,1604002.0,管理,"最低3年服务期
参与外出拍摄，需经常加班",,3,1,,,,,,,,,,,
2026,事业单位,安庆市,市,,,,宜秀区地方金融服务中心,1604010.0,管理,"最低3年服务期
",,3,1,,,,,,,,,,,
2026,事业单位,安庆市,市,,,,宜秀区妇幼保健计划生育服务中心,1604012.0,专业技术,最低3年服务期,,3,1,,,,,,,,,,,
2026,事业单位,安庆市,市,,,,宜秀区招商中心,1604016.0,管理,"最低3年服务期
需经常出差",,3,1,,,,,,,,,,,
2026,事业单位,安庆市,市,,,,宜秀区招商中心,1604017.0,管理,"最低3年服务期
需经常出差",,3,1,,,,,,,,,,,
2026,事业单位,安庆市,市,,,,宜秀区新闻报道中心,1604004.0,管理,"最低3年服务期
需经常加班",,3,1,,,,,,,,,,,
2026,事业单位,安庆市,市,,,,宜秀区档案馆,1604015.0,专业技术,最低3年服务期,,3,3,,,,,,,,,,,
2026,事业单位,安庆市,市,,,,宜秀区民政事务服务中心,1604006.0,管理,"最低3年服务期
",,3,1,,,,,,,,,,,
2026,事业单位,安庆市,市,,,,宜秀区法律援助中心,1604007.0,管理,"最低3年服务期
",,3,1,,,,,,,,,,,
2026,事业单位,安庆市,市,,,,宜秀区疾病预防控制中心,1604013.0,专业技术,最低3年服务期,,3,2,,,,,,,,,,,
2026,事业单位,安庆市,市,,,,宜秀区组织工作服务中心,1604003.0,管理,"最低3年服务期
参与组织工作，需经常加班、值班",,3,1,,,,,,,,,,,
2026,事业单位,安庆市,市,,,,宜秀区统计调查普查中心,1604014.0,专业技术,最低3年服务期,,3,1,,,,,,,,,,,
2026,事业单位,安庆市,市,,,,宜秀区罗岭镇农业农村服务中心,1604020.0,管理,最低3年服务期,,3,1,,,,,,,,,,,
2026,事业单位,安庆市,市,,,,宜秀区财政国库支付中心,1604008.0,管理,"最低3年服务期
",,3,1,,,,,,,,,,,
2026,事业单位,安庆市,市,,,,宜秀区财政国库支付中心,1604009.0,管理,"最低3年服务期
",,3,1,,,,,,,,,,,
2026,事业单位,安庆市,市,,,,市交通运输综合行政执法支队,1601038.0,管理,,,3,2,,,,,,,,,,,
2026,事业单位,安庆市,市,,,,市交通运输综合行政执法支队,1601039.0,管理,,,3,2,,,,,,,,,,,
2026,事业单位,安庆市,市,,,,市交通运输综合行政执法支队,1601040.0,管理,,,3,1,,,,,,,,,,,
2026,事业单位,安庆市,市,,,,市人大预算联网信息中心,1601003.0,专业技术,,,3,1,,,,,,,,,,,
2026,事业单位,安庆市,市,,,,市人才综合服务中心,1601028.0,专业技术,,,3,1,,,,,,,,,,,
2026,事业单位,安庆市,市,,,,市人防（民防）指挥信息保障中心,1601069.0,专业技术,,,3,1,,,,,,,,,,,
2026,事业单位,安庆市,市,,,,市企业服务中心,1601082.0,专业技术,,,3,1,,,,,,,,,,,
2026,事业单位,安庆市,市,,,,市党风廉政教育中心,1601007.0,专业技术,,,3,3,,,,,,,,,,,
2026,事业单位,安庆市,市,,,,市公共就业创业服务中心,1601024.0,管理,,,3,1,,,,,,,,,,,
2026,事业单位,安庆市,市,,,,市公共就业创业服务中心,1601025.0,管理,,,3,1,,,,,,,,,,,
2026,事业单位,安庆市,市,,,,市公共资源交易中心,1601072.0,专业技术,,,3,1,,,,,,,,,,,
2026,事业单位,安庆市,市,,,,市公路管理服务中心,1601041.0,管理,,,3,1,,,,,,,,,,,
2026,事业单位,安庆市,市,,,,市公路管理服务中心,1601042.0,管理,,,3,1,,,,,,,,,,,
2026,事业单位,安庆市,市,,,,市养老服务指导中心,1601018.0,专业技术,,,3,1,,,,,,,,,,,
2026,事业单位,安庆市,市,,,,市劳动保障信息中心,1601026.0,专业技术,,,3,1,,,,,,,,,,,
2026,事业单位,安庆市,市,,,,市发展研究中心,1601014.0,专业技术,,,3,1,,,,,,,,,,,
2026,事业单位,安庆市,市,,,,市发展研究中心,1601015.0,专业技术,,,3,1,,,,,,,,,,,
2026,事业单位,安庆市,市,,,,市固定资产投资审计中心,1601060.0,专业技术,,,3,1,,,,,,,,,,,
2026,事业单位,安庆市,市,,,,市地质环境监测和灾害防治中心,1601030.0,专业技术,,,3,1,,,,,,,,,,,
2026,事业单位,安庆市,市,,,,市妇女儿童事业发展服务中心,1601073.0,管理,,,3,1,,,,,,,,,,,
2026,事业单位,安庆市,市,,,,市委党校,1601079.0,专业技术,,,3,1,,,,,,,,,,,
2026,事业单位,安庆市,市,,,,市委党校,1601080.0,专业技术,,,3,1,,,,,,,,,,,
2026,事业单位,安庆市,市,,,,市委党校,1601081.0,专业技术,,,3,1,,,,,,,,,,,
2026,事业单位,安庆市,市,,,,市委机关信息服务中心,1601001.0,专业技术,,,3,2,,,,,,,,,,,
2026,事业单位,安庆市,市,,,,市委机关信息服务中心,1601002.0,专业技术,,,3,1,,,,,,,,,,,
2026,事业单位,安庆市,市,,,,市宿松县生态环境保护综合行政执法大队,1601035.0,专业技术,,,3,1,,,,,,,,,,,
2026,事业单位,安庆市,市,,,,市巡察信息中心,1601008.0,专业技术,,,3,2,,,,,,,,,,,
2026,事业单位,安庆市,市,,,,市市场监管综合行政执法支队,1601061.0,管理,,,3,2,,,,,,,,,,,
2026,事业单位,安庆市,市,,,,市市场监管综合行政执法支队,1601062.0,管理,,,3,2,,,,,,,,,,,
2026,事业单位,安庆市,市,,,,市市场监管综合行政执法支队,1601063.0,管理,,,3,2,,,,,,,,,,,
2026,事业单位,安庆市,市,,,,市市直机关后勤服务中心,1601077.0,管理,,,3,1,,,,,,,,,,,
2026,事业单位,安庆市,市,,,,市应急管理服务中心,1601059.0,管理,,,3,1,,,,,,,,,,,
2026,事业单位,安庆市,市,,,,市建筑管理处,1601037.0,专业技术,,,3,1,,,,,,,,,,,
2026,事业单位,安庆市,市,,,,市怀宁县生态环境保护综合行政执法大队,1601033.0,专业技术,,,3,1,,,,,,,,,,,
2026,事业单位,安庆市,市,,,,市扶贫信息监测评估中心,1601046.0,专业技术,,,3,1,,,,,,,,,,,
2026,事业单位,安庆市,市,,,,市扶贫信息监测评估中心,1601047.0,专业技术,,,3,1,,,,,,,,,,,
2026,事业单位,安庆市,市,,,,市改革研究中心,1601010.0,专业技术,,,3,1,,,,,,,,,,,
2026,事业单位,安庆市,市,,,,市改革研究中心,1601011.0,专业技术,,,3,1,,,,,,,,,,,
2026,事业单位,安庆市,市,,,,市政协委员履职服务中心,1601005.0,管理,,,3,1,,,,,,,,,,,
2026,事业单位,安庆市,市,,,,市政协委员履职服务中心,1601006.0,"专业
技术",,,3,1,,,,,,,,,,,
2026,事业单位,安庆市,市,,,,市政府政策研究中心,1601004.0,专业技术,,,3,1,,,,,,,,,,,
2026,事业单位,安庆市,市,,,,市数据中心,1601070.0,专业技术,,,3,1,,,,,,,,,,,
2026,事业单位,安庆市,市,,,,市数据中心,1601071.0,管理,,,3,1,,,,,,,,,,,
2026,事业单位,安庆市,市,,,,市文化市场综合行政执法支队,1601052.0,管理,,,3,1,,,,,,,,,,,
2026,事业单位,安庆市,市,,,,市文化市场综合行政执法支队,1601053.0,管理,,,3,1,,,,,,,,,,,
2026,事业单位,安庆市,市,,,,市新闻传媒中心,1601074.0,"专业技术
（新媒体技术岗）",,,3,3,,,,,,,,,,,
2026,事业单位,安庆市,市,,,,市新闻传媒中心,1601075.0,"专业技术
（新媒体复合型技术岗）",,,3,1,,,,,,,,,,,
2026,事业单位,安庆市,市,,,,市新闻传媒中心,1601076.0,专业技术      （新媒体编采岗）,,,3,3,,,,,,,,,,,
2026,事业单位,安庆市,市,,,,市旅游发展促进中心,1601051.0,专业技术,,,3,1,,,,,,,,,,,
2026,事业单位,安庆市,市,,,,市林业科技推广中心,1601066.0,专业技术,,,3,1,,,,,,,,,,,
2026,事业单位,安庆市,市,,,,市桐城市环境保护局经济技术开发区环保分局,1601031.0,专业技术,,,3,1,,,,,,,,,,,
2026,事业单位,安庆市,市,,,,市桐城市生态环境保护综合行政执法大队,1601032.0,专业技术,,,3,1,,,,,,,,,,,
2026,事业单位,安庆市,市,,,,市水产技术推广中心站,1601048.0,专业技术,,,3,1,,,,,,,,,,,
2026,事业单位,安庆市,市,,,,市河湖管理服务中心,1601050.0,专业技术,,,3,1,,,,,,,,,,,
2026,事业单位,安庆市,市,,,,市法律援助中心,1601017.0,管理,,,3,2,,,,,,,,,,,
2026,事业单位,安庆市,市,,,,市港航管理服务中心,1601043.0,"专业
技术",,,3,1,,,,,,,,,,,
2026,事业单位,安庆市,市,,,,市潜山市生态环境保护综合行政执法大队,1601034.0,专业技术,,,3,1,,,,,,,,,,,
2026,事业单位,安庆市,市,,,,市物资和能源储备中心,1601068.0,专业技术,,,3,1,,,,,,,,,,,
2026,事业单位,安庆市,市,,,,市现代教育技术中心,1601016.0,专业技术,,,3,1,,,,,,,,,,,
2026,事业单位,安庆市,市,,,,市生态环境保护综合行政执法支队,1601036.0,专业技术,,,3,1,,,,,,,,,,,
2026,事业单位,安庆市,市,,,,市疾病预防控制中心,1601054.0,专业技术,,,3,1,,,,,,,,,,,
2026,事业单位,安庆市,市,,,,市疾病预防控制中心,1601055.0,专业技术,,,3,1,,,,,,,,,,,
2026,事业单位,安庆市,市,,,,市直机关党员管理服务中心,1601013.0,专业技术,,,3,1,,,,,,,,,,,
2026,事业单位,安庆市,市,,,,市社会保险费征缴稽核中心,1601027.0,专业技术,,,3,1,,,,,,,,,,,
2026,事业单位,安庆市,市,,,,市社会（儿童）福利院,1601019.0,专业技术,,,3,1,,,,,,,,,,,
2026,事业单位,安庆市,市,,,,市社会（儿童）福利院,1601020.0,专业技术,,,3,1,,,,,,,,,,,
2026,事业单位,安庆市,市,,,,市第一光荣院,1601057.0,专业技术,,,3,1,,,,,,,,,,,
2026,事业单位,安庆市,市,,,,市统战事务服务中心,1601009.0,专业技术,,,3,1,,,,,,,,,,,
2026,事业单位,安庆市,市,,,,市网络安全应急服务中心,1601012.0,专业技术,,,3,1,,,,,,,,,,,
2026,事业单位,安庆市,市,,,,市自然资源和规划档案数据中心,1601029.0,专业技术,,,3,1,,,,,,,,,,,
2026,事业单位,安庆市,市,,,,市计量测试所,1601064.0,专业技术,,,3,1,,,,,,,,,,,
2026,事业单位,安庆市,市,,,,市财政工程造价审核中心,1601021.0,"专业
技术",,,3,1,,,,,,,,,,,
2026,事业单位,安庆市,市,,,,市财政工程造价审核中心,1601022.0,"专业
技术",,,3,1,,,,,,,,,,,
2026,事业单位,安庆市,市,,,,市财政绩效评价中心,1601023.0,"专业
技术",,,3,1,,,,,,,,,,,
2026,事业单位,安庆市,市,,,,市道路运输管理服务中心,1601044.0,管理,,,3,1,,,,,,,,,,,
2026,事业单位,安庆市,市,,,,市道路运输管理服务中心,1601045.0,管理,,,3,1,,,,,,,,,,,
2026,事业单位,安庆市,市,,,,市长江河道管理处,1601049.0,专业技术,,,3,1,,,,,,,,,,,
2026,事业单位,安庆市,市,,,,市食品药品检验中心,1601065.0,专业技术,,,3,1,,,,,,,,,,,
2026,事业单位,安庆市,市,,,,市驻深圳联络处,1601078.0,管理,,,3,1,,,,,,,,,,,
2026,事业单位,安庆市,市,,,,新闻中心,1602002.0,专业技术,,,3,1,,,,,,,,,,,
2026,事业单位,安庆市,市,,,,水务综合服务中心,1602007.0,专业技术,,,3,1,,,,,,,,,,,
2026,事业单位,安庆市,市,,,,组织工作服务中心,1602001.0,专业技术,,,3,1,,,,,,,,,,,
2026,事业单位,安庆市,市,,,,经开区综合执法大队,1601083.0,管理,,,3,1,,,,,,,,,,,
2026,事业单位,安庆市,市,,,,经开区综合执法大队,1601084.0,管理,,,3,1,,,,,,,,,,,
2026,事业单位,安庆市,市,,,,综合行政执法队,1602011.0,专业技术,,,3,1,,,,,,,,,,,
2026,事业单位,安庆市,市,,,,综合行政执法队,1602012.0,管理,,,3,1,,,,,,,,,,,
2026,事业单位,宣城市,市,,公益一类,,为民服务中心,1303035.0,专技岗位,,,3,1,,,,,,,,,,,
2026,事业单位,宣城市,市,,公益一类,,为民服务中心,1303036.0,管理岗位,,,3,1,,,,,,,,,,,
2026,事业单位,宣城市,市,,,,乡镇自然资源规划所（林业站）,1302005.0,管理岗位,,,3,3,,,,,,,,,,,
2026,事业单位,宣城市,市,,,,人才综合服务中心,1302004.0,管理岗位,,,3,1,,,,,,,,,,,
2026,事业单位,宣城市,市,,,,会计中心,1302002.0,专业技术岗位,,,3,1,,,,,,,,,,,
2026,事业单位,宣城市,市,,公益二类,,公办幼儿园,1304013.0,专业技术岗,,,3,1,,,,,,,,,,,
2026,事业单位,宣城市,市,,公益二类,,公证处,1305002.0,管理岗,,,3,1,,,,,,,,,,,
2026,事业单位,宣城市,市,,,,公路事业发展中心,1302010.0,专业技术岗位,,,3,1,,,,,,,,,,,
2026,事业单位,宣城市,市,,,,公路运输事业发展中心,1302008.0,专业技术岗位,,,3,2,,,,,,,,,,,
2026,事业单位,宣城市,市,,,,公路运输事业发展中心,1302009.0,专业技术岗位,,,3,1,,,,,,,,,,,
2026,事业单位,宣城市,市,,,,农业综合开发办公室,1302015.0,专业技术岗位,,,3,1,,,,,,,,,,,
2026,事业单位,宣城市,市,,,,区政府会计中心卫生分中心,1302021.0,专业技术岗位,,,3,1,,,,,,,,,,,
2026,事业单位,宣城市,市,,,,医疗保障服务中心,1302014.0,专业技术岗位,,,3,1,,,,,,,,,,,
2026,事业单位,宣城市,市,,公益一类,,县中斗闸管理处,1303021.0,专技岗位,,,3,1,,,,,,,,,,,
2026,事业单位,宣城市,市,,公益一类,,县交通运输综合行政执法大队,1303018.0,管理岗位,,,3,1,,,,,,,,,,,
2026,事业单位,宣城市,市,,公益一类,,县人才综合服务中心,1303008.0,专技岗位,,,3,1,,,,,,,,,,,
2026,事业单位,宣城市,市,,公益二类,,县价格监测认证中心,1303005.0,专技岗位,,,3,1,,,,,,,,,,,
2026,事业单位,宣城市,市,,公益一类,,县公共资源交易中心,1303029.0,专技岗位,,,3,1,,,,,,,,,,,
2026,事业单位,宣城市,市,,公益一类,,县公路事业发展中心,1303016.0,专技岗位,工作环境主要为室外，工作强度大。,,3,1,,,,,,,,,,,
2026,事业单位,宣城市,市,,公益一类,,县农业技术服务中心,1303019.0,专技岗位,,,3,1,,,,,,,,,,,
2026,事业单位,宣城市,市,,公益一类,,县医疗保障服务中心,1303027.0,专技岗位,,,3,1,,,,,,,,,,,
2026,事业单位,宣城市,市,,公益一类,,县医疗保障服务中心,1303028.0,专技岗位,,,3,1,,,,,,,,,,,
2026,事业单位,宣城市,市,,公益一类,,县博物馆,1303023.0,专技岗位,,,3,1,,,,,,,,,,,
2026,事业单位,宣城市,市,,公益一类,,县卫生计生会计核算中心,1303038.0,专技岗位,,,3,1,,,,,,,,,,,
2026,事业单位,宣城市,市,,公益一类,,县国库集中支付中心,1303007.0,专技岗位,,,3,1,,,,,,,,,,,
2026,事业单位,宣城市,市,,公益一类,,"县土地收购储备中心
",1303011.0,专技岗位,,,3,1,,,,,,,,,,,
2026,事业单位,宣城市,市,,公益一类,,县城乡规划管理服务中心,1303012.0,专技岗位,,,3,1,,,,,,,,,,,
2026,事业单位,宣城市,市,,公益一类,,县城市防洪管理处,1303022.0,专技岗位,,,3,1,,,,,,,,,,,
2026,事业单位,宣城市,市,,公益一类,,县妇幼保健计划生育服务中心,1303040.0,专技岗位,,,3,3,,,,,,,,,,,
2026,事业单位,宣城市,市,,公益一类,,县市场监管综合行政执法大队,1303025.0,管理岗位,,,3,1,,,,,,,,,,,
2026,事业单位,宣城市,市,,公益一类,,县房地产事业管理服务中心,1303015.0,专技岗位,,,3,1,,,,,,,,,,,
2026,事业单位,宣城市,市,,公益一类,,县政协信息中心,1303002.0,管理岗位,,,3,1,,,,,,,,,,,
2026,事业单位,宣城市,市,,公益一类,,县机关效能建设评议监测中心,1303003.0,管理岗位,,,3,1,,,,,,,,,,,
2026,事业单位,宣城市,市,,公益一类,,县林业事业发展中心,1303010.0,专技岗位,,,3,1,,,,,,,,,,,
2026,事业单位,宣城市,市,,公益一类,,县残疾人劳动就业服务所,1303030.0,管理岗位,,,3,1,,,,,,,,,,,
2026,事业单位,宣城市,市,,公益一类,,"县殡葬管理所
",1303009.0,专技岗位,,,3,1,,,,,,,,,,,
2026,事业单位,宣城市,市,,公益一类,,县烈士陵园管理中心,1303024.0,管理岗位,,,3,1,,,,,,,,,,,
2026,事业单位,宣城市,市,,公益一类,,县爱国卫生健康事业发展中心,1303037.0,管理岗位,,,3,1,,,,,,,,,,,
2026,事业单位,宣城市,市,,公益一类,,县疾病预防控制中心,1303039.0,专技岗位,,,3,1,,,,,,,,,,,
2026,事业单位,宣城市,市,,公益二类,,县第四人民医院,1303041.0,专技岗位,,,3,1,,,,,,,,,,,
2026,事业单位,宣城市,市,,公益二类,,县第四人民医院,1303042.0,专技岗位,,,3,1,,,,,,,,,,,
2026,事业单位,宣城市,市,,公益一类,,县粮食和物资储备管理服务中心,1303004.0,专技岗位,,,3,1,,,,,,,,,,,
2026,事业单位,宣城市,市,,公益一类,,县统计调查队,1303026.0,专技岗位,工作环境主要为室外，工作强度大。,,3,2,,,,,,,,,,,
2026,事业单位,宣城市,市,,公益一类,,县融媒体中心,1303001.0,专技岗位,,,3,2,,,,,,,,,,,
2026,事业单位,宣城市,市,,公益一类,,县行政复议委员会听证室,1303006.0,管理岗位,,,3,1,,,,,,,,,,,
2026,事业单位,宣城市,市,,公益一类,,县贫困监测信息中心,1303020.0,专技岗位,工作环境主要为室外，工作强度大。,,3,1,,,,,,,,,,,
2026,事业单位,宣城市,市,,公益一类,,县道路运输事业发展中心,1303017.0,专技岗位,,,3,1,,,,,,,,,,,
2026,事业单位,宣城市,市,,公益一类,,县重点工程建设服务中心,1303013.0,专技岗位,,,3,1,,,,,,,,,,,
2026,事业单位,宣城市,市,,,,双桥街道办事处所属事业单位,1302022.0,管理岗位,,,3,1,,,,,,,,,,,
2026,事业单位,宣城市,市,,公益一类,,四合镇为民服务中心,1304015.0,专业技术岗,,,3,1,,,,,,,,,,,
2026,事业单位,宣城市,市,,公益一类,,宁国市交通建设工程质量监督站,1305007.0,专业技术岗,,,3,1,,,,,,,,,,,
2026,事业单位,宣城市,市,,公益一类,,宁国市交通运输综合行政执法大队,1305006.0,专业技术岗,,,3,1,,,,,,,,,,,
2026,事业单位,宣城市,市,,公益一类,,宁国市农业综合行政执法大队,1305008.0,专业技术岗,,,3,1,,,,,,,,,,,
2026,事业单位,宣城市,市,,公益一类,,宁国市建设监督管理站,1305005.0,专业技术岗,,,3,1,,,,,,,,,,,
2026,事业单位,宣城市,市,,公益一类,,宁国市林业事业发展中心,1305012.0,专业技术岗,,,3,2,,,,,,,,,,,
2026,事业单位,宣城市,市,,公益一类,,宁国市水利工程建设管理所,1305010.0,专业技术岗,,,3,1,,,,,,,,,,,
2026,事业单位,宣城市,市,,公益一类,,宁国市物业管理服务中心,1305004.0,专业技术岗,,,3,1,,,,,,,,,,,
2026,事业单位,宣城市,市,,公益一类,,宁国市生态环境监测站,1301004.0,专技岗,本岗位需经常外出，从事水面、山间、高空等野外作业以及夜间监测,,3,1,,结构化面试,,,,,,,,,
2026,事业单位,宣城市,市,,公益一类,,宁国市种植业服务中心,1305009.0,专业技术岗,,,3,1,,,,,,,,,,,
2026,事业单位,宣城市,市,,公益一类,,宁国市自然资源信息中心,1305003.0,专业技术岗,,,3,1,,,,,,,,,,,
2026,事业单位,宣城市,市,,公益二类,,宁国市融媒体中心,1305011.0,专业技术岗,,,3,1,,,,,,,,,,,
2026,事业单位,宣城市,市,,公益二类,,安徽省宣城市敬亭公证处,1301003.0,专技岗,经常性出差和节假日值班,,3,2,,结构化面试,,,,,,,,,
2026,事业单位,宣城市,市,,公益一类,,宣城市住房公积金管理中心,1301006.0,专技岗,办公地点位于广德,,3,1,,结构化面试,,,,,,,,,
2026,事业单位,宣城市,市,,公益一类,,宣城市住房公积金管理中心,1301007.0,专技岗,办公地点位于旌德,,3,1,,结构化面试,,,,,,,,,
2026,事业单位,宣城市,市,,公益一类,,宣城市特殊教育中心,1301002.0,专技岗,,,3,1,,结构化面试,,,,,,,,,
2026,事业单位,宣城市,市,,公益一类,,宣城市统战事务服务中心,1301001.0,管理岗,定向招聘“服务基层项目”人员和退役士兵,,3,1,,结构化面试,,,,,,,,,
2026,事业单位,宣城市,市,,公益一类,,市地方海事（港航管理）事业发展中心,1301005.0,专技岗,,,3,1,,结构化面试,,,,,,,,,
2026,事业单位,宣城市,市,,,,市场监管综合行政执法大队,1302013.0,专业技术岗位,,,3,1,,,,,,,,,,,
2026,事业单位,宣城市,市,,公益一类,,广德市交通运输综合行政执法大队,1304006.0,专业技术岗,,,3,1,,,,,,,,,,,
2026,事业单位,宣城市,市,,公益一类,,广德市农产品质量安全管理服务中心,1304008.0,管理岗,,,3,1,,,,,,,,,,,
2026,事业单位,宣城市,市,,公益一类,,广德市农产品质量安全管理服务中心,1304009.0,专业技术岗,,,3,1,,,,,,,,,,,
2026,事业单位,宣城市,市,,公益一类,,广德市卢村水库工程管理处,1304010.0,专业技术岗,,,3,1,,,,,,,,,,,
2026,事业单位,宣城市,市,,公益一类,,广德市基层自然资源和规划所,1304004.0,专业技术岗,,,3,2,,,,,,,,,,,
2026,事业单位,宣城市,市,,公益一类,,广德市房地产管理中心,1304005.0,专业技术岗,,,3,2,,,,,,,,,,,
2026,事业单位,宣城市,市,,公益一类,,广德市房屋征收与补偿管理中心,1304001.0,专业技术岗,,,3,1,,,,,,,,,,,
2026,事业单位,宣城市,市,,公益一类,,广德市法律援助中心,1304002.0,管理岗,,,3,1,,,,,,,,,,,
2026,事业单位,宣城市,市,,公益一类,,广德市疾病预防控制中心,1304011.0,专业技术岗,,,3,2,,,,,,,,,,,
2026,事业单位,宣城市,市,,公益二类,,广德市融媒体中心,1304012.0,专业技术岗,,,3,1,,,,,,,,,,,
2026,事业单位,宣城市,市,,公益一类,,广德市财政预算绩效评审中心,1304003.0,专业技术岗,,,3,1,,,,,,,,,,,
2026,事业单位,宣城市,市,,公益一类,,广德市道路运输事业发展中心,1304007.0,专业技术岗,,,3,1,,,,,,,,,,,
2026,事业单位,宣城市,市,,,,应急服务中心,1302007.0,专业技术岗位,,,3,1,,,,,,,,,,,
2026,事业单位,宣城市,市,,,,所属事业单位,1308009.0,专业技术岗,,,3,1,,,,,,,,,,,
2026,事业单位,宣城市,市,,,,所属事业单位,1308010.0,专业技术岗,,,3,1,,,,,,,,,,,
2026,事业单位,宣城市,市,,,,所属事业单位,1308011.0,管理岗,,,3,1,,,,,,,,,,,
2026,事业单位,宣城市,市,,,,所属事业单位,1308012.0,专业技术岗,,,3,1,,,,,,,,,,,
2026,事业单位,宣城市,市,,,,所属事业单位,1308013.0,管理岗,,,3,1,,,,,,,,,,,
2026,事业单位,宣城市,市,,,,所属事业单位,1308014.0,专业技术岗,,,3,1,,,,,,,,,,,
2026,事业单位,宣城市,市,,,,所属事业单位,1308015.0,专业技术岗,,,3,1,,,,,,,,,,,
2026,事业单位,宣城市,市,,,,所属事业单位,1308016.0,管理岗,,,3,1,,,,,,,,,,,
2026,事业单位,宣城市,市,,,,所属事业单位,1308017.0,专业技术岗,,,3,1,,,,,,,,,,,
2026,事业单位,宣城市,市,,,,所属事业单位,1308018.0,专业技术岗,,,3,1,,,,,,,,,,,
2026,事业单位,宣城市,市,,,,所属事业单位,1308019.0,专业技术岗,,,3,1,,,,,,,,,,,
2026,事业单位,宣城市,市,,,,所属事业单位,1308020.0,专业技术岗,,,3,1,,,,,,,,,,,
2026,事业单位,宣城市,市,,,,扬溪镇自然资源和规划所,1307007.0,专业技术,,,3,1,,,,,,,,,,,
2026,事业单位,宣城市,市,,,,投资审计中心,1302006.0,专业技术岗位,,,3,1,,,,,,,,,,,
2026,事业单位,宣城市,市,,,,政策性金融保险服务中心,1302003.0,专业技术岗位,,,3,1,,,,,,,,,,,
2026,事业单位,宣城市,市,,,,数据资源管理中心,1302012.0,专业技术岗位,,,3,1,,,,,,,,,,,
2026,事业单位,宣城市,市,,公益一类,,新杭镇综合行政执法大队,1304014.0,专业技术岗,,,3,1,,,,,,,,,,,
2026,事业单位,宣城市,市,,,,旌德县全域旅游发展服务中心,1308006.0,管理岗,,,3,1,,,,,,,,,,,
2026,事业单位,宣城市,市,,,,旌德县公路事业发展中心,1308005.0,管理岗,,,3,1,,,,,,,,,,,
2026,事业单位,宣城市,市,,,,旌德县医疗保障服务中心,1308003.0,专业技术岗,,,3,1,,,,,,,,,,,
2026,事业单位,宣城市,市,,,,旌德县应急指挥和救援保障中心,1308007.0,专业技术岗,,,3,1,,,,,,,,,,,
2026,事业单位,宣城市,市,,,,旌德县庙首自然资源和规划管理中心所,1308004.0,专业技术岗,,,3,1,,,,,,,,,,,
2026,事业单位,宣城市,市,,,,旌德县林业有害生物防治检疫站,1308008.0,专业技术岗,,,3,1,,,,,,,,,,,
2026,事业单位,宣城市,市,,,,旌德县重点项目服务中心,1308002.0,专业技术岗,,,3,1,,,,,,,,,,,
2026,事业单位,宣城市,市,,,,旌德县预算联网监督中心,1308001.0,管理岗,,,3,1,,,,,,,,,,,
2026,事业单位,宣城市,市,,,,水利工程建设所,1302019.0,专业技术岗位,,,3,2,,,,,,,,,,,
2026,事业单位,宣城市,市,,,,水电工程管理所,1302020.0,专业技术岗位,,,3,2,,,,,,,,,,,
2026,事业单位,宣城市,市,,公益一类,,法律援助中心,1305001.0,管理岗,,,3,1,,,,,,,,,,,
2026,事业单位,宣城市,市,,,,洪林镇人民政府所属事业单位,1302024.0,专业技术岗位,,,3,1,,,,,,,,,,,
2026,事业单位,宣城市,市,,,,物业管理办公室,1302011.0,专业技术岗位,,,3,1,,,,,,,,,,,
2026,事业单位,宣城市,市,,,,社会福利院,1302018.0,管理岗位,,,3,1,,,,,,,,,,,
2026,事业单位,宣城市,市,,,,种植业局,1302016.0,专业技术岗位,,,3,1,,,,,,,,,,,
2026,事业单位,宣城市,市,,,,种植业局,1302017.0,专业技术岗位,,,3,1,,,,,,,,,,,
2026,事业单位,宣城市,市,,,,绩溪县全域旅游发展中心,1307011.0,管理,,,3,1,,,,,,,,,,,
2026,事业单位,宣城市,市,,,,绩溪县公证处,1307005.0,管理,,,3,1,,,,,,,,,,,
2026,事业单位,宣城市,市,,,,绩溪县公路事业发展中心,1307008.0,专业技术,,,3,1,,,,,,,,,,,
2026,事业单位,宣城市,市,,,,绩溪县养老服务中心,1307003.0,专业技术,,,3,1,,,,,,,,,,,
2026,事业单位,宣城市,市,,,,绩溪县农业农村事业发展中心,1307010.0,专业技术,,,3,1,,,,,,,,,,,
2026,事业单位,宣城市,市,,,,绩溪县市场监督检验所,1307014.0,专业技术,,,3,1,,,,,,,,,,,
2026,事业单位,宣城市,市,,,,绩溪县应急救援指挥中心,1307013.0,专业技术,,,3,1,,,,,,,,,,,
2026,事业单位,宣城市,市,,,,绩溪县民政事务综合服务中心,1307004.0,管理,,,3,1,,,,,,,,,,,
2026,事业单位,宣城市,市,,,,绩溪县水利事业发展中心,1307009.0,专业技术,,,3,1,,,,,,,,,,,
2026,事业单位,宣城市,市,,,,绩溪县消费者权益保护委员会秘书处,1307015.0,管理,,,3,1,,,,,,,,,,,
2026,事业单位,宣城市,市,,,,绩溪县疾病预防控制中心,1307012.0,专业技术,,,3,1,,,,,,,,,,,
2026,事业单位,宣城市,市,,,,绩溪县科技创新服务中心,1307002.0,专业技术,,,3,1,,,,,,,,,,,
2026,事业单位,宣城市,市,,,,绩溪县融媒体中心,1307016.0,专业技术,,,3,1,,,,,,,,,,,
2026,事业单位,宣城市,市,,,,绩溪县财政局信息中心,1307006.0,专业技术,,,3,1,,,,,,,,,,,
2026,事业单位,宣城市,市,,,,绩溪县重点项目储备推进中心,1307001.0,专业技术,,,3,1,,,,,,,,,,,
2026,事业单位,宣城市,市,,公益一类,,综合行政执法大队,1303033.0,管理岗位,,,3,1,,,,,,,,,,,
2026,事业单位,宣城市,市,,公益一类,,综合行政执法大队,1303034.0,管理岗位,,,3,1,,,,,,,,,,,
2026,事业单位,宣城市,市,,,,融媒体中心,1302001.0,专业技术岗位,,,3,2,,,,,,,,,,,
2026,事业单位,宣城市,市,,公益一类,,街道社区卫生服务中心,1305013.0,专业技术岗,定岗在南山街道社卫中心,,3,1,,,,,,,,,,,
2026,事业单位,宣城市,市,,公益一类,,街道社区卫生服务中心,1305014.0,专业技术岗,西津街道社卫中心1名，河沥溪社卫中心1名，按考生总成绩排名从高分到低分依次进行选岗,,3,2,,,,,,,,,,,
2026,事业单位,宣城市,市,,公益一类,,郎溪经济开发区产城融合服务中心,1303032.0,管理岗位,,,3,1,,,,,,,,,,,
2026,事业单位,宣城市,市,,公益一类,,郎溪经济开发区企业服务中心,1303031.0,管理岗位,,,3,1,,,,,,,,,,,
2026,事业单位,宣城市,市,,公益一类,,郎溪经济开发区建筑工程质量安全管理服务分中心,1303014.0,专技岗位,,,3,1,,,,,,,,,,,
2026,事业单位,宣城市,市,,,,金坝街道办事处所属事业单位,1302023.0,专业技术岗位,,,3,1,,,,,,,,,,,
2026,事业单位,宿州市,市,,,,下楼镇卫生院,405015.0,专技,妇产科,,3,1,,,,,,,,,,,
2026,事业单位,宿州市,市,,,,下楼镇综合行政执法大队,405007.0,管理,,,3,1,,,,,,,,,,,
2026,事业单位,宿州市,市,,,,中共宿州市委党校,401035.0,专业技术,,,3,3,,,,,,,,,,,
2026,事业单位,宿州市,市,,,,中共宿州市委党校,401036.0,专业技术,,,3,2,,,,,,,,,,,
2026,事业单位,宿州市,市,,,,乡镇卫生院,405013.0,专技,"岗位：内科。
灵城卫生院2人、灵西卫生院1人、冯庙卫生院1人、大庙卫生院1人、高楼卫生院1人。录用后考生按总成绩排名选择岗位。",,3,6,,,,,,,,,,,
2026,事业单位,宿州市,市,,,,乡镇卫生院,405014.0,专技,"岗位：外科。
冯庙卫生院1人、朝阳卫生院1人、大庙卫生院1人。录用后考生按总成绩排名选择岗位。",,3,3,,,,,,,,,,,
2026,事业单位,宿州市,市,,,,乡镇卫生院,405017.0,专技,"岗位：中医科。
灵城卫生院1人、灵西卫生院1人。录用后考生按总成绩排名选择岗位。",,3,2,,,,,,,,,,,
2026,事业单位,宿州市,市,,,,乡镇卫生院,405020.0,专技,"岗位：药房。
虞姬卫生院1人、尹集卫生院1人、高楼卫生院1人。录用后考生按总成绩排名选择岗位。",,3,3,,,,,,,,,,,
2026,事业单位,宿州市,市,,,,乡镇卫生院,405021.0,专技,"岗位：护理部。
尹集卫生院1人、朱集卫生院1人、浍沟卫生院1人、高楼卫生院2人。录用后考生按总成绩排名选择岗位。",,3,5,,,,,,,,,,,
2026,事业单位,宿州市,市,,,,冯庙镇农业农村中心,405011.0,专技,,,3,1,,,,,,,,,,,
2026,事业单位,宿州市,市,,,,安徽省宿州工业学校,401011.0,专业技术,,,3,1,,,,,,,,,,,
2026,事业单位,宿州市,市,,,,安徽省宿州工业学校,401012.0,专业技术,,,3,1,,,,,,,,,,,
2026,事业单位,宿州市,市,,,,安徽省宿州工业学校,401013.0,专业技术,,,3,1,,,,,,,,,,,
2026,事业单位,宿州市,市,,,,安徽省宿州市食品药品检验检测中心,401022.0,专业技术,,,3,1,,,,,,,,,,,
2026,事业单位,宿州市,市,,,,安徽省宿州逸夫师范学校,401018.0,专业技术,,,3,1,,,,,,,,,,,
2026,事业单位,宿州市,市,,,,安徽省宿州逸夫师范学校,401019.0,专业技术,,,3,1,,,,,,,,,,,
2026,事业单位,宿州市,市,,,,宿州市公路管理服务中心,401007.0,专业技术,,,3,1,,,,,,,,,,,
2026,事业单位,宿州市,市,,,,宿州市公路管理服务中心灵璧县分中心,401008.0,专业技术,,,3,1,,,,,,,,,,,
2026,事业单位,宿州市,市,,,,宿州市农业科学院,401003.0,专业技术,,,3,1,,,,,,,,,,,
2026,事业单位,宿州市,市,,,,宿州市农业科学院,401004.0,专业技术,,,3,1,,,,,,,,,,,
2026,事业单位,宿州市,市,,,,宿州市动物卫生监督所,401028.0,专业技术,,,3,1,,,,,,,,,,,
2026,事业单位,宿州市,市,,,,宿州市动物疫病预防与控制中心,401027.0,专业技术,,,3,1,,,,,,,,,,,
2026,事业单位,宿州市,市,,,,宿州市口腔专科医院,401020.0,专业技术,,,3,1,,,,,,,,,,,
2026,事业单位,宿州市,市,,,,宿州市地方海事（港航）管理服务中心,401006.0,专业技术,,,3,1,,,,,,,,,,,
2026,事业单位,宿州市,市,,,,宿州市城市管理局宿马中心,401001.0,专业技术,,,3,1,,,,,,,,,,,
2026,事业单位,宿州市,市,,,,宿州市城市管理局经开中心,401002.0,专业技术,,,3,1,,,,,,,,,,,
2026,事业单位,宿州市,市,,,,宿州市妇幼保健计划生育服务中心,401034.0,专业技术,,,3,1,,,,,,,,,,,
2026,事业单位,宿州市,市,,,,宿州市广播电视台,401025.0,专业技术,,,3,1,,,,,,,,,,,
2026,事业单位,宿州市,市,,,,宿州市广播电视台,401026.0,专业技术,,,3,1,,,,,,,,,,,
2026,事业单位,宿州市,市,,,,宿州市文物管理所,401010.0,专业技术,,,3,1,,,,,,,,,,,
2026,事业单位,宿州市,市,,,,宿州市林业科学研究所,401009.0,专业技术,,,3,1,,,,,,,,,,,
2026,事业单位,宿州市,市,,,,宿州市河道管理中心,401030.0,专业技术,,,3,1,,,,,,,,,,,
2026,事业单位,宿州市,市,,,,宿州市特种设备监督检验中心,401021.0,管理,,,3,1,,,,,,,,,,,
2026,事业单位,宿州市,市,,,,宿州市第四人民医院（宿马医院）（浙江大学医学院附属第一医院宿州分院）,401031.0,专业技术,,,3,1,,,,,,,,,,,
2026,事业单位,宿州市,市,,,,宿州市第四人民医院（宿马医院）（浙江大学医学院附属第一医院宿州分院）,401032.0,专业技术,,,3,1,,,,,,,,,,,
2026,事业单位,宿州市,市,,,,宿州市第四人民医院（宿马医院）（浙江大学医学院附属第一医院宿州分院）,401033.0,专业技术,,,3,1,,,,,,,,,,,
2026,事业单位,宿州市,市,,,,宿州市重点水利工程建设管理中心,401029.0,专业技术,,,3,1,,,,,,,,,,,
2026,事业单位,宿州市,市,,,,宿州市震灾风险防治中心,401005.0,专业技术,,,3,1,,,,,,,,,,,
2026,事业单位,宿州市,市,,,,宿州开放大学,401014.0,专业技术,,,3,1,,,,,,,,,,,
2026,事业单位,宿州市,市,,,,宿州开放大学,401015.0,专业技术,,,3,1,,,,,,,,,,,
2026,事业单位,宿州市,市,,,,宿州开放大学,401016.0,专业技术,,,3,1,,,,,,,,,,,
2026,事业单位,宿州市,市,,,,宿州开放大学,401017.0,专业技术,,,3,1,,,,,,,,,,,
2026,事业单位,宿州市,市,,,,宿州职业技术学院,401023.0,专业技术,,,3,1,,,,,,,,,,,
2026,事业单位,宿州市,市,,,,宿州职业技术学院,401024.0,专业技术,,,3,1,,,,,,,,,,,
2026,事业单位,宿州市,市,,,,尹集镇卫生院,405016.0,专技,心电图室,,3,1,,,,,,,,,,,
2026,事业单位,宿州市,市,,,,尹集镇综合行政执法大队,405012.0,管理,,,3,1,,,,,,,,,,,
2026,事业单位,宿州市,市,,,,朝阳镇农业农村中心,405009.0,专技,,,3,1,,,,,,,,,,,
2026,事业单位,宿州市,市,,,,朝阳镇综合行政执法大队,405008.0,管理,,,3,2,,,,,,,,,,,
2026,事业单位,宿州市,市,,,,朱集卫生院,405019.0,专技,岗位：检验科。,,3,1,,,,,,,,,,,
2026,事业单位,宿州市,市,,,,泗县丁湖镇农业农村中心,406030.0,专技,,,3,1,,,,,,,,,,,
2026,事业单位,宿州市,市,,,,泗县丁湖镇农业农村中心,406031.0,专技,,,3,1,,,,,,,,,,,
2026,事业单位,宿州市,市,,,,泗县丁湖镇村镇建设应急环保中心,406033.0,专技,,,3,1,,,,,,,,,,,
2026,事业单位,宿州市,市,,,,泗县丁湖镇综合行政执法大队,406032.0,管理,,,3,1,,,,,,,,,,,
2026,事业单位,宿州市,市,,,,泗县农业技术推广中心,406009.0,专技,,,3,2,,,,,,,,,,,
2026,事业单位,宿州市,市,,,,泗县农业综合行政执法大队,406008.0,管理,,,3,1,,,,,,,,,,,
2026,事业单位,宿州市,市,,,,泗县刘圩镇便民服务中心,406027.0,专技,,,3,2,,,,,,,,,,,
2026,事业单位,宿州市,市,,,,泗县刘圩镇综合行政执法大队,406026.0,管理,,,3,1,,,,,,,,,,,
2026,事业单位,宿州市,市,,,,泗县劳动保障维权中心,406004.0,管理,,,3,2,,,,,,,,,,,
2026,事业单位,宿州市,市,,,,泗县劳动保障维权中心,406005.0,管理,,,3,1,,,,,,,,,,,
2026,事业单位,宿州市,市,,,,泗县商务局信息中心,406007.0,管理,,,3,1,,,,,,,,,,,
2026,事业单位,宿州市,市,,,,泗县图书馆,406013.0,管理,,,3,1,,,,,,,,,,,
2026,事业单位,宿州市,市,,,,泗县城镇职工基本医疗保险基金管理中心,406006.0,专技,,,3,1,,,,,,,,,,,
2026,事业单位,宿州市,市,,,,泗县大杨镇村镇建设应急环保中心,406015.0,专技,,,3,1,,,,,,,,,,,
2026,事业单位,宿州市,市,,,,泗县屏山镇综合行政执法大队,406020.0,管理,,,3,1,,,,,,,,,,,
2026,事业单位,宿州市,市,,,,泗县山头镇农业农村中心,406023.0,专技,,,3,1,,,,,,,,,,,
2026,事业单位,宿州市,市,,,,泗县山头镇村镇建设应急环保中心,406025.0,专技,,,3,1,,,,,,,,,,,
2026,事业单位,宿州市,市,,,,泗县山头镇综合行政执法大队,406024.0,管理,,,3,1,,,,,,,,,,,
2026,事业单位,宿州市,市,,,,泗县教体系统党员教育服务中心,406011.0,管理,,,3,1,,,,,,,,,,,
2026,事业单位,宿州市,市,,,,泗县教育服务中心,406010.0,管理,,,3,1,,,,,,,,,,,
2026,事业单位,宿州市,市,,,,泗县文化市场综合行政执法大队,406012.0,专技,,,3,2,,,,,,,,,,,
2026,事业单位,宿州市,市,,,,泗县文化馆,406014.0,管理,,,3,1,,,,,,,,,,,
2026,事业单位,宿州市,市,,,,泗县普查中心,406003.0,专技,,,3,1,,,,,,,,,,,
2026,事业单位,宿州市,市,,,,泗县瓦坊镇便民服务中心,406019.0,专技,,,3,1,,,,,,,,,,,
2026,事业单位,宿州市,市,,,,泗县瓦坊镇综合行政执法大队,406018.0,管理,,,3,2,,,,,,,,,,,
2026,事业单位,宿州市,市,,,,泗县红十字会,406001.0,管理,,,3,1,,,,,,,,,,,
2026,事业单位,宿州市,市,,,,泗县营商环境服务中心,406002.0,管理,,,3,1,,,,,,,,,,,
2026,事业单位,宿州市,市,,,,泗县长沟镇村镇建设应急环保中心,406022.0,专技,,,3,1,,,,,,,,,,,
2026,事业单位,宿州市,市,,,,泗县长沟镇综合行政执法大队,406021.0,管理,,,3,1,,,,,,,,,,,
2026,事业单位,宿州市,市,,,,泗县黄圩镇便民服务中心,406029.0,管理,,,3,1,,,,,,,,,,,
2026,事业单位,宿州市,市,,,,泗县黄圩镇综合行政执法大队,406028.0,管理,,,3,2,,,,,,,,,,,
2026,事业单位,宿州市,市,,,,泗县黑塔镇综合行政执法大队,406016.0,管理,,,3,1,,,,,,,,,,,
2026,事业单位,宿州市,市,,,,泗县黑塔镇综合行政执法大队,406017.0,管理,,,3,1,,,,,,,,,,,
2026,事业单位,宿州市,市,,,,渔沟镇农业农村中心,405005.0,专技,,,3,1,,,,,,,,,,,
2026,事业单位,宿州市,市,,,,渔沟镇综合行政执法大队,405004.0,管理,,,3,2,,,,,,,,,,,
2026,事业单位,宿州市,市,,,,灵城镇农业农村中心,405003.0,专技,,,3,1,,,,,,,,,,,
2026,事业单位,宿州市,市,,,,灵璧县中医医院,405023.0,专技,耳鼻咽喉科,,3,1,,,,,,,,,,,
2026,事业单位,宿州市,市,,,,灵璧县中医医院,405024.0,专技,心血管内科,,3,2,,,,,,,,,,,
2026,事业单位,宿州市,市,,,,灵璧县中医医院,405025.0,专技,中医科（方剂）,,3,1,,,,,,,,,,,
2026,事业单位,宿州市,市,,,,灵璧县中医医院,405026.0,专技,公卫科,,3,1,,,,,,,,,,,
2026,事业单位,宿州市,市,,,,灵璧县农村经济发展中心,405001.0,专技,,,3,1,,,,,,,,,,,
2026,事业单位,宿州市,市,,,,灵璧县动物疫病预防与控制中心,405002.0,专技,,,3,1,,,,,,,,,,,
2026,事业单位,宿州市,市,,,,灵璧县麻风病医院（焦山医院）,405027.0,专技,麻风病防治科,,3,1,,,,,,,,,,,
2026,事业单位,宿州市,市,,,,虞姬镇卫生院,405018.0,专技,岗位：放射科。,,3,1,,,,,,,,,,,
2026,事业单位,宿州市,市,,,,韦集镇农业农村中心,405006.0,专技,,,3,1,,,,,,,,,,,
2026,事业单位,宿州市,市,,,,高楼镇农业农村中心,405010.0,专技,,,3,1,,,,,,,,,,,
2026,事业单位,宿州市,市,,,,高楼镇卫生院,405022.0,专技,岗位：防保所。,,3,1,,,,,,,,,,,
2026,事业单位,淮北市,市,,,,"中共淮北市烈山区委党校
（烈山区行政学校）",204001.0,管理,,,3,1,,,,,,,,,,,
2026,事业单位,淮北市,市,,,,"中共淮北市相山区委党校
（相山区行政学校）",202001.0,专业技术,,,3,1,,,,,,,,,,,
2026,事业单位,淮北市,市,,,,中共濉溪县委党校,205004.0,专业技术岗,,,3,2,,,,,,,,,,,
2026,事业单位,淮北市,市,,,,"中共相山区委组织部党员教育中心
（相山区党员干部现代远程教育中心）",202002.0,管理,,,3,1,,,,,,,,,,,
2026,事业单位,淮北市,市,,,,安徽淮北烈山经济开发区管委会,204011.0,专业技术,,,3,1,,,,,,,,,,,
2026,事业单位,淮北市,市,,,,杜集区应急管理综合行政执法大队,203002.0,专业技术,,,3,2,,,,,,,,,,,
2026,事业单位,淮北市,市,,,,杜集区招商服务中心,203003.0,管理,,,3,1,,,,,,,,,,,
2026,事业单位,淮北市,市,,,,杜集区退役军人服务中心,203001.0,专业技术,,,3,1,,,,,,,,,,,
2026,事业单位,淮北市,市,,,,淮北卫生学校,201052.0,专业技术,,,3,1,,,,,,,,,,,
2026,事业单位,淮北市,市,,,,淮北卫生学校,201053.0,专业技术,,,3,1,,,,,,,,,,,
2026,事业单位,淮北市,市,,,,淮北工业和艺术学校,201004.0,专业技术,,,3,2,,,,,,,,,,,
2026,事业单位,淮北市,市,,,,淮北工业和艺术学校,201005.0,专业技术,,,3,3,,,,,,,,,,,
2026,事业单位,淮北市,市,,,,淮北工业和艺术学校,201006.0,专业技术,,,3,1,,,,,,,,,,,
2026,事业单位,淮北市,市,,,,淮北市中医医院,201028.0,专业技术,,,3,1,,,,,,,,,,,
2026,事业单位,淮北市,市,,,,淮北市中心血站,201031.0,专业技术,,,3,1,,,,,,,,,,,
2026,事业单位,淮北市,市,,,,淮北市交通运输综合行政执法支队,201024.0,专业技术  ,,,3,2,,,,,,,,,,,
2026,事业单位,淮北市,市,,,,淮北市交通运输综合行政执法支队,201025.0,管理,,,3,1,,,,,,,,,,,
2026,事业单位,淮北市,市,,,,淮北市交通运输综合行政执法支队,201026.0,专业技术,,,3,2,,,,,,,,,,,
2026,事业单位,淮北市,市,,,,淮北市人才综合服务中心（淮北市公共就业服务中心）,201012.0,专业技术,,,3,1,,,,,,,,,,,
2026,事业单位,淮北市,市,,,,"淮北市人民政府法律顾问室
（淮北市人民政府行政复议应诉服务中心）",201010.0,专业技术,,,3,1,,,,,,,,,,,
2026,事业单位,淮北市,市,,,,"淮北市人民政府法律顾问室
（淮北市人民政府行政复议应诉服务中心）",201011.0,专业技术,,,3,1,,,,,,,,,,,
2026,事业单位,淮北市,市,,,,"淮北市价格监测调控中心
（淮北市军粮供应中心）",201003.0,专业技术,,,3,1,,,,,,,,,,,
2026,事业单位,淮北市,市,,,,淮北市传媒中心,201054.0,"专业技术
（中级）",,,3,2,,,,,,,,,,,
2026,事业单位,淮北市,市,,,,淮北市传媒中心,201055.0,"专业技术
（中级）",,,3,1,,,,,,,,,,,
2026,事业单位,淮北市,市,,,,淮北市传媒中心,201056.0,"专业技术
（中级）",,,3,1,,,,,,,,,,,
2026,事业单位,淮北市,市,,,,淮北市公共资源交易中心,201039.0,专业技术,,,3,1,,,,,,,,,,,
2026,事业单位,淮北市,市,,,,淮北市公路管理服务中心,201023.0,专业技术  ,,,3,1,,,,,,,,,,,
2026,事业单位,淮北市,市,,,,淮北市养老失业保险管理服务中心,201013.0,专业技术,,,3,1,,,,,,,,,,,
2026,事业单位,淮北市,市,,,,淮北市军队离休退休干部休养所,201032.0,专业技术,,,3,1,,,,,,,,,,,
2026,事业单位,淮北市,市,,,,"淮北市劳动人事争议仲裁院
（淮北市劳动保障维权中心）",201015.0,专业技术,,,3,1,,,,,,,,,,,
2026,事业单位,淮北市,市,,,,淮北市医疗生育保险基金安全管理中心,201038.0,专业技术,,,3,1,,,,,,,,,,,
2026,事业单位,淮北市,市,,,,淮北市园林管理处,201020.0,专业技术  ,,,3,1,,,,,,,,,,,
2026,事业单位,淮北市,市,,,,淮北市图书馆,201027.0,专业技术,,,3,1,,,,,,,,,,,
2026,事业单位,淮北市,市,,,,淮北市地质环境监测中心,201016.0,专业技术  ,,,3,1,,,,,,,,,,,
2026,事业单位,淮北市,市,,,,淮北市外商投资服务中心,201040.0,管理,,,3,1,,,,,,,,,,,
2026,事业单位,淮北市,市,,,,淮北市妇女儿童活动中心,201058.0,专业技术,,,3,1,,,,,,,,,,,
2026,事业单位,淮北市,市,,,,淮北市巡察信息中心,201001.0,专业技术,,,3,2,,,,,,,,,,,
2026,事业单位,淮北市,市,,,,淮北市工商业联合会经济服务中心,201059.0,管理,,,3,1,,,,,,,,,,,
2026,事业单位,淮北市,市,,,,淮北市市政工程管理处,201021.0,专业技术  ,,,3,1,,,,,,,,,,,
2026,事业单位,淮北市,市,,,,淮北市建筑工程管理处,201019.0,专业技术  ,,,3,1,,,,,,,,,,,
2026,事业单位,淮北市,市,,,,淮北市殡仪馆,201008.0,专业技术,,,3,1,,,,,,,,,,,
2026,事业单位,淮北市,市,,,,淮北市殡仪馆,201009.0,专业技术,,,3,1,,,,,,,,,,,
2026,事业单位,淮北市,市,,,,淮北市烈山滨湖土地储备发展中心,201017.0,专业技术  ,,,3,1,,,,,,,,,,,
2026,事业单位,淮北市,市,,,,淮北市特种设备监督检验中心,201035.0,专业技术,,,3,1,,,,,,,,,,,
2026,事业单位,淮北市,市,,,,淮北市特种设备监督检验中心,201036.0,专业技术,,,3,1,,,,,,,,,,,
2026,事业单位,淮北市,市,,,,淮北市疾病预防控制中心（淮北市卫生监督所）,201029.0,专业技术,,,3,1,,,,,,,,,,,
2026,事业单位,淮北市,市,,,,淮北市疾病预防控制中心（淮北市卫生监督所）,201030.0,专业技术,,,3,2,,,,,,,,,,,
2026,事业单位,淮北市,市,,,,淮北市知识产权事业发展中心,201033.0,专业技术,,,3,1,,,,,,,,,,,
2026,事业单位,淮北市,市,,,,淮北市社会保险征缴稽核中心,201014.0,专业技术,,,3,1,,,,,,,,,,,
2026,事业单位,淮北市,市,,,,"淮北市科技创新发展中心
（淮北市专利技术展示交易中心）",201007.0,专业技术,,,3,1,,,,,,,,,,,
2026,事业单位,淮北市,市,,,,"淮北市统计局普查中心
（淮北市统计调查队）",201037.0,管理,,,3,1,,,,,,,,,,,
2026,事业单位,淮北市,市,,,,淮北市老干部活动中心,201002.0,管理,,,3,1,,,,,,,,,,,
2026,事业单位,淮北市,市,,,,淮北市聋儿语训中心,201060.0,专业技术,,,3,1,,,,,,,,,,,
2026,事业单位,淮北市,市,,,,淮北市自然资源和规划局古饶自然资源和规划所,201018.0,专业技术  ,,,3,1,,,,,,,,,,,
2026,事业单位,淮北市,市,,,,淮北市重点工程建设管理处,201022.0,专业技术  ,,,3,1,,,,,,,,,,,
2026,事业单位,淮北市,市,,,,淮北市青少年宫,201057.0,专业技术,,,3,1,,,,,,,,,,,
2026,事业单位,淮北市,市,,,,淮北市食品药品检验中心,201034.0,专业技术,,,3,1,,,,,,,,,,,
2026,事业单位,淮北市,市,,,,淮北职业技术学院,201041.0,专业技术,,,3,1,,,,,,,,,,,
2026,事业单位,淮北市,市,,,,淮北职业技术学院,201042.0,专业技术,,,3,1,,,,,,,,,,,
2026,事业单位,淮北市,市,,,,淮北职业技术学院,201043.0,专业技术,,,3,1,,,,,,,,,,,
2026,事业单位,淮北市,市,,,,淮北职业技术学院,201044.0,专业技术,,,3,1,,,,,,,,,,,
2026,事业单位,淮北市,市,,,,淮北职业技术学院,201045.0,专业技术,,,3,1,,,,,,,,,,,
2026,事业单位,淮北市,市,,,,淮北职业技术学院,201046.0,专业技术,,,3,1,,,,,,,,,,,
2026,事业单位,淮北市,市,,,,淮北职业技术学院,201047.0,专业技术,,,3,1,,,,,,,,,,,
2026,事业单位,淮北市,市,,,,淮北职业技术学院,201048.0,专业技术,,,3,1,,,,,,,,,,,
2026,事业单位,淮北市,市,,,,淮北职业技术学院,201049.0,专业技术,,,3,1,,,,,,,,,,,
2026,事业单位,淮北市,市,,,,淮北职业技术学院,201050.0,专业技术,,,3,2,,,,,,,,,,,
2026,事业单位,淮北市,市,,,,淮北职业技术学院,201051.0,专业技术,,,3,2,,,,,,,,,,,
2026,事业单位,淮北市,市,,,,濉溪县业余体校,205022.0,专业技术岗,,,3,1,,,,,,,,,,,
2026,事业单位,淮北市,市,,,,濉溪县乡镇综合执法队1,205052.0,专业技术岗,聘用后去向：南坪镇2名、四铺镇2名、韩村镇2名、临涣镇2名、五沟镇1名、铁佛镇1名、双堆集镇1名。考生按最终综合合成成绩排名选择岗位。,,3,11,,,,,,,,,,,
2026,事业单位,淮北市,市,,,,濉溪县乡镇综合执法队2,205053.0,专业技术岗,聘用后去向：百善镇2名、铁佛镇1名、五沟镇1名、双堆集镇1名。考生按最终综合合成成绩排名选择岗位。,,3,5,,,,,,,,,,,
2026,事业单位,淮北市,市,,,,濉溪县乡镇财政所,205011.0,专业技术岗,聘用后去向：南坪财政所1名、五沟财政所2名、双堆集财政所1名、临涣财政所2名、铁佛财政所1名、四铺财政所1名、百善财政所2名。考生按最终综合合成成绩排名选择岗位。,,3,10,,,,,,,,,,,
2026,事业单位,淮北市,市,,,,濉溪县交通运输综合行政执法大队,205039.0,专业技术岗,乡镇一线工作,,3,1,,,,,,,,,,,
2026,事业单位,淮北市,市,,,,濉溪县人才综合服务中心,205015.0,专业技术岗,,,3,1,,,,,,,,,,,
2026,事业单位,淮北市,市,,,,濉溪县公路事业发展中心,205018.0,专业技术岗,从事一线工作,,3,1,,,,,,,,,,,
2026,事业单位,淮北市,市,,,,濉溪县养老服务发展中心,205010.0,专业技术岗,,,3,1,,,,,,,,,,,
2026,事业单位,淮北市,市,,,,濉溪县农业技术推广中心,205020.0,专业技术岗,,,3,1,,,,,,,,,,,
2026,事业单位,淮北市,市,,,,濉溪县农业机械管理服务中心,205035.0,专业技术岗,,,3,1,,,,,,,,,,,
2026,事业单位,淮北市,市,,,,濉溪县农业综合开发项目服务中心,205019.0,专业技术岗,,,3,2,,,,,,,,,,,
2026,事业单位,淮北市,市,,,,濉溪县农业综合行政执法大队,205042.0,专业技术岗,,,3,2,,,,,,,,,,,
2026,事业单位,淮北市,市,,,,濉溪县劳动人事争议仲裁院,205013.0,专业技术岗,从事执法辅助工作，需经常下乡、加班，工作强度大。,,3,1,,,,,,,,,,,
2026,事业单位,淮北市,市,,,,濉溪县医疗保险管理服务中心,205027.0,专业技术岗,,,3,1,,,,,,,,,,,
2026,事业单位,淮北市,市,,,,濉溪县商贸发展服务中心,205021.0,专业技术岗,,,3,1,,,,,,,,,,,
2026,事业单位,淮北市,市,,,,濉溪县城市管理综合执法大队,205050.0,专业技术岗,,,3,2,,,,,,,,,,,
2026,事业单位,淮北市,市,,,,濉溪县基层政权建设指导中心,205003.0,专业技术岗,,,3,1,,,,,,,,,,,
2026,事业单位,淮北市,市,,,,"濉溪县审计信息
化中心",205024.0,专业技术岗,,,3,1,,,,,,,,,,,
2026,事业单位,淮北市,市,,,,"濉溪县市场监管综合行政执法大队
",205047.0,专业技术岗,,,3,1,,,,,,,,,,,
2026,事业单位,淮北市,市,,,,濉溪县应急管理综合行政执法大队,205046.0,专业技术岗,,,3,4,,,,,,,,,,,
2026,事业单位,淮北市,市,,,,濉溪县建设工程消防服务中心,205017.0,专业技术岗,,,3,1,,,,,,,,,,,
2026,事业单位,淮北市,市,,,,濉溪县建设工程管理站,205016.0,专业技术岗,,,3,1,,,,,,,,,,,
2026,事业单位,淮北市,市,,,,濉溪县投资促进中心,205034.0,专业技术岗,,,3,2,,,,,,,,,,,
2026,事业单位,淮北市,市,,,,濉溪县数据资源发展中心,205028.0,专业技术岗,,,3,1,,,,,,,,,,,
2026,事业单位,淮北市,市,,,,濉溪县文化市场综合行政执法大队,205045.0,专业技术岗,,,3,2,,,,,,,,,,,
2026,事业单位,淮北市,市,,,,濉溪县普查中心,205026.0,专业技术岗,,,3,1,,,,,,,,,,,
2026,事业单位,淮北市,市,,,,濉溪县殡仪服务中心,205009.0,专业技术岗,,,3,2,,,,,,,,,,,
2026,事业单位,淮北市,市,,,,濉溪县生态环境专项督查中心,205001.0,专业技术岗,,,3,1,,,,,,,,,,,
2026,事业单位,淮北市,市,,,,濉溪县百善现代农业综合开发示范区管委会,205036.0,专业技术岗,经常加班，工作强度较大。,,3,1,,,,,,,,,,,
2026,事业单位,淮北市,市,,,,濉溪县百善现代农业综合开发示范区管委会,205037.0,专业技术岗,经常加班，工作强度较大。,,3,1,,,,,,,,,,,
2026,事业单位,淮北市,市,,,,"濉溪县社会保险征缴稽核中心
",205012.0,专业技术岗,,,3,1,,,,,,,,,,,
2026,事业单位,淮北市,市,,,,濉溪县经济责任审计中心,205023.0,专业技术岗,,,3,2,,,,,,,,,,,
2026,事业单位,淮北市,市,,,,濉溪县网络安全应急指挥中心,205002.0,专业技术岗,,,3,1,,,,,,,,,,,
2026,事业单位,淮北市,市,,,,"濉溪县职业
技术学校",205006.0,专业技术岗,,,3,2,,,,,,,,,,,
2026,事业单位,淮北市,市,,,,濉溪县融媒体中心,205029.0,专业技术岗,,,3,1,,,,,,,,,,,
2026,事业单位,淮北市,市,,,,濉溪县采煤沉陷区综合治理中心,205005.0,专业技术岗,,,3,1,,,,,,,,,,,
2026,事业单位,淮北市,市,,,,濉溪县重点项目建设管理服务中心,205038.0,专业技术岗,,,3,4,,,,,,,,,,,
2026,事业单位,淮北市,市,,,,烈山区乡村振兴服务中心,204004.0,专业技术,,,3,1,,,,,,,,,,,
2026,事业单位,淮北市,市,,,,"烈山区城市管理
综合执法大队",204008.0,管理,,,3,1,,,,,,,,,,,
2026,事业单位,淮北市,市,,,,"烈山区城市管理
综合执法大队",204009.0,管理,,,3,1,,,,,,,,,,,
2026,事业单位,淮北市,市,,,,"烈山区城市管理
综合执法大队",204010.0,专业技术,,,3,1,,,,,,,,,,,
2026,事业单位,淮北市,市,,,,烈山区应急管理综合行政执法大队,204005.0,管理,,,3,1,,,,,,,,,,,
2026,事业单位,淮北市,市,,,,烈山区应急管理综合行政执法大队,204006.0,专业技术,,,3,1,,,,,,,,,,,
2026,事业单位,淮北市,市,,,,烈山区投资服务中心,204002.0,管理,,,3,1,,,,,,,,,,,
2026,事业单位,淮北市,市,,,,烈山区政务服务管理中心,204007.0,管理,,,3,1,,,,,,,,,,,
2026,事业单位,淮北市,市,,,,"烈山区物业管理服务中心
（烈山区市政园林管理所）",204003.0,专业技术,,,3,1,,,,,,,,,,,
2026,事业单位,淮北市,市,,,,相山区农业综合行政执法大队,202003.0,专业技术,,,3,2,,,,,,,,,,,
2026,事业单位,淮北市,市,,,,相山区政务服务中心（相山区数据资源管理中心）,202007.0,管理,,,3,1,,,,,,,,,,,
2026,事业单位,淮北市,市,,,,相山区政务服务中心（相山区数据资源管理中心）,202008.0,管理,,,3,1,,,,,,,,,,,
2026,事业单位,淮北市,市,,,,相山区知识产权事业发展中心,202004.0,专业技术,,,3,1,,,,,,,,,,,
2026,事业单位,淮北市,市,,,,相山区知识产权事业发展中心,202005.0,专业技术,,,3,1,,,,,,,,,,,
2026,事业单位,淮北市,市,,,,相山区知识产权事业发展中心,202006.0,专业技术,,,3,1,,,,,,,,,,,
2026,事业单位,淮南市,市,,,,中共寿县县委党校,708137.0,专业技术,,社会科学专技类(B类),3,1,研究生及以上,经济学（02）,38周岁以下；学位：硕士及以上；中共党员（含预备党员）,,,,,,,,
2026,事业单位,淮南市,市,,,,中共寿县县委党校,708138.0,专业技术,,社会科学专技类(B类),3,1,研究生及以上,历史学（06）,38周岁以下；学位：硕士及以上；中共党员（含预备党员）,,,,,,,,
2026,事业单位,淮南市,市,,,,中共淮南市委党校,701001.0,专业技术,,社会科学专技类(B类),3,1,研究生及以上,理论经济学（0201）,38周岁以下；学位：硕士及以上,,,,,,,,
2026,事业单位,淮南市,市,,,,凤台县120急救指挥中心,707091.0,专业技术,,医疗卫生类(E类),3,1,大专及以上,临床医学（620101K）,38周岁以下,,,,,,,,
2026,事业单位,淮南市,市,,,,凤台县丁集镇中心卫生院,707109.0,专业技术,,医疗卫生类(E类),3,1,大专及以上,医学影像技术（620403）,38周岁以下,,,,,,,,
2026,事业单位,淮南市,市,,,,凤台县丁集镇中心卫生院,707110.0,专业技术,,社会科学专技类(B类),3,1,大专及以上,财务会计类（6303）,38周岁以下,,,,,,,,
2026,事业单位,淮南市,市,,,,凤台县丁集镇经济发展服务中心,707127.0,管理,,综合管理类(A类),3,1,大专及以上,财务会计类（6303）、金融类（6302）,38周岁以下,,,,,,,,
2026,事业单位,淮南市,市,,,,凤台县中医院,707098.0,专业技术,,医疗卫生类(E类),3,2,本科及以上,医学影像学（100203TK）,38周岁以下；具有相应中级专业技术职称,,,,,,,,
2026,事业单位,淮南市,市,,,,凤台县中医院,707099.0,专业技术,,医疗卫生类(E类),3,2,本科及以上,中医学（100501K）,38周岁以下；具有相应中级专业技术职称,,,,,,,,
2026,事业单位,淮南市,市,,,,凤台县中医院,707100.0,专业技术,,医疗卫生类(E类),3,2,本科及以上,针灸推拿学（100502K）,38周岁以下；具有相应中级专业技术职称,,,,,,,,
2026,事业单位,淮南市,市,,,,凤台县中医院,707101.0,专业技术,,医疗卫生类(E类),3,2,本科及以上,康复治疗学（101005）,38周岁以下；具有相应中级专业技术职称,,,,,,,,
2026,事业单位,淮南市,市,,,,凤台县中医院,707102.0,专业技术,,医疗卫生类(E类),3,1,本科及以上,药学（100701),38周岁以下,,,,,,,,
2026,事业单位,淮南市,市,,,,凤台县中医院,707103.0,专业技术,,医疗卫生类(E类),3,1,本科及以上,中西医临床医学（100601K）,38周岁以下；具有相应中级专业技术职称,,,,,,,,
2026,事业单位,淮南市,市,,,,凤台县中医院,707104.0,专业技术,,医疗卫生类(E类),3,1,本科及以上,中医儿科学（100512TK）,38周岁以下；具有相应中级专业技术职称,,,,,,,,
2026,事业单位,淮南市,市,,,,凤台县中医院,707105.0,专业技术,,医疗卫生类(E类),3,1,本科及以上,护理学（101101）,38周岁以下；具有护士职业资格证,,,,,,,,
2026,事业单位,淮南市,市,,,,凤台县人民医院,707092.0,专业技术,,医疗卫生类(E类),3,2,研究生及以上,内科学（100201）、儿科学（100202 ）、老年医学（100203）　　　　　　　　　　　　　　　　　　　　　　　　　　　　　　　　　　　　　　　　　　　　　　　　　　　　　　　　　　　　　　　　　　　　　　　　　　　　　　　　　　　,38周岁以下；学位：硕士及以上,,,,,,,,
2026,事业单位,淮南市,市,,,,凤台县人民医院,707093.0,专业技术,,医疗卫生类(E类),3,2,研究生及以上,外科学（100210）、肿瘤学（100214）、急诊医学（100218）,38周岁以下；学位：硕士及以上,,,,,,,,
2026,事业单位,淮南市,市,,,,凤台县人民医院,707094.0,专业技术,,医疗卫生类(E类),3,1,研究生及以上,神经病学（100204）、精神病与精神卫生学（100205）　,38周岁以下；学位：硕士及以上,,,,,,,,
2026,事业单位,淮南市,市,,,,凤台县人民医院,707095.0,专业技术,,医疗卫生类(E类),3,8,本科及以上,临床医学(100201K),38周岁以下；学位：学士及以上,,,,,,,,
2026,事业单位,淮南市,市,,,,凤台县人民医院,707096.0,专业技术,,医疗卫生类(E类),3,7,本科及以上,临床医学(100201K),38周岁以下；学位：学士及以上,,,,,,,,
2026,事业单位,淮南市,市,,,,凤台县人民医院,707097.0,专业技术,,医疗卫生类(E类),3,5,本科及以上,医学影像学（100203TK）,38周岁以下；学位：学士及以上,,,,,,,,
2026,事业单位,淮南市,市,,,,凤台县优化营商环境服务中心,707086.0,管理,,综合管理类(A类),3,1,本科及以上,经济学（020101）,38周岁以下；工作强度较大，需值夜班。,,,,,,,,
2026,事业单位,淮南市,市,,,,凤台县公共资源交易中心,707072.0,管理,,综合管理类(A类),3,1,本科及以上,会计学（120203K）、财务管理（120204）、审计学(120207),38周岁以下；学位：学士及以上,,,,,,,,
2026,事业单位,淮南市,市,,,,凤台县农业综合行政执法大队,707068.0,管理,,综合管理类(A类),3,1,本科及以上,机械类（0802）,38周岁以下；需值夜班,,,,,,,,
2026,事业单位,淮南市,市,,,,凤台县农业综合行政执法大队,707069.0,管理,,综合管理类(A类),3,1,本科及以上,法学（030101K）,38周岁以下；需值夜班,,,,,,,,
2026,事业单位,淮南市,市,,,,凤台县农村社会养老保险管理中心,707077.0,管理,,综合管理类(A类),3,1,本科及以上,会计学（120203K）、财务管理（120204）,38周岁以下；学位：学士及以上,,,,,,,,
2026,事业单位,淮南市,市,,,,凤台县凤凰镇卫生院,707121.0,专业技术,,社会科学专技类(B类),3,1,大专及以上,财务会计类（6303）,38周岁以下,,,,,,,,
2026,事业单位,淮南市,市,,,,凤台县凤凰镇经济发展服务中心,707132.0,管理,,综合管理类(A类),3,1,大专及以上,财务会计类（6303）、金融类（6302）,38周岁以下,,,,,,,,
2026,事业单位,淮南市,市,,,,凤台县刘集镇卫生院,707122.0,专业技术,,社会科学专技类(B类),3,1,大专及以上,财务会计类（6303）,38周岁以下,,,,,,,,
2026,事业单位,淮南市,市,,,,凤台县南平山陵园管理所,707075.0,管理,,综合管理类(A类),3,1,大专及以上,财务会计类（6303）、财政税务类（6301）,38周岁以下,,,,,,,,
2026,事业单位,淮南市,市,,,,凤台县古店乡卫生院,707108.0,专业技术,,医疗卫生类(E类),3,2,大专及以上,临床医学（620101K）,38周岁以下,,,,,,,,
2026,事业单位,淮南市,市,,,,凤台县古店乡经济发展服务中心,707128.0,管理,,综合管理类(A类),3,2,大专及以上,财务会计类（6303）、金融类（6302）,38周岁以下,,,,,,,,
2026,事业单位,淮南市,市,,,,凤台县园林管理处,707082.0,管理,,综合管理类(A类),3,1,本科及以上,林学（090501）、园林（090502）、园艺（090102）,38周岁以下,,,,,,,,
2026,事业单位,淮南市,市,,,,凤台县国有资产管理中心,707085.0,管理,,综合管理类(A类),3,1,本科及以上,建筑类（0828）,38周岁以下,,,,,,,,
2026,事业单位,淮南市,市,,,,凤台县城关镇社会事务服务中心,707123.0,管理,,综合管理类(A类),3,1,本科及以上,不限,38周岁以下；学位：学士及以上,,,,,,,,
2026,事业单位,淮南市,市,,,,凤台县城关镇经济发展服务中心,707124.0,管理,,综合管理类(A类),3,1,本科及以上,不限,38周岁以下；学位：学士及以上,,,,,,,,
2026,事业单位,淮南市,市,,,,凤台县基本医疗保障基金管理中心,707087.0,专业技术,,医疗卫生类(E类),3,1,大专及以上,临床医学（620101K）,38周岁以下,,,,,,,,
2026,事业单位,淮南市,市,,,,凤台县大兴镇经济发展服务中心,707133.0,管理,,综合管理类(A类),3,1,大专及以上,财务会计类（6303）、金融类（6302）,38周岁以下,,,,,,,,
2026,事业单位,淮南市,市,,,,凤台县大兴镇经济发展服务中心,707134.0,管理,,综合管理类(A类),3,1,大专及以上,财务会计类（6303）、金融类（6302）,38周岁以下；定向招聘“服务基层项目”人员,,,,,,,,
2026,事业单位,淮南市,市,,,,凤台县妇幼保健计划生育服务中心,707088.0,专业技术,,社会科学专技类(B类),3,1,大专及以上,财务会计类（6303）,38周岁以下,,,,,,,,
2026,事业单位,淮南市,市,,,,凤台县尚塘镇卫生院,707116.0,专业技术,,医疗卫生类(E类),3,1,大专及以上,中医学（620103K）,38周岁以下,,,,,,,,
2026,事业单位,淮南市,市,,,,凤台县尚塘镇卫生院,707117.0,专业技术,,医疗卫生类(E类),3,1,大专及以上,医学影像技术（620403）,38周岁以下,,,,,,,,
2026,事业单位,淮南市,市,,,,凤台县市场监督检验所,707070.0,管理,,综合管理类(A类),3,1,本科及以上,仪器类（0803）,38周岁以下；学位：学士及以上,,,,,,,,
2026,事业单位,淮南市,市,,,,凤台县市政管理处,707081.0,管理,,综合管理类(A类),3,1,本科及以上,给排水科学与工程（081003）,38周岁以下,,,,,,,,
2026,事业单位,淮南市,市,,,,凤台县招商服务中心,707071.0,管理,,综合管理类(A类),3,1,本科及以上,法学（030101K）,38周岁以下；学位：学士及以上；需经常出差,,,,,,,,
2026,事业单位,淮南市,市,,,,凤台县推剧团,707083.0,专业技术,,社会科学专技类(B类),3,2,大专及以上,戏曲表演（650204）,38周岁以下；具有一年以上戏曲表演工作经历,,,,,,,,
2026,事业单位,淮南市,市,,,,凤台县推剧团,707084.0,专业技术,,社会科学专技类(B类),3,2,大专及以上,音乐表演（650219）,38周岁以下；具有一年以上二胡演奏工作经历,,,,,,,,
2026,事业单位,淮南市,市,,,,凤台县新集镇卫生院,707118.0,专业技术,,医疗卫生类(E类),3,1,大专及以上,药学（620301）,38周岁以下,,,,,,,,
2026,事业单位,淮南市,市,,,,凤台县新集镇卫生院,707119.0,专业技术,,医疗卫生类(E类),3,1,大专及以上,医学影像技术（620403）,38周岁以下,,,,,,,,
2026,事业单位,淮南市,市,,,,凤台县新集镇经济发展服务中心,707136.0,管理,,综合管理类(A类),3,1,大专及以上,财务会计类（6303）、金融类（6302）,38周岁以下,,,,,,,,
2026,事业单位,淮南市,市,,,,凤台县朱马店镇中心卫生院,707111.0,专业技术,,医疗卫生类(E类),3,1,大专及以上,中医学（620103K）,38周岁以下,,,,,,,,
2026,事业单位,淮南市,市,,,,凤台县朱马店镇中心卫生院,707112.0,专业技术,,医疗卫生类(E类),3,1,大专及以上,药学（620301）,38周岁以下,,,,,,,,
2026,事业单位,淮南市,市,,,,凤台县朱马店镇中心卫生院,707113.0,专业技术,,医疗卫生类(E类),3,1,大专及以上,医学影像技术（620403）,38周岁以下,,,,,,,,
2026,事业单位,淮南市,市,,,,凤台县朱马店镇经济发展服务中心,707130.0,管理,,综合管理类(A类),3,1,大专及以上,财务会计类（6303）、金融类（6302）,38周岁以下,,,,,,,,
2026,事业单位,淮南市,市,,,,凤台县李冲回族乡经济发展服务中心,707135.0,管理,,综合管理类(A类),3,1,大专及以上,财务会计类（6303）、金融类（6302）,38周岁以下,,,,,,,,
2026,事业单位,淮南市,市,,,,凤台县杨村镇卫生院,707120.0,专业技术,,医疗卫生类(E类),3,1,大专及以上,护理（620201）,38周岁以下,,,,,,,,
2026,事业单位,淮南市,市,,,,凤台县杨村镇经济发展服务中心,707125.0,管理,,综合管理类(A类),3,1,大专及以上,财务会计类（6303）、金融类（6302）,38周岁以下,,,,,,,,
2026,事业单位,淮南市,市,,,,凤台县杨村镇经济发展服务中心,707126.0,管理,,综合管理类(A类),3,1,大专及以上,财务会计类（6303）、金融类（6302）,38周岁以下；定向招聘“服务基层项目”人员,,,,,,,,
2026,事业单位,淮南市,市,,,,凤台县法律援助中心,707074.0,管理,,综合管理类(A类),3,1,本科及以上,法学类（0301）,38周岁以下；学位：学士及以上,,,,,,,,
2026,事业单位,淮南市,市,,,,凤台县疾病预防控制中心,707089.0,专业技术,,医疗卫生类(E类),3,1,本科及以上,预防医学(100401K）,38周岁以下；学位：学士及以上,,,,,,,,
2026,事业单位,淮南市,市,,,,凤台县疾病预防控制中心,707090.0,专业技术,,医疗卫生类(E类),3,1,大专及以上,临床医学（620101K）,38周岁以下,,,,,,,,
2026,事业单位,淮南市,市,,,,凤台县社会保险基金征缴信息管理中心,707078.0,管理,,综合管理类(A类),3,1,本科及以上,不限,38周岁以下；定向招聘退役士兵,,,,,,,,
2026,事业单位,淮南市,市,,,,凤台县经济开发区企业服务中心,707076.0,管理,,综合管理类(A类),3,1,本科及以上,建筑类（0828）、土木类（0810）、水利类（0811）,38周岁以下,,,,,,,,
2026,事业单位,淮南市,市,,,,凤台县职业教育中心,707079.0,专业技术,,医疗卫生类(E类),3,1,本科及以上,护理学（101101）,38周岁以下；学位：学士及以上；具有中等职业学校护理教师资格证,,,,,,,,
2026,事业单位,淮南市,市,,,,凤台县职业教育中心,707080.0,专业技术,,社会科学专技类(B类),3,1,本科及以上,汉语言文学（050101）、应用语言学（050106T）,38周岁以下；学位：学士及以上；具有高中语文教师资格证,,,,,,,,
2026,事业单位,淮南市,市,,,,凤台县采煤沉陷区综合治理服务中心,707073.0,管理,,综合管理类(A类),3,1,本科及以上,不限,38周岁以下；学位：学士及以上；定向招聘“服务基层项目”人员,,,,,,,,
2026,事业单位,淮南市,市,,,,凤台县钱庙乡卫生院,707106.0,专业技术,,医疗卫生类(E类),3,1,大专及以上,针灸推拿（620105K）,38周岁以下,,,,,,,,
2026,事业单位,淮南市,市,,,,凤台县钱庙乡卫生院,707107.0,专业技术,,社会科学专技类(B类),3,1,大专及以上,财务会计类（6303）,38周岁以下,,,,,,,,
2026,事业单位,淮南市,市,,,,凤台县钱庙乡经济发展服务中心,707131.0,管理,,综合管理类(A类),3,1,大专及以上,财务会计类（6303）、金融类（6302）,38周岁以下,,,,,,,,
2026,事业单位,淮南市,市,,,,凤台县顾桥镇卫生院,707114.0,专业技术,,医疗卫生类(E类),3,1,大专及以上,医学检验技术（620401）,38周岁以下,,,,,,,,
2026,事业单位,淮南市,市,,,,凤台县顾桥镇卫生院,707115.0,专业技术,,医疗卫生类(E类),3,1,大专及以上,医学影像技术（620403）,38周岁以下,,,,,,,,
2026,事业单位,淮南市,市,,,,凤台县顾桥镇经济发展服务中心,707129.0,管理,,综合管理类(A类),3,1,大专及以上,财务会计类（6303）、金融类（6302）,38周岁以下,,,,,,,,
2026,事业单位,淮南市,市,,,,夏集镇为民服务中心（退役军人服务站）,706065.0,专业技术,,自然科学专技类(C类),3,1,本科及以上,学科门类：农学（09）,38周岁以下,,,,,,,,
2026,事业单位,淮南市,市,,,,夏集镇平安法治服务中心,706066.0,专业技术,,社会科学专技类(B类),3,1,本科及以上,会计学（120203K）、法学（030101K）,38周岁以下,,,,,,,,
2026,事业单位,淮南市,市,,,,安徽淮南毛集经济开发区管理办公室所属事业编制,706067.0,专业技术,,自然科学专技类(C类),3,1,本科及以上,食品科学与工程类（0827）,38周岁以下；定向招聘“服务基层项目”人员,,,,,,,,
2026,事业单位,淮南市,市,,,,寿县三觉镇为民服务中心,708195.0,管理,,综合管理类(A类),3,1,本科及以上,财务管理（120204）,38周岁以下；学位：学士及以上,,,,,,,,
2026,事业单位,淮南市,市,,,,寿县三觉镇综合行政执法大队,708196.0,管理,,综合管理类(A类),3,1,本科及以上,法学（030101K）,38周岁以下；学位：学士及以上；定向招聘“服务基层项目”人员,,,,,,,,
2026,事业单位,淮南市,市,,,,寿县众兴镇卫生院,708229.0,专业技术,,医疗卫生类(E类),3,1,大专及以上,医学影像技术（620403）,38周岁以下,,,,,,,,
2026,事业单位,淮南市,市,,,,寿县众兴镇综合行政执法大队,708191.0,管理,,综合管理类(A类),3,1,本科及以上,法学（030101K）,38周岁以下；学位：学士及以上；应届毕业生,,,,,,,,
2026,事业单位,淮南市,市,,,,寿县保义镇卫生院,708212.0,专业技术,,医疗卫生类(E类),3,1,本科及以上,医学检验技术（101001）,38周岁以下；学位：学士及以上；具有主管技师职称，年龄可放宽至40周岁。,,,,,,,,
2026,事业单位,淮南市,市,,,,寿县保义镇卫生院,708213.0,专业技术,,医疗卫生类(E类),3,1,本科及以上,临床医学（100201K）,38周岁以下；具有执业（助理）医师资格证,,,,,,,,
2026,事业单位,淮南市,市,,,,寿县保义镇经济发展服务中心,708189.0,管理,,综合管理类(A类),3,1,本科及以上,会计学（120203K）、财务管理（120204）、财务会计教育（120213T）,38周岁以下；学位：学士及以上；应届毕业生,,,,,,,,
2026,事业单位,淮南市,市,,,,寿县保义镇综合行政执法大队,708188.0,专业技术,,自然科学专技类(C类),3,1,本科及以上,动物医学类（0904）,38周岁以下；学位：学士及以上,,,,,,,,
2026,事业单位,淮南市,市,,,,寿县农业开发服务中心,708158.0,专业技术,,自然科学专技类(C类),3,1,本科及以上,工程造价（120105）、工程审计（120109T）,38周岁以下；学位：学士及以上；从事农田建设一线勘测验收工作，需经常赴现场开展户外工作，适合男性报考。,,,,,,,,
2026,事业单位,淮南市,市,,,,寿县农业开发服务中心,708159.0,专业技术,,自然科学专技类(C类),3,1,本科及以上,农业水利工程（082305）、土木工程（081001）,38周岁以下；学位：学士及以上；从事农田建设一线勘测验收工作，需经常赴现场开展户外工作，适合男性报考。,,,,,,,,
2026,事业单位,淮南市,市,,,,寿县农业综合行政执法大队,708156.0,专业技术,,社会科学专技类(B类),3,1,本科及以上,法学（030101K）,38周岁以下；学位：学士及以上；从事基层一线水上执法，需驻瓦埠湖片区工作，适合男性报考。,,,,,,,,
2026,事业单位,淮南市,市,,,,寿县农业综合行政执法大队,708157.0,专业技术,,自然科学专技类(C类),3,1,本科及以上,水产养殖学（090601）,38周岁以下；学位：学士及以上；从事农田建设一线勘测验收工作，需经常赴现场开展户外工作，适合男性报考。,,,,,,,,
2026,事业单位,淮南市,市,,,,寿县刘岗镇经济发展服务中心,708198.0,专业技术,,社会科学专技类(B类),3,1,本科及以上,经济学类（0201）,38周岁以下；学位：学士及以上,,,,,,,,
2026,事业单位,淮南市,市,,,,寿县医疗保险基金管理中心,708167.0,管理,,综合管理类(A类),3,1,本科及以上,会计学（120203K）、财务管理（120204）,38周岁以下；学位：学士及以上,,,,,,,,
2026,事业单位,淮南市,市,,,,寿县历史文化名城保护中心,708154.0,专业技术,,自然科学专技类(C类),3,1,本科及以上,建筑类（0828）,38周岁以下；学位：学士及以上,,,,,,,,
2026,事业单位,淮南市,市,,,,寿县历史文化名城保护中心,708155.0,专业技术,,自然科学专技类(C类),3,1,本科及以上,管理科学与工程类（1201）,38周岁以下；学位：学士及以上,,,,,,,,
2026,事业单位,淮南市,市,,,,寿县双庙集镇为民服务中心,708199.0,专业技术,,自然科学专技类(C类),3,1,本科及以上,林学类（0905）,38周岁以下；学位：学士及以上,,,,,,,,
2026,事业单位,淮南市,市,,,,寿县双庙集镇综合行政执法大队,708200.0,专业技术,,社会科学专技类(B类),3,1,本科及以上,法学类（0301）,38周岁以下；学位：学士及以上,,,,,,,,
2026,事业单位,淮南市,市,,,,寿县双桥镇经济发展服务中心,708173.0,专业技术,,社会科学专技类(B类),3,1,本科及以上,经济学类（0201）,38周岁以下；学位：学士及以上,,,,,,,,
2026,事业单位,淮南市,市,,,,寿县双桥镇经济发展服务中心,708174.0,专业技术,,自然科学专技类(C类),3,1,本科及以上,管理科学与工程类（1201）,38周岁以下；学位：学士及以上,,,,,,,,
2026,事业单位,淮南市,市,,,,寿县城乡居民养老保险管理服务中心,708148.0,专业技术,,自然科学专技类(C类),3,1,本科及以上,计算机类（0809）,38周岁以下；学位：学士及以上,,,,,,,,
2026,事业单位,淮南市,市,,,,寿县城乡规划服务中心,708149.0,专业技术,,自然科学专技类(C类),3,1,本科及以上,建筑类（0828）,38周岁以下；学位：学士及以上,,,,,,,,
2026,事业单位,淮南市,市,,,,寿县城市管理指挥中心,708169.0,管理,,综合管理类(A类),3,1,本科及以上,计算机科学与技术（080901）,38周岁以下；学位：学士及以上,,,,,,,,
2026,事业单位,淮南市,市,,,,寿县城市管理综合行政执法大队,708168.0,管理,,综合管理类(A类),3,3,本科及以上,法学（030101K）,38周岁以下；学位：学士及以上；一线执法，需值夜班，适合男性报考。,,,,,,,,
2026,事业单位,淮南市,市,,,,寿县堰口镇经济发展服务中心,708185.0,专业技术,,社会科学专技类(B类),3,1,本科及以上,财政学类（0202）、会计学（120203K）,38周岁以下；学位：学士及以上,,,,,,,,
2026,事业单位,淮南市,市,,,,寿县大井灌区管理所,708163.0,专业技术,,自然科学专技类(C类),3,1,本科及以上,水利水电工程（081101）,38周岁以下；学位：学士及以上；从事水利水电技术指导、工程管理等工作，多在工地一线。,,,,,,,,
2026,事业单位,淮南市,市,,,,寿县大顺镇经济发展服务中心,708205.0,专业技术,,社会科学专技类(B类),3,1,本科及以上,学科门类：经济学（02）,38周岁以下；学位：学士及以上,,,,,,,,
2026,事业单位,淮南市,市,,,,寿县大顺镇综合行政执法大队,708204.0,专业技术,,社会科学专技类(B类),3,1,本科及以上,学科门类：法学（03）,38周岁以下；学位：学士及以上,,,,,,,,
2026,事业单位,淮南市,市,,,,寿县妇幼保健计划生育服务中心,708207.0,专业技术,,医疗卫生类(E类),3,1,本科及以上,儿科学（100207TK）,38周岁以下；学位：学士及以上,,,,,,,,
2026,事业单位,淮南市,市,,,,寿县妇幼保健计划生育服务中心,708208.0,专业技术,,医疗卫生类(E类),3,1,本科及以上,口腔医学（100301K）,38周岁以下；学位：学士及以上,,,,,,,,
2026,事业单位,淮南市,市,,,,寿县妇幼保健计划生育服务中心,708209.0,专业技术,,医疗卫生类(E类),3,1,本科及以上,中医学（100501K）,38周岁以下；学位：学士及以上,,,,,,,,
2026,事业单位,淮南市,市,,,,寿县安丰塘灌区管理所,708160.0,专业技术,,自然科学专技类(C类),3,1,本科及以上,水利水电工程（081101）,38周岁以下；学位：学士及以上；从事水利水电技术指导、工程管理等工作，多在工地一线。,,,,,,,,
2026,事业单位,淮南市,市,,,,寿县安丰塘镇为民服务中心,708183.0,专业技术,,社会科学专技类(B类),3,1,本科及以上,法学类（0301）,38周岁以下；学位：学士及以上,,,,,,,,
2026,事业单位,淮南市,市,,,,寿县安丰塘镇经济发展服务中心,708184.0,专业技术,,社会科学专技类(B类),3,1,本科及以上,会计学（120203K）、财务管理（120204）,38周岁以下；学位：学士及以上,,,,,,,,
2026,事业单位,淮南市,市,,,,寿县安丰镇中心卫生院,708215.0,专业技术,,医疗卫生类(E类),3,3,本科及以上,临床医学（100201K）,38周岁以下；具有执业（助理）医师资格证,,,,,,,,
2026,事业单位,淮南市,市,,,,寿县安丰镇中心卫生院,708216.0,专业技术,,医疗卫生类(E类),3,1,本科及以上,口腔医学（100301K）,38周岁以下,,,,,,,,
2026,事业单位,淮南市,市,,,,寿县安丰镇中心卫生院,708217.0,专业技术,,医疗卫生类(E类),3,1,本科及以上,中西医临床医学（100601K）,38周岁以下；具有执业（助理）医师资格证,,,,,,,,
2026,事业单位,淮南市,市,,,,寿县安丰镇经济发展服务中心,708190.0,专业技术,,社会科学专技类(B类),3,1,本科及以上,会计学（120203K）,38周岁以下；学位：学士及以上,,,,,,,,
2026,事业单位,淮南市,市,,,,寿县寿春镇中心卫生院,708218.0,专业技术,,医疗卫生类(E类),3,1,本科及以上,临床医学（100201K）,38周岁以下；学位：学士及以上,,,,,,,,
2026,事业单位,淮南市,市,,,,寿县小甸镇中心卫生院,708220.0,专业技术,,医疗卫生类(E类),3,1,本科及以上,药学（100701）,38周岁以下,,,,,,,,
2026,事业单位,淮南市,市,,,,寿县小甸镇中心卫生院,708221.0,专业技术,,医疗卫生类(E类),3,1,本科及以上,医学影像学（100203TK）,38周岁以下,,,,,,,,
2026,事业单位,淮南市,市,,,,寿县小甸镇综合行政执法大队,708201.0,专业技术,,社会科学专技类(B类),3,1,本科及以上,法学类（0301）,38周岁以下；学位：学士及以上；应届毕业生,,,,,,,,
2026,事业单位,淮南市,市,,,,寿县小甸集特支纪念馆,708144.0,管理,,综合管理类(A类),3,1,本科及以上,旅游管理类（1209）、马克思主义理论类（0305）,38周岁以下；学位：学士及以上,,,,,,,,
2026,事业单位,淮南市,市,,,,寿县市政园林管理所,708170.0,管理,,综合管理类(A类),3,1,本科及以上,会计学（120203K）,38周岁以下；学位：学士及以上,,,,,,,,
2026,事业单位,淮南市,市,,,,寿县市政园林管理所,708171.0,管理,,综合管理类(A类),3,1,本科及以上,工程管理（120103）,38周岁以下；学位：学士及以上,,,,,,,,
2026,事业单位,淮南市,市,,,,寿县张李乡为民服务中心,708180.0,管理,,综合管理类(A类),3,1,本科及以上,中国语言文学类（0501）,38周岁以下；学位：学士及以上,,,,,,,,
2026,事业单位,淮南市,市,,,,寿县张李乡卫生院,708210.0,专业技术,,医疗卫生类(E类),3,1,大专及以上,中医学（620103K）,38周岁以下,,,,,,,,
2026,事业单位,淮南市,市,,,,寿县投资审计中心,708165.0,专业技术,,社会科学专技类(B类),3,1,本科及以上,会计学（120203K）、审计学（120207）,38周岁以下；学位：学士及以上,,,,,,,,
2026,事业单位,淮南市,市,,,,寿县招商投资促进中心,708140.0,管理,,综合管理类(A类),3,1,本科及以上,法学（030101K）、经济学类（0201）、金融学类（0203）,38周岁以下；学位：学士及以上；需经常出差、加班,,,,,,,,
2026,事业单位,淮南市,市,,,,寿县文化馆,708164.0,专业技术,,社会科学专技类(B类),3,1,本科及以上,表演（130301）,38周岁以下；学位：学士及以上,,,,,,,,
2026,事业单位,淮南市,市,,,,寿县文明创建指导中心,708146.0,管理,,综合管理类(A类),3,1,本科及以上,汉语言文学（050101）、法学类（0301）、马克思主义理论类（0305）,38周岁以下；学位：学士及以上,,,,,,,,
2026,事业单位,淮南市,市,,,,寿县文明创建指导中心,708147.0,管理,,综合管理类(A类),3,1,本科及以上,城市管理（120405）、环境科学与工程类（0825）、建筑类（0828）,38周岁以下；学位：学士及以上,,,,,,,,
2026,事业单位,淮南市,市,,,,寿县新桥人民医院（寿县炎刘镇中心卫生院）,708230.0,专业技术,,医疗卫生类(E类),3,3,本科及以上,临床医学（100201K）,38周岁以下；学位：学士及以上,,,,,,,,
2026,事业单位,淮南市,市,,,,寿县新桥人民医院（寿县炎刘镇中心卫生院）,708231.0,专业技术,,医疗卫生类(E类),3,1,本科及以上,康复治疗学（101005）,38周岁以下；学位：学士及以上,,,,,,,,
2026,事业单位,淮南市,市,,,,寿县新桥人民医院（寿县炎刘镇中心卫生院）,708232.0,专业技术,,医疗卫生类(E类),3,1,本科及以上,针灸推拿学（100502K）,38周岁以下；学位：学士及以上,,,,,,,,
2026,事业单位,淮南市,市,,,,寿县新桥人民医院（寿县炎刘镇中心卫生院）,708233.0,专业技术,,医疗卫生类(E类),3,1,本科及以上,医学影像学（100203TK）,38周岁以下；学位：学士及以上,,,,,,,,
2026,事业单位,淮南市,市,,,,寿县新桥人民医院（寿县炎刘镇中心卫生院）,708234.0,专业技术,,医疗卫生类(E类),3,1,本科及以上,护理学（101101）,38周岁以下；学位：学士及以上,,,,,,,,
2026,事业单位,淮南市,市,,,,寿县木北灌区管理所,708162.0,专业技术,,自然科学专技类(C类),3,1,本科及以上,水利水电工程（081101）,38周岁以下；学位：学士及以上；从事水利水电技术指导、工程管理等工作，多在工地一线。,,,,,,,,
2026,事业单位,淮南市,市,,,,寿县板桥镇卫生院,708211.0,专业技术,,医疗卫生类(E类),3,1,大专及以上,临床医学(620101K),38周岁以下,,,,,,,,
2026,事业单位,淮南市,市,,,,寿县板桥镇经济发展服务中心,708182.0,专业技术,,社会科学专技类(B类),3,1,本科及以上,会计学（120203K）、审计学（120207）,38周岁以下；学位：学士及以上,,,,,,,,
2026,事业单位,淮南市,市,,,,寿县板桥镇综合行政执法大队,708181.0,专业技术,,自然科学专技类(C类),3,1,本科及以上,林学类（0905）、自然保护与环境生态类（0902）,38周岁以下；学位：学士及以上,,,,,,,,
2026,事业单位,淮南市,市,,,,寿县林业科技推广中心,708151.0,专业技术,,自然科学专技类(C类),3,1,本科及以上,林学类（0905）,38周岁以下；学位：学士及以上,,,,,,,,
2026,事业单位,淮南市,市,,,,寿县正阳关自然资源和规划管理中心所,708153.0,管理,,综合管理类(A类),3,1,本科及以上,地理科学类（0705）、林学类（0905）、土地资源管理（120404）,38周岁以下；学位：学士及以上,,,,,,,,
2026,事业单位,淮南市,市,,,,寿县正阳关镇中心卫生院,708222.0,专业技术,,医疗卫生类(E类),3,1,大专及以上,中医学（620103K）,38周岁以下,,,,,,,,
2026,事业单位,淮南市,市,,,,寿县正阳关镇经济发展服务中心,708177.0,管理,,综合管理类(A类),3,1,本科及以上,农业经济管理类（1203）,38周岁以下；学位：学士及以上,,,,,,,,
2026,事业单位,淮南市,市,,,,寿县正阳关镇综合行政执法大队,708176.0,专业技术,,社会科学专技类(B类),3,1,本科及以上,法学类（0301）,38周岁以下；学位：学士及以上；定向招聘“服务基层项目”人员,,,,,,,,
2026,事业单位,淮南市,市,,,,寿县涧沟镇综合行政执法大队,708175.0,管理,,综合管理类(A类),3,1,本科及以上,学科门类：经济学（02）,38周岁以下；学位：学士及以上,,,,,,,,
2026,事业单位,淮南市,市,,,,寿县炎刘镇为民服务中心,708197.0,专业技术,,社会科学专技类(B类),3,1,本科及以上,中国语言文学类（0501）,38周岁以下；学位：学士及以上,,,,,,,,
2026,事业单位,淮南市,市,,,,寿县瓦埠镇中心卫生院,708219.0,专业技术,,医疗卫生类(E类),3,1,本科及以上,中医学（100501K）,38周岁以下；具有执业（助理）医师资格证,,,,,,,,
2026,事业单位,淮南市,市,,,,寿县瓦埠镇为民服务中心,708202.0,专业技术,,社会科学专技类(B类),3,1,本科及以上,会计学（120203K）、财务管理（120204）,38周岁以下；学位：学士及以上,,,,,,,,
2026,事业单位,淮南市,市,,,,寿县瓦埠镇综合行政执法大队,708203.0,管理,,综合管理类(A类),3,1,本科及以上,会计学（120203K）、财务管理（120204）,38周岁以下；学位：学士及以上,,,,,,,,
2026,事业单位,淮南市,市,,,,寿县瓦西灌区管理所,708161.0,专业技术,,自然科学专技类(C类),3,1,本科及以上,水利水电工程（081101）,38周岁以下；学位：学士及以上；从事水利水电技术指导、工程管理等工作，多在工地一线。,,,,,,,,
2026,事业单位,淮南市,市,,,,寿县疾病预防控制中心,708206.0,专业技术,,医疗卫生类(E类),3,2,本科及以上,预防医学（100401K）,38周岁以下；学位：学士及以上,,,,,,,,
2026,事业单位,淮南市,市,,,,寿县经济开发区北区服务中心,708172.0,管理,,综合管理类(A类),3,1,本科及以上,城乡规划（082802）、学科门类：经济学（02）,38周岁以下；学位：学士及以上,,,,,,,,
2026,事业单位,淮南市,市,,,,寿县统计局普查中心,708166.0,管理,,综合管理类(A类),3,1,本科及以上,计算机类（0809）,38周岁以下；学位：学士及以上；需经常出差、加班,,,,,,,,
2026,事业单位,淮南市,市,,,,寿县老干部中心活动室,708145.0,管理,,综合管理类(A类),3,1,本科及以上,学科门类：管理学(12)、哲学(010101)、法学(030101K),38周岁以下；学位：学士及以上,,,,,,,,
2026,事业单位,淮南市,市,,,,寿县自然资源确权登记中心,708150.0,专业技术,,自然科学专技类(C类),3,1,本科及以上,地理科学类（0705）、测绘工程（081201）,38周岁以下；学位：学士及以上,,,,,,,,
2026,事业单位,淮南市,市,,,,寿县茶庵镇为民服务中心,708194.0,管理,,综合管理类(A类),3,1,本科及以上,会计学（120203K）,38周岁以下；学位：学士及以上,,,,,,,,
2026,事业单位,淮南市,市,,,,寿县茶庵镇卫生院,708214.0,专业技术,,医疗卫生类(E类),3,1,本科及以上,护理学（101101）,38周岁以下；学位：学士及以上,,,,,,,,
2026,事业单位,淮南市,市,,,,寿县茶庵镇综合行政执法大队,708193.0,专业技术,,社会科学专技类(B类),3,1,本科及以上,会计学（120203K）,38周岁以下；学位：学士及以上,,,,,,,,
2026,事业单位,淮南市,市,,,,寿县融媒体中心,708141.0,专业技术,,社会科学专技类(B类),3,1,本科及以上,中国语言文学类（0501）、新闻传播学类（0503）,38周岁以下；学位：学士及以上；需加班值守和外出采访,,,,,,,,
2026,事业单位,淮南市,市,,,,寿县融媒体中心,708142.0,专业技术,,自然科学专技类(C类),3,1,本科及以上,信息工程（080706）、信息安全（080904K）、网络空间安全（080911TK）,38周岁以下；学位：学士及以上；需加班值守和外出采访,,,,,,,,
2026,事业单位,淮南市,市,,,,寿县融媒体中心,708143.0,专业技术,,自然科学专技类(C类),3,1,本科及以上,动画（130310）、影视摄影与制作（130311T）,38周岁以下；学位：学士及以上；需加班值守和外出采访,,,,,,,,
2026,事业单位,淮南市,市,,,,寿县迎河自然资源和规划管理中心所,708152.0,管理,,综合管理类(A类),3,1,本科及以上,地理科学类（0705）、林学类（0905）、土地资源管理（120404）,38周岁以下；学位：学士及以上,,,,,,,,
2026,事业单位,淮南市,市,,,,寿县迎河镇中心卫生院,708223.0,专业技术,,医疗卫生类(E类),3,1,本科及以上,药学（100701）,38周岁以下；学位：学士及以上,,,,,,,,
2026,事业单位,淮南市,市,,,,寿县迎河镇中心卫生院,708224.0,专业技术,,医疗卫生类(E类),3,1,本科及以上,临床医学（100201K）,38周岁以下；具有主治医师职称，年龄可放宽至40周岁。,,,,,,,,
2026,事业单位,淮南市,市,,,,寿县迎河镇中心卫生院,708225.0,专业技术,,医疗卫生类(E类),3,1,本科及以上,医学检验技术（101001）,38周岁以下,,,,,,,,
2026,事业单位,淮南市,市,,,,寿县迎河镇中心卫生院,708226.0,专业技术,,医疗卫生类(E类),3,1,本科及以上,康复治疗学（101005）,38周岁以下,,,,,,,,
2026,事业单位,淮南市,市,,,,寿县迎河镇中心卫生院,708227.0,专业技术,,医疗卫生类(E类),3,1,本科及以上,临床医学（100201K）,38周岁以下；具有执业（助理）医师资格证,,,,,,,,
2026,事业单位,淮南市,市,,,,寿县迎河镇经济发展服务中心,708179.0,专业技术,,社会科学专技类(B类),3,2,本科及以上,会计学（120203K）、财务管理（120204）,38周岁以下；学位：学士及以上,,,,,,,,
2026,事业单位,淮南市,市,,,,寿县迎河镇综合行政执法大队,708178.0,专业技术,,社会科学专技类(B类),3,1,本科及以上,法学类（0301）、学科门类：管理学（12）,38周岁以下；学位：学士及以上,,,,,,,,
2026,事业单位,淮南市,市,,,,寿县重点工程建设管理中心,708139.0,专业技术,,社会科学专技类(B类),3,1,本科及以上,会计学（120203K）、财务管理（120204）,38周岁以下；学位：学士及以上,,,,,,,,
2026,事业单位,淮南市,市,,,,寿县陶店回族乡为民服务中心,708187.0,专业技术,,社会科学专技类(B类),3,1,本科及以上,财务管理（120204）,38周岁以下；学位：学士及以上,,,,,,,,
2026,事业单位,淮南市,市,,,,寿县陶店回族乡综合行政执法大队,708186.0,管理,,综合管理类(A类),3,1,本科及以上,法学类（0301）,38周岁以下；学位：学士及以上；定向招聘“服务基层项目”人员,,,,,,,,
2026,事业单位,淮南市,市,,,,寿县隐贤镇卫生院,708228.0,专业技术,,医疗卫生类(E类),3,1,大专及以上,临床医学（620101K）,38周岁以下；具有主治医师职称，年龄可放宽至40周岁。,,,,,,,,
2026,事业单位,淮南市,市,,,,寿县隐贤镇经济发展服务中心,708192.0,专业技术,,社会科学专技类(B类),3,1,本科及以上,会计学（120203K）、财务管理（120204）、金融学（020301K）,38周岁以下；学位：学士及以上,,,,,,,,
2026,事业单位,淮南市,市,,,,毛集镇为民服务中心（退役军人服务站）,706061.0,专业技术,,自然科学专技类(C类),3,1,本科及以上,土木工程（081001）,38周岁以下,,,,,,,,
2026,事业单位,淮南市,市,,,,毛集镇农业农村服务中心,706062.0,专业技术,,自然科学专技类(C类),3,1,本科及以上,学科门类：农学（09）,38周岁以下,,,,,,,,
2026,事业单位,淮南市,市,,,,淮南市中医院,701015.0,专业技术,,医疗卫生类(E类),3,1,本科及以上,临床医学（100201K）,40周岁以下；学位：学士及以上；具有执业医师资格证，执业范围为外科学。具有中级职称且具有三级医院骨科一年以上工作经历。,,,,,,,,
2026,事业单位,淮南市,市,,,,淮南市中医院,701016.0,专业技术,,医疗卫生类(E类),3,1,本科及以上,临床医学（100201K）,40周岁以下；学位：学士及以上；具有执业医师资格证，执业范围为外科学。具有中级职称且具有三级医院普外科方向一年以上工作经历。,,,,,,,,
2026,事业单位,淮南市,市,,,,淮南市中医院,701017.0,专业技术,,医疗卫生类(E类),3,1,本科及以上,临床医学（100201K）,40周岁以下；学位：学士及以上；具有执业医师资格证，执业范围为内科学。具有中级职称且具有三级医院神经内科一年以上工作经历。,,,,,,,,
2026,事业单位,淮南市,市,,,,淮南市中医院,701018.0,专业技术,,医疗卫生类(E类),3,1,本科及以上,临床医学（100201K),40周岁以下；学位：学士及以上；具有执业医师资格证，执业范围为内科学。具有中级职称且具有三级医院心内科方向一年以上工作经历。,,,,,,,,
2026,事业单位,淮南市,市,,,,淮南市中医院,701019.0,专业技术,,医疗卫生类(E类),3,1,本科及以上,临床医学类（1002）,40周岁以下；学位：学士及以上；具有执业医师资格证，执业范围为内科学。具有中级职称，需持有血液透析岗位培训合格证书、三级医院透析或血透中心进修合格证书。,,,,,,,,
2026,事业单位,淮南市,市,,,,淮南市中医院,701020.0,专业技术,,医疗卫生类(E类),3,1,本科及以上,医学影像学（100203TK）,40周岁以下；学位：学士及以上；具有执业医师资格证，执业范围为医学影像和放射治疗，取得中级医师资格证。,,,,,,,,
2026,事业单位,淮南市,市,,,,淮南市中医院,701021.0,专业技术,,医疗卫生类(E类),3,1,本科及以上,临床医学（100201K）,40周岁以下；学位：学士及以上；具有执业医师资格证，具有中级职称，需持有相应介入资格证，具有三级医院介入科一年以上工作经历。,,,,,,,,
2026,事业单位,淮南市,市,,,,淮南市中医院,701022.0,专业技术,,医疗卫生类(E类),3,1,本科及以上,临床医学（100201K）,40周岁以下；学位：学士及以上；具有执业医师资格证，具有中级职称和三级医院病理科一年以上工作经历。,,,,,,,,
2026,事业单位,淮南市,市,,,,淮南市人大预算联网监督服务中心（淮南市人大常委会机关信息中心）,701002.0,专业技术,,社会科学专技类(B类),3,1,本科及以上,经济学（020101）、金融学（020301K）、会计学（120203K）,38周岁以下；学位：学士及以上；具有两年以上工作经历,,,,,,,,
2026,事业单位,淮南市,市,,,,淮南市人才综合服务中心（淮南市公共就业服务中心）,701003.0,管理,,综合管理类(A类),3,1,本科及以上,不限,38周岁以下；学位：学士及以上,,,,,,,,
2026,事业单位,淮南市,市,,,,淮南市八公山区农业综合行政执法大队,704031.0,管理,,综合管理类(A类),3,1,本科及以上,法学（030101K）,38周岁以下；学位：学士及以上,,,,,,,,
2026,事业单位,淮南市,市,,,,淮南市八公山区农业综合行政执法大队,704032.0,管理,,综合管理类(A类),3,1,本科及以上,不限,38周岁以下；学位：学士及以上,,,,,,,,
2026,事业单位,淮南市,市,,,,淮南市八公山区应急管理综合行政执法大队,704033.0,管理,,综合管理类(A类),3,1,本科及以上,"计算机类（0809）、
安全科学与工程类（0829）",38周岁以下；学位：学士及以上,,,,,,,,
2026,事业单位,淮南市,市,,,,淮南市凤台县生态环境监测站,701006.0,专业技术,,自然科学专技类(C类),3,1,本科及以上,环境科学与工程类（0825）、化学类（0703）,38周岁以下；学位：学士及以上,,,,,,,,
2026,事业单位,淮南市,市,,,,淮南市医疗保障基金安全监测中心（淮南市医疗保障权益管理中心）,701025.0,专业技术,,自然科学专技类(C类),3,1,本科及以上,计算机类（0809）,38周岁以下；学位：学士及以上,,,,,,,,
2026,事业单位,淮南市,市,,,,淮南市城乡居民基本养老保险管理中心,701004.0,管理,,综合管理类(A类),3,1,本科及以上,财务管理（120204）、会计学（120203K）,38周岁以下；学位：学士及以上,,,,,,,,
2026,事业单位,淮南市,市,,,,淮南市大通区应急管理综合行政执法大队,702027.0,管理,,综合管理类(A类),3,1,本科及以上,不限,38周岁以下；具有中国民用航空局颁发的视距内及以上等级无人机驾驶员执照,,,,,,,,
2026,事业单位,淮南市,市,,,,淮南市大通区应急管理综合行政执法大队,702028.0,管理,,综合管理类(A类),3,1,本科及以上,计算机科学与技术（080901）,38周岁以下；该岗位工作强度较大，需要24小时值班，建议男性报考。,,,,,,,,
2026,事业单位,淮南市,市,,,,淮南市妇幼保健院（淮南市第六人民医院）,701012.0,专业技术,,社会科学专技类(B类),3,1,本科及以上,会计学（120203K）、财务管理（120204）,40周岁以下；学位：学士及以上；具有中级会计师资格,,,,,,,,
2026,事业单位,淮南市,市,,,,淮南市妇幼保健院（淮南市第六人民医院）,701013.0,专业技术,,自然科学专技类(C类),3,1,本科及以上,计算机科学与技术（080901）、网络工程（080903）、信息安全（080904K）,38周岁以下；学位：学士及以上；具有二级及以上医院网络信息中心两年以上工作经历,,,,,,,,
2026,事业单位,淮南市,市,,,,淮南市妇幼保健院（淮南市第六人民医院）,701014.0,专业技术,,医疗卫生类(E类),3,1,本科及以上,口腔医学（100301K）,40周岁以下；学位：学士及以上；具有口腔医学中级专业技术资格，执业方向为口腔。,,,,,,,,
2026,事业单位,淮南市,市,,,,淮南市市场建设服务中心,701026.0,管理,,综合管理类(A类),3,1,本科及以上,汉语言文学（050101）、汉语言（050102）,38周岁以下；学位：学士及以上,,,,,,,,
2026,事业单位,淮南市,市,,,,淮南市文化旅游发展中心,701008.0,专业技术,,社会科学专技类(B类),3,1,本科及以上,会计学（120203K）、金融学（020301K）,38周岁以下；学位：学士及以上；具有初级会计师资格,,,,,,,,
2026,事业单位,淮南市,市,,,,淮南市新兴产业发展促进中心,701024.0,专业技术,,社会科学专技类(B类),3,1,本科及以上,会计学（120203K）、财务管理（120204）、审计学（120207）,38周岁以下；学位：学士及以上,,,,,,,,
2026,事业单位,淮南市,市,,,,淮南市消费者权益保护委员会秘书处,701023.0,管理,,综合管理类(A类),3,1,大专及以上,不限,40周岁以下；定向招聘驻淮部队随军家属。烈士遗属、因公牺牲军人遗属，战时荣立二等功（平时一等功）以上功勋荣誉表彰、在抢险救灾和处置突发事件等急难险重任务中受到省部级以上表彰、中校副团以上（含中校副团）军人的随军家属可放宽至45周岁。,,,,,,,,
2026,事业单位,淮南市,市,,,,淮南市精神病医院（淮南市第四人民医院）,701011.0,专业技术,,医疗卫生类(E类),3,2,本科及以上,精神医学(100205TK),38周岁以下；学位：学士及以上；具有执业医师资格证，执业范围为精神卫生专业。,,,,,,,,
2026,事业单位,淮南市,市,,,,淮南市统计局普查中心（淮南市民情民意调查办公室）,701005.0,专业技术,,社会科学专技类(B类),3,1,本科及以上,学科门类：经济学（02）,38周岁以下；学位：学士及以上,,,,,,,,
2026,事业单位,淮南市,市,,,,淮南市谢家集区农业综合行政执法大队,703029.0,专业技术,,自然科学专技类(C类),3,1,本科及以上,植物生产类（0901）、水产类（0906）,38周岁以下；学位：学士及以上,,,,,,,,
2026,事业单位,淮南市,市,,,,淮南市谢家集区应急管理综合行政执法大队,703030.0,专业技术,,自然科学专技类(C类),3,1,本科及以上,安全科学与工程类（0829）、水利类（0811）,38周岁以下,,,,,,,,
2026,事业单位,淮南市,市,,,,淮南武王墩考古遗址公园管理委员会（安徽楚文化研究院、淮南市考古研究和文物保护中心）,701007.0,专业技术,,社会科学专技类(B类),3,1,本科及以上,会计学（120203K）、财务管理（120204）,38周岁以下；学位：学士及以上,,,,,,,,
2026,事业单位,淮南市,市,,,,潘集区乡镇水利站,705042.0,管理,,综合管理类(A类),3,2,本科及以上,不限,38周岁以下,,,,,,,,
2026,事业单位,淮南市,市,,,,潘集区人才综合服务中心,705035.0,专业技术,,社会科学专技类(B类),3,1,本科及以上,会计学（120203K）、财务管理（120204）,38周岁以下,,,,,,,,
2026,事业单位,淮南市,市,,,,潘集区农业技术推广中心,705038.0,专业技术,,自然科学专技类(C类),3,1,本科及以上,植物保护（090103）、农学（090101）,38周岁以下；学位：学士及以上；经常性加班且经常外出开展户外工作,,,,,,,,
2026,事业单位,淮南市,市,,,,潘集区农业技术推广中心,705039.0,专业技术,,自然科学专技类(C类),3,1,本科及以上,种子科学与工程（090105）、园艺（090102）,38周岁以下；学位：学士及以上；经常性加班且经常外出开展户外工作,,,,,,,,
2026,事业单位,淮南市,市,,,,潘集区农业综合行政执法大队,705040.0,专业技术,,自然科学专技类(C类),3,1,本科及以上,动物医学（090401）,38周岁以下；学位：学士及以上,,,,,,,,
2026,事业单位,淮南市,市,,,,潘集区区域内自然资源和规划所,701009.0,管理,,综合管理类(A类),3,1,本科及以上,土地资源管理（120404）、城乡规划（082802）、测绘工程（081201）,38周岁以下；学位：学士及以上,,,,,,,,
2026,事业单位,淮南市,市,,,,潘集区古沟回族乡所属事业单位,705054.0,管理,,综合管理类(A类),3,1,大专及以上,专科：计算机类（6102）、本科：计算机类（0809）,38周岁以下,,,,,,,,
2026,事业单位,淮南市,市,,,,潘集区夹沟镇所属事业单位,705059.0,专业技术,,社会科学专技类(B类),3,1,本科及以上,会计学（120203K）,38周岁以下；学位：学士及以上,,,,,,,,
2026,事业单位,淮南市,市,,,,潘集区妇幼保健计划生育服务中心,705044.0,专业技术,,医疗卫生类(E类),3,1,本科及以上,临床医学（100201K）,38周岁以下；学位：学士及以上,,,,,,,,
2026,事业单位,淮南市,市,,,,潘集区平圩镇卫生院,705050.0,专业技术,,医疗卫生类(E类),3,1,大专及以上,临床医学（620101K）,38周岁以下；具有执业助理医师资格,,,,,,,,
2026,事业单位,淮南市,市,,,,潘集区平圩镇卫生院,705051.0,专业技术,,医疗卫生类(E类),3,1,大专及以上,医学影像技术（620403）,38周岁以下；具有放射医学技术资格,,,,,,,,
2026,事业单位,淮南市,市,,,,潘集区平圩镇所属事业单位,705055.0,管理,,综合管理类(A类),3,1,本科及以上,不限,38周岁以下；学位：学士及以上,,,,,,,,
2026,事业单位,淮南市,市,,,,潘集区平圩镇所属事业单位,705056.0,专业技术,,社会科学专技类(B类),3,1,本科及以上,会计学（120203K）、财务管理（120204）、财政学（020201K）,38周岁以下；学位：学士及以上,,,,,,,,
2026,事业单位,淮南市,市,,,,潘集区应急管理综合行政执法大队,705041.0,专业技术,,社会科学专技类(B类),3,1,本科及以上,汉语言文学（050101）、经济学类（0201）、法学（030101K）,38周岁以下,,,,,,,,
2026,事业单位,淮南市,市,,,,潘集区房地产管理所,705036.0,管理,,综合管理类(A类),3,1,大专及以上,不限,38周岁以下,,,,,,,,
2026,事业单位,淮南市,市,,,,潘集区房地产管理所,705037.0,专业技术,,自然科学专技类(C类),3,1,大专及以上,专科：土建施工类（5403）、本科：土木类（0810）,38周岁以下,,,,,,,,
2026,事业单位,淮南市,市,,,,潘集区教育教研室,705034.0,专业技术,,自然科学专技类(C类),3,1,研究生及以上,数学（0701）、物理学（0702）,38周岁以下；学位：硕士及以上；具有相应教师资格证,,,,,,,,
2026,事业单位,淮南市,市,,,,潘集区架河镇卫生院,705046.0,专业技术,,医疗卫生类(E类),3,1,大专及以上,中医学（620103K）,38周岁以下；具有中医执业助理医师资格,,,,,,,,
2026,事业单位,淮南市,市,,,,潘集区架河镇所属事业单位,705057.0,专业技术,,自然科学专技类(C类),3,1,本科及以上,土木工程（081001）,38周岁以下,,,,,,,,
2026,事业单位,淮南市,市,,,,潘集区泥河中心卫生院,705047.0,专业技术,,医疗卫生类(E类),3,1,大专及以上,临床医学（620101K）,38周岁以下；具有执业助理医师资格,,,,,,,,
2026,事业单位,淮南市,市,,,,潘集区潘集中心卫生院,705048.0,专业技术,,医疗卫生类(E类),3,1,大专及以上,临床医学（620101K）,38周岁以下；具有执业助理医师资格,,,,,,,,
2026,事业单位,淮南市,市,,,,潘集区田集街道社区卫生服务中心,705053.0,专业技术,,医疗卫生类(E类),3,1,本科及以上,医学检验技术（101001）,38周岁以下；学位：学士及以上；具有临床检验初级师及以上职称,,,,,,,,
2026,事业单位,淮南市,市,,,,潘集区疾病预防控制中心,705045.0,专业技术,,医疗卫生类(E类),3,1,本科及以上,预防医学（100401K）,38周岁以下；学位：学士及以上,,,,,,,,
2026,事业单位,淮南市,市,,,,潘集区芦集镇卫生院,705052.0,专业技术,,医疗卫生类(E类),3,1,大专及以上,中医学（620103K）,38周岁以下；具有中医执业助理医师资格,,,,,,,,
2026,事业单位,淮南市,市,,,,潘集区芦集镇所属事业单位,705058.0,专业技术,,社会科学专技类(B类),3,1,本科及以上,会计学（120203K）、财务管理（120204）,38周岁以下；学位：学士及以上,,,,,,,,
2026,事业单位,淮南市,市,,,,潘集区财政国库支付中心,705043.0,专业技术,,社会科学专技类(B类),3,1,本科及以上,财务管理（120204）,38周岁以下,,,,,,,,
2026,事业单位,淮南市,市,,,,潘集区贺疃镇卫生院,705049.0,专业技术,,医疗卫生类(E类),3,1,大专及以上,临床医学（620101K）,38周岁以下；具有执业助理医师资格,,,,,,,,
2026,事业单位,淮南市,市,,,,潘集区贺疃镇所属事业单位,705060.0,专业技术,,自然科学专技类(C类),3,1,大专及以上,计算机类（6102）、电子信息类（6101）,38周岁以下；定向招聘“服务基层项目”人员,,,,,,,,
2026,事业单位,淮南市,市,,,,焦岗湖镇平安法治服务中心,706063.0,专业技术,,社会科学专技类(B类),3,1,本科及以上,法学（030101K）、汉语言文学（050101）、会计学（120203K）,38周岁以下；学位：学士及以上,,,,,,,,
2026,事业单位,淮南市,市,,,,焦岗湖镇综合行政执法大队,706064.0,专业技术,,自然科学专技类(C类),3,1,本科及以上,城乡规划（082802）、农业资源与环境（090201）、土地资源管理（120404）,38周岁以下；学位：学士及以上,,,,,,,,
2026,事业单位,淮南市,市,,,,谢家集区区域内自然资源和规划所,701010.0,管理,,综合管理类(A类),3,1,本科及以上,土地资源管理（120404）、城乡规划（082802）、测绘工程（081201）,38周岁以下；学位：学士及以上,,,,,,,,
2026,事业单位,滁州市,市,,,,中共南谯区委党校（区行政学校）,803001.0,专业技术,,,3,1,,,,,,,,,,,
2026,事业单位,滁州市,市,,,,中共滁州市委党校（滁州市行政学院）,801064.0,"专业
技术",,,3,1,,,,,,,,,,,
2026,事业单位,滁州市,市,,,,中共琅琊区委组织部党员教育中心,802001.0,管理,,,3,1,,,,,,,,,,,
2026,事业单位,滁州市,市,,,,南谯区乡村振兴促进中心,803011.0,专业技术,,,3,1,,,,,,,,,,,
2026,事业单位,滁州市,市,,,,南谯区农业农村技术推广中心（南谯区农业人才教育培训中心、安徽省农业广播电视学校滁州市南谯区分校）,803012.0,专业技术,从事田间作业，经常加班，适合男性,,3,1,,,,,,,,,,,
2026,事业单位,滁州市,市,,,,南谯区农业综合行政执法大队,803009.0,专业技术,一线户外执法，经常加班、夜班，适合男性,,3,1,,,,,,,,,,,
2026,事业单位,滁州市,市,,,,南谯区农业综合行政执法大队,803010.0,专业技术,一线户外执法，经常加班、夜班，适合男性,,3,1,,,,,,,,,,,
2026,事业单位,滁州市,市,,,,南谯区国库支付中心,803002.0,专业技术,,,3,1,,,,,,,,,,,
2026,事业单位,滁州市,市,,,,南谯区城市管理综合行政执法大队,803013.0,管理,一线执法，经常加班、夜班，适合男性,,3,2,,,,,,,,,,,
2026,事业单位,滁州市,市,,,,南谯区城市管理综合行政执法大队,803014.0,管理,一线执法，经常加班、夜班，适合男性,,3,1,,,,,,,,,,,
2026,事业单位,滁州市,市,,,,南谯区城市管理综合行政执法大队,803015.0,专业技术,一线执法，经常加班、夜班，适合男性,,3,1,,,,,,,,,,,
2026,事业单位,滁州市,市,,,,南谯区妇幼保健计划生育服务中心,803019.0,专业技术,,,3,1,,,,,,,,,,,
2026,事业单位,滁州市,市,,,,南谯区妇幼保健计划生育服务中心,803020.0,专业技术,,,3,1,,,,,,,,,,,
2026,事业单位,滁州市,市,,,,南谯区建设工程消防服务中心,803007.0,专业技术,,,3,1,,,,,,,,,,,
2026,事业单位,滁州市,市,,,,南谯区建设工程质量安全管理站,803006.0,专业技术,,,3,1,,,,,,,,,,,
2026,事业单位,滁州市,市,,,,南谯区招商服务中心,803016.0,管理,,,3,1,,,,,,,,,,,
2026,事业单位,滁州市,市,,,,南谯区水资源管理所,803018.0,专业技术,,,3,1,,,,,,,,,,,
2026,事业单位,滁州市,市,,,,南谯区法律援助中心,803017.0,专业技术,,,3,1,,,,,,,,,,,
2026,事业单位,滁州市,市,,,,南谯区疾病预防控制中心（区卫生监督所）,803021.0,专业技术,从事传染病防控及夜间值班，适合男性,,3,2,,,,,,,,,,,
2026,事业单位,滁州市,市,,,,南谯区社会养老保险中心,803003.0,专业技术,,,3,1,,,,,,,,,,,
2026,事业单位,滁州市,市,,,,南谯区重点工程建设管理处,803008.0,专业技术,,,3,1,,,,,,,,,,,
2026,事业单位,滁州市,市,,,,南谯区食品安全服务中心,803004.0,管理,,,3,1,,,,,,,,,,,
2026,事业单位,滁州市,市,,,,南谯区食品安全服务中心,803005.0,专业技术,,,3,1,,,,,,,,,,,
2026,事业单位,滁州市,市,,,,大王街道社区卫生服务中心,803027.0,专业技术,,,3,1,,,,,,,,,,,
2026,事业单位,滁州市,市,,,,滁州市三界国有林场,801053.0,专业技术,,,3,1,,,,,,,,,,,
2026,事业单位,滁州市,市,,,,滁州市交通运输综合行政执法支队,801029.0,"专业
技术",,,3,1,,,,,,,,,,,
2026,事业单位,滁州市,市,,,,滁州市交通运输综合行政执法支队,801030.0,"专业
技术",,,3,1,,,,,,,,,,,
2026,事业单位,滁州市,市,,,,滁州市交通运输综合行政执法支队,801031.0,管理,定向招聘“服务基层项目”人员、“退役士兵”,,3,1,,,,,,,,,,,
2026,事业单位,滁州市,市,,,,滁州市人民政府驻上海联络处,801002.0,管理,,,3,1,,,,,,,,,,,
2026,事业单位,滁州市,市,,,,滁州市企业服务中心,801063.0,专业技术,,,3,1,,,,,,,,,,,
2026,事业单位,滁州市,市,,,,滁州市住房公积金管理中心,801060.0,管理,,,3,1,,,,,,,,,,,
2026,事业单位,滁州市,市,,,,滁州市住房公积金管理中心,801061.0,"专业
技术",,,3,1,,,,,,,,,,,
2026,事业单位,滁州市,市,,,,滁州市住房公积金管理中心天长分中心,801062.0,"专业
技术",,,3,1,,,,,,,,,,,
2026,事业单位,滁州市,市,,,,滁州市体育场,801004.0,"专业
技术",,,3,1,,,,,,,,,,,
2026,事业单位,滁州市,市,,,,滁州市全椒县生态环境监测站,801017.0,"专业
技术",,,3,1,,,,,,,,,,,
2026,事业单位,滁州市,市,,,,滁州市公路管理服务中心,801027.0,管理,,,3,1,,,,,,,,,,,
2026,事业单位,滁州市,市,,,,滁州市公路管理服务中心,801028.0,"专业
技术",,,3,1,,,,,,,,,,,
2026,事业单位,滁州市,市,,,,滁州市农业农村技术推广中心,801032.0,"专业
技术",,,3,1,,,,,,,,,,,
2026,事业单位,滁州市,市,,,,滁州市农业机械化技术推广站,801033.0,"专业
技术",,,3,1,,,,,,,,,,,
2026,事业单位,滁州市,市,,,,滁州市博物馆,801037.0,"专业
技术",,,3,1,,,,,,,,,,,
2026,事业单位,滁州市,市,,,,滁州市合法性审查研究中心,801008.0,"专业
技术",,,3,1,,,,,,,,,,,
2026,事业单位,滁州市,市,,,,滁州市园林景观管理中心,801057.0,专业技术,,,3,1,,,,,,,,,,,
2026,事业单位,滁州市,市,,,,滁州市国有林发展中心（滁州市森林公园保护与发展中心）,801049.0,专业技术,,,3,1,,,,,,,,,,,
2026,事业单位,滁州市,市,,,,滁州市地方海事（港航）管理服务中心,801024.0,管理,,,3,1,,,,,,,,,,,
2026,事业单位,滁州市,市,,,,滁州市地方海事（港航）管理服务中心,801025.0,"专业
技术",,,3,1,,,,,,,,,,,
2026,事业单位,滁州市,市,,,,滁州市城市建设档案馆（滁州市住房和城乡建设信息中心、滁州市城市生命线工程安全运行监测中心）,801023.0,管理,,,3,1,,,,,,,,,,,
2026,事业单位,滁州市,市,,,,滁州市城市照明管理中心,801058.0,专业技术,,,3,1,,,,,,,,,,,
2026,事业单位,滁州市,市,,,,滁州市城市规划编制研究中心（滁州市自然资源和规划局信息中心）,801013.0,"专业
技术",,,3,1,,,,,,,,,,,
2026,事业单位,滁州市,市,,,,滁州市妇幼保健计划生育服务中心（滁州市妇幼保健院）,801039.0,"专业
技术",,,3,1,,,,,,,,,,,
2026,事业单位,滁州市,市,,,,滁州市妇幼保健计划生育服务中心（滁州市妇幼保健院）,801040.0,"专业
技术",,,3,1,,,,,,,,,,,
2026,事业单位,滁州市,市,,,,滁州市工业节能监测中心,801005.0,"专业
技术",,,3,1,,,,,,,,,,,
2026,事业单位,滁州市,市,,,,滁州市市场监管综合行政执法支队,801046.0,管理,定向招聘“服务基层项目”人员、“退役士兵”,,3,1,,,,,,,,,,,
2026,事业单位,滁州市,市,,,,滁州市市场监管综合行政执法支队,801047.0,专业技术,,,3,1,,,,,,,,,,,
2026,事业单位,滁州市,市,,,,滁州市市场监管综合行政执法支队,801048.0,专业技术,,,3,1,,,,,,,,,,,
2026,事业单位,滁州市,市,,,,滁州市市政设施管理中心,801059.0,专业技术,,,3,1,,,,,,,,,,,
2026,事业单位,滁州市,市,,,,滁州市市直机关综合保障服务中心,801055.0,专业技术,,,3,1,,,,,,,,,,,
2026,事业单位,滁州市,市,,,,滁州市应急管理综合服务中心,801041.0,专业技术,,,3,1,,,,,,,,,,,
2026,事业单位,滁州市,市,,,,滁州市房屋征收管理服务中心,801022.0,管理,,,3,1,,,,,,,,,,,
2026,事业单位,滁州市,市,,,,滁州市救助管理站（滁州市未成年人社会保护中心）,801006.0,"专业
技术",,,3,1,,,,,,,,,,,
2026,事业单位,滁州市,市,,,,滁州市教育科学研究院,801003.0,"专业
技术",,,3,1,,,,,,,,,,,
2026,事业单位,滁州市,市,,,,滁州市文化馆,801036.0,管理,,,3,1,,,,,,,,,,,
2026,事业单位,滁州市,市,,,,滁州市明光市生态环境监测站,801021.0,"专业
技术",,,3,2,,,,,,,,,,,
2026,事业单位,滁州市,市,,,,滁州市检验检测院（安徽省药品监督管理局药品核查滁州分中心）,801045.0,专业技术,,,3,1,,,,,,,,,,,
2026,事业单位,滁州市,市,,,,滁州市水利规划技术服务中心,801034.0,"专业
技术",,,3,1,,,,,,,,,,,
2026,事业单位,滁州市,市,,,,滁州市法治建设研究服务中心,801009.0,"专业
技术",,,3,1,,,,,,,,,,,
2026,事业单位,滁州市,市,,,,滁州市法治建设研究服务中心,801010.0,"专业
技术",,,3,1,,,,,,,,,,,
2026,事业单位,滁州市,市,,,,滁州市火化殡仪馆,801007.0,管理,,,3,1,,,,,,,,,,,
2026,事业单位,滁州市,市,,,,滁州市生态环境保护综合行政执法支队,801014.0,"专业
技术",,,3,1,,,,,,,,,,,
2026,事业单位,滁州市,市,,,,滁州市生态环境保护综合行政执法支队,801015.0,管理,,,3,1,,,,,,,,,,,
2026,事业单位,滁州市,市,,,,滁州市生态环境保护综合行政执法支队,801016.0,管理,,,3,1,,,,,,,,,,,
2026,事业单位,滁州市,市,,,,滁州市生态环境保护综合行政执法支队天长市大队,801018.0,"专业
技术",,,3,1,,,,,,,,,,,
2026,事业单位,滁州市,市,,,,滁州市生态环境保护综合行政执法支队天长市大队,801019.0,管理,,,3,1,,,,,,,,,,,
2026,事业单位,滁州市,市,,,,滁州市生态环境保护综合行政执法支队明光市大队,801020.0,"专业
技术",,,3,1,,,,,,,,,,,
2026,事业单位,滁州市,市,,,,滁州市疾病预防控制中心（滁州市卫生监督所）,801038.0,"专业
技术",,,3,1,,,,,,,,,,,
2026,事业单位,滁州市,市,,,,滁州市白蚁防治所,801035.0,"专业
技术",,,3,1,,,,,,,,,,,
2026,事业单位,滁州市,市,,,,滁州市皇甫山国有林场（滁州市皇甫山国家森林公园、滁州市皇甫山自然保护区）,801050.0,管理,,,3,1,,,,,,,,,,,
2026,事业单位,滁州市,市,,,,滁州市知识产权事业发展中心,801042.0,专业技术,,,3,1,,,,,,,,,,,
2026,事业单位,滁州市,市,,,,滁州市石门山国有林场,801054.0,专业技术,,,3,1,,,,,,,,,,,
2026,事业单位,滁州市,市,,,,滁州市社会治安综合治理中心,801001.0,专业技术,,,3,1,,,,,,,,,,,
2026,事业单位,滁州市,市,,,,滁州市第五人民医院,803022.0,专业技术,,,3,1,,,,,,,,,,,
2026,事业单位,滁州市,市,,,,滁州市第五人民医院,803023.0,专业技术,,,3,1,,,,,,,,,,,
2026,事业单位,滁州市,市,,,,滁州市第五人民医院,803024.0,专业技术,,,3,1,,,,,,,,,,,
2026,事业单位,滁州市,市,,,,滁州市第五人民医院,803025.0,专业技术,,,3,1,,,,,,,,,,,
2026,事业单位,滁州市,市,,,,滁州市第五人民医院,803026.0,专业技术,,,3,1,,,,,,,,,,,
2026,事业单位,滁州市,市,,,,滁州市老嘉山国有林场（安徽老嘉山国家森林公园）,801052.0,专业技术,,,3,1,,,,,,,,,,,
2026,事业单位,滁州市,市,,,,滁州市自然资源和规划局南谯分局珠龙所,801011.0,"专业
技术",,,3,1,,,,,,,,,,,
2026,事业单位,滁州市,市,,,,滁州市自然资源和规划局南谯分局章广所,801012.0,"专业
技术",,,3,1,,,,,,,,,,,
2026,事业单位,滁州市,市,,,,滁州市药品审评查验服务中心,801043.0,专业技术,,,3,1,,,,,,,,,,,
2026,事业单位,滁州市,市,,,,滁州市药品审评查验服务中心,801044.0,专业技术,,,3,1,,,,,,,,,,,
2026,事业单位,滁州市,市,,,,滁州市藕塘国有林场,801051.0,专业技术,,,3,1,,,,,,,,,,,
2026,事业单位,滁州市,市,,,,滁州市道路运输管理服务中心,801026.0,"专业
技术",,,3,1,,,,,,,,,,,
2026,事业单位,滁州市,市,,,,滁州市重点工程建设管理处,801056.0,管理,,,3,1,,,,,,,,,,,
2026,事业单位,滁州市,市,,,,滁州高教科创管理服务中心,803028.0,管理,,,3,1,,,,,,,,,,,
2026,事业单位,滁州市,市,,,,滁州高教科创管理服务中心,803029.0,管理,,,3,1,,,,,,,,,,,
2026,事业单位,滁州市,市,,,,琅琊区企业服务中心,802009.0,专业技术,,,3,1,,,,,,,,,,,
2026,事业单位,滁州市,市,,,,琅琊区农机监理站,802010.0,专业技术,,,3,1,,,,,,,,,,,
2026,事业单位,滁州市,市,,,,琅琊区商务经济服务中心,802007.0,专业技术,,,3,1,,,,,,,,,,,
2026,事业单位,滁州市,市,,,,琅琊区国有资产管理中心,802005.0,专业技术,,,3,1,,,,,,,,,,,
2026,事业单位,滁州市,市,,,,琅琊区政府投资审计中心,802008.0,专业技术,,,3,1,,,,,,,,,,,
2026,事业单位,滁州市,市,,,,琅琊区民族宗教事务服务中心,802004.0,管理,,,3,1,,,,,,,,,,,
2026,事业单位,滁州市,市,,,,琅琊区物业管理服务中心,802006.0,专业技术,,,3,1,,,,,,,,,,,
2026,事业单位,滁州市,市,,,,琅琊区综治中心,802002.0,专业技术,,,3,1,,,,,,,,,,,
2026,事业单位,滁州市,市,,,,琅琊区预算联网监督中心,802003.0,专业技术,,,3,1,,,,,,,,,,,
2026,事业单位,省直,省,,,,《党史纵览》杂志社,3000053.0,专业技术,,,3,2,,,,,,,,,,,
2026,事业单位,省直,省,,,,中国共产主义青年团安徽省团校,3000610.0,专业技术,,,3,1,,,,,,,,,,,
2026,事业单位,省直,省,,,,仁济医院安徽医院,3000418.0,专业技术（中级）,,,3,2,,,,,,,,,,,
2026,事业单位,省直,省,,,,仁济医院安徽医院,3000419.0,专业技术（中级）,,,3,3,,,,,,,,,,,
2026,事业单位,省直,省,,,,仁济医院安徽医院,3000420.0,专业技术（中级）,,,3,2,,,,,,,,,,,
2026,事业单位,省直,省,,,,仁济医院安徽医院,3000421.0,专业技术（中级）,,,3,2,,,,,,,,,,,
2026,事业单位,省直,省,,,,仁济医院安徽医院,3000422.0,专业技术（中级）,,,3,2,,,,,,,,,,,
2026,事业单位,省直,省,,,,仁济医院安徽医院,3000423.0,专业技术（中级）,,,3,2,,,,,,,,,,,
2026,事业单位,省直,省,,,,仁济医院安徽医院,3000424.0,专业技术（中级）,,,3,1,,,,,,,,,,,
2026,事业单位,省直,省,,,,仁济医院安徽医院,3000425.0,专业技术（中级）,,,3,3,,,,,,,,,,,
2026,事业单位,省直,省,,,,仁济医院安徽医院,3000426.0,专业技术（中级）,,,3,2,,,,,,,,,,,
2026,事业单位,省直,省,,,,仁济医院安徽医院,3000427.0,专业技术（中级）,,,3,3,,,,,,,,,,,
2026,事业单位,省直,省,,,,仁济医院安徽医院,3000428.0,专业技术（中级）,,,3,1,,,,,,,,,,,
2026,事业单位,省直,省,,,,仁济医院安徽医院,3000429.0,专业技术（中级）,,,3,1,,,,,,,,,,,
2026,事业单位,省直,省,,,,仁济医院安徽医院,3000430.0,专业技术（中级）,,,3,1,,,,,,,,,,,
2026,事业单位,省直,省,,,,仁济医院安徽医院,3000431.0,专业技术（中级）,,,3,2,,,,,,,,,,,
2026,事业单位,省直,省,,,,仁济医院安徽医院,3000432.0,专业技术,,,3,1,,,,,,,,,,,
2026,事业单位,省直,省,,,,仁济医院安徽医院,3000433.0,专业技术（中级）,,,3,1,,,,,,,,,,,
2026,事业单位,省直,省,,,,仁济医院安徽医院,3000434.0,专业技术,,,3,1,,,,,,,,,,,
2026,事业单位,省直,省,,,,"国家税务总局亳州市税务局
信息中心",3030007.0,专业技术岗位,应届毕业生,,3,1,本科及以上,"本科：计算机科学与技术（080901）、软件工程（080902）、网络工程（080903）、信息安全（080904K）、智能科学与技术（080907T）、数据科学与大数据技术（080910T）
研究生：计算机科学与技术（0812）、软件工程（0835）、网络空间安全（0839）、智能科学与技术（1405）",学位：与最高学历相对应的学位,,,,,,,,
2026,事业单位,省直,省,,,,国家税务总局六安市税务局信息中心,3030017.0,专业技术岗位,应届毕业生,,3,1,本科及以上,"本科：计算机科学与技术（080901）、软件工程（080902）、网络工程（080903）、信息安全（080904K）、智能科学与技术（080907T）、数据科学与大数据技术（080910T）
研究生：计算机科学与技术（0812）、软件工程（0835）、网络空间安全（0839）、智能科学与技术（1405）",学位：与最高学历相对应的学位,,,,,,,,
2026,事业单位,省直,省,,,,国家税务总局六安市税务局机关服务中心,3030018.0,管理岗位,应届毕业生,,3,1,本科及以上,"本科：土木工程（081001）、 建筑电气与智能化（081004）、物业管理（120209）、法学（030101K）
研究生：建筑学（0813）、土木工程（0814）、建筑专业学位（0851）、法学（0301）、法律（0351）",学位：与最高学历相对应的学位,,,,,,,,
2026,事业单位,省直,省,,,,国家税务总局合肥市税务局机关服务中心,3030003.0,专业技术岗位,应届毕业生,,3,1,本科及以上,"本科：土木工程（081001）、 建筑电气与智能化（081004）、物业管理（120209）、法学（030101K）
研究生：建筑学（0813）、土木工程（0814）、建筑专业学位（0851）、法学（0301）、法律（0351）",学位：与最高学历相对应的学位,,,,,,,,
2026,事业单位,省直,省,,,,国家税务总局安庆市税务局纳税服务中心（税收宣传中心）,3030029.0,专业技术岗位,应届毕业生,,3,1,本科及以上,"本科：汉语言文学（050101）、新闻学（050301）、传播学（050304）、影视摄影与制作（130311T）、视觉传达设计（130502）、会计学（120203K）、法学（030101K）、应用心理学（071102）
研究生：法学（0301）、法律（0351）、中国语言文学（0501）、新闻传播学（0503）、新闻与传播（0552）、会计学（120201）、会计（1253）、应用心理（0454）",学位：与最高学历相对应的学位,,,,,,,,
2026,事业单位,省直,省,,,,国家税务总局安徽省税务局信息中心,3030001.0,专业技术岗位,"
1.应届毕业生；
2.本岗位具体从事省税务局信息化专业技术工作，因信息系统运行监控、安全防护和故障处置工作特点，需要不定期开展夜间值守和处置工作。
",,3,5,本科及以上,"本科：计算机科学与技术（080901）、软件工程（080902）、网络工程（080903）、信息安全（080904K）、智能科学与技术（080907T）、数据科学与大数据技术（080910T）
研究生：计算机科学与技术（0812）、软件工程（0835）、网络空间安全（0839）、智能科学与技术（1405）",学位：与最高学历相对应的学位,,,,,,,,
2026,事业单位,省直,省,,,,国家税务总局宣城市税务局机关服务中心,3030024.0,管理岗位,应届毕业生,,3,1,本科及以上,"本科：土木工程（081001）、 建筑电气与智能化（081004）、物业管理（120209）、法学（030101K）
研究生：建筑学（0813）、土木工程（0814）、建筑专业学位（0851）、法学（0301）、法律（0351）",学位：与最高学历相对应的学位,,,,,,,,
2026,事业单位,省直,省,,,,国家税务总局宣城市税务局纳税服务中心(税收宣传中心),3030023.0,管理岗位,应届毕业生,,3,1,本科及以上,"本科：汉语言文学（050101）、新闻学（050301）、传播学（050304）、影视摄影与制作（130311T）、视觉传达设计（130502）、会计学（120203K）、法学（030101K）、应用心理学（071102）
研究生：法学（0301）、法律（0351）、中国语言文学（0501）、新闻传播学（0503）、新闻与传播（0552）、会计学（120201）、会计（1253）、应用心理（0454）",学位：与最高学历相对应的学位,,,,,,,,
2026,事业单位,省直,省,,,,国家税务总局宿州市税务局信息中心,3030009.0,专业技术岗位,应届毕业生,,3,2,本科及以上,"本科：计算机科学与技术（080901）、软件工程（080902）、网络工程（080903）、信息安全（080904K）、智能科学与技术（080907T）、数据科学与大数据技术（080910T）
研究生：计算机科学与技术（0812）、软件工程（0835）、网络空间安全（0839）、智能科学与技术（1405）",学位：与最高学历相对应的学位,,,,,,,,
2026,事业单位,省直,省,,,,国家税务总局宿州市税务局机关服务中心,3030010.0,管理岗位,应届毕业生,,3,1,本科及以上,"本科：土木工程（081001）、 建筑电气与智能化（081004）、物业管理（120209）、法学（030101K）
研究生：建筑学（0813）、土木工程（0814）、建筑专业学位（0851）、法学（0301）、法律（0351）",学位：与最高学历相对应的学位,,,,,,,,
2026,事业单位,省直,省,,,,国家税务总局宿州市税务局纳税服务中心(税收宣传中心),3030008.0,管理岗位,应届毕业生,,3,2,本科及以上,"本科：汉语言文学（050101）、新闻学（050301）、传播学（050304）、影视摄影与制作（130311T）、视觉传达设计（130502）、会计学（120203K）、法学（030101K）、应用心理学（071102）
研究生：法学（0301）、法律（0351）、中国语言文学（0501）、新闻传播学（0503）、新闻与传播（0552）、会计学（120201）、会计（1253）、应用心理（0454）",学位：与最高学历相对应的学位,,,,,,,,
2026,事业单位,省直,省,,,,国家税务总局池州市税务局信息中心,3030027.0,专业技术岗位,应届毕业生,,3,1,本科及以上,"本科：计算机科学与技术（080901）、软件工程（080902）、网络工程（080903）、信息安全（080904K）、智能科学与技术（080907T）、数据科学与大数据技术（080910T）
研究生：计算机科学与技术（0812）、软件工程（0835）、网络空间安全（0839）、智能科学与技术（1405）",学位：与最高学历相对应的学位,,,,,,,,
2026,事业单位,省直,省,,,,国家税务总局池州市税务局机关服务中心,3030028.0,管理岗位,应届毕业生,,3,1,本科及以上,"本科：土木工程（081001）、 建筑电气与智能化（081004）、物业管理（120209）、法学（030101K）
研究生：建筑学（0813）、土木工程（0814）、建筑专业学位（0851）、法学（0301）、法律（0351）",学位：与最高学历相对应的学位,,,,,,,,
2026,事业单位,省直,省,,,,国家税务总局池州市税务局纳税服务中心(税收宣传中心),3030025.0,管理岗位,应届毕业生,,3,1,本科及以上,"本科：汉语言文学（050101）、新闻学（050301）、传播学（050304）、影视摄影与制作（130311T）、视觉传达设计（130502）、会计学（120203K）、法学（030101K）、应用心理学（071102）
研究生：法学（0301）、法律（0351）、中国语言文学（0501）、新闻传播学（0503）、新闻与传播（0552）、会计学（120201）、会计（1253）、应用心理（0454）",学位：与最高学历相对应的学位,,,,,,,,
2026,事业单位,省直,省,,,,国家税务总局池州市税务局纳税服务中心(税收宣传中心),3030026.0,专业技术岗位,应届毕业生,,3,1,本科及以上,"本科：汉语言文学（050101）、新闻学（050301）、传播学（050304）、影视摄影与制作（130311T）、视觉传达设计（130502）、会计学（120203K）、法学（030101K）、应用心理学（071102）
研究生：法学（0301）、法律（0351）、中国语言文学（0501）、新闻传播学（0503）、新闻与传播（0552）、会计学（120201）、会计（1253）、应用心理（0454）",学位：与最高学历相对应的学位,,,,,,,,
2026,事业单位,省直,省,,,,国家税务总局淮北市税务局信息中心,3030005.0,专业技术岗位,应届毕业生,,3,1,本科及以上,"本科：计算机科学与技术（080901）、软件工程（080902）、网络工程（080903）、信息安全（080904K）、智能科学与技术（080907T）、数据科学与大数据技术（080910T）
研究生：计算机科学与技术（0812）、软件工程（0835）、网络空间安全（0839）、智能科学与技术（1405）",学位：与最高学历相对应的学位,,,,,,,,
2026,事业单位,省直,省,,,,国家税务总局淮北市税务局机关服务中心,3030006.0,管理岗位,应届毕业生,,3,1,本科及以上,"本科：土木工程（081001）、 建筑电气与智能化（081004）、物业管理（120209）、法学（030101K）
研究生：建筑学（0813）、土木工程（0814）、建筑专业学位（0851）、法学（0301）、法律（0351）",学位：与最高学历相对应的学位,,,,,,,,
2026,事业单位,省直,省,,,,国家税务总局淮北市税务局纳税服务中心(税收宣传中心),3030004.0,管理岗位,应届毕业生,,3,2,本科及以上,"本科：汉语言文学（050101）、新闻学（050301）、传播学（050304）、影视摄影与制作（130311T）、视觉传达设计（130502）、会计学（120203K）、法学（030101K）、应用心理学（071102）
研究生：法学（0301）、法律（0351）、中国语言文学（0501）、新闻传播学（0503）、新闻与传播（0552）、会计学（120201）、会计（1253）、应用心理（0454）",学位：与最高学历相对应的学位,,,,,,,,
2026,事业单位,省直,省,,,,国家税务总局淮南市税务局纳税服务中心(税收宣传中心),3030015.0,管理岗位,应届毕业生,,3,1,本科及以上,"本科：汉语言文学（050101）、新闻学（050301）、传播学（050304）、影视摄影与制作（130311T）、视觉传达设计（130502）、会计学（120203K）、法学（030101K）、应用心理学（071102）
研究生：法学（0301）、法律（0351）、中国语言文学（0501）、新闻传播学（0503）、新闻与传播（0552）、会计学（120201）、会计（1253）、应用心理（0454）",学位：与最高学历相对应的学位,,,,,,,,
2026,事业单位,省直,省,,,,国家税务总局滁州市税务局信息中心,3030016.0,专业技术岗位,应届毕业生,,3,2,本科及以上,"本科：计算机科学与技术（080901）、软件工程（080902）、网络工程（080903）、信息安全（080904K）、智能科学与技术（080907T）、数据科学与大数据技术（080910T）
研究生：计算机科学与技术（0812）、软件工程（0835）、网络空间安全（0839）、智能科学与技术（1405）",学位：与最高学历相对应的学位,,,,,,,,
2026,事业单位,省直,省,,,,国家税务总局芜湖市税务局信息中心,3030021.0,专业技术岗位,应届毕业生,,3,1,本科及以上,"本科：计算机科学与技术（080901）、软件工程（080902）、网络工程（080903）、信息安全（080904K）、智能科学与技术（080907T）、数据科学与大数据技术（080910T）
研究生：计算机科学与技术（0812）、软件工程（0835）、网络空间安全（0839）、智能科学与技术（1405）",学位：与最高学历相对应的学位,,,,,,,,
2026,事业单位,省直,省,,,,国家税务总局芜湖市税务局机关服务中心,3030022.0,管理岗位,应届毕业生,,3,1,本科及以上,"本科：土木工程（081001）、 建筑电气与智能化（081004）、物业管理（120209）、法学（030101K）
研究生：建筑学（0813）、土木工程（0814）、建筑专业学位（0851）、法学（0301）、法律（0351）",学位：与最高学历相对应的学位,,,,,,,,
2026,事业单位,省直,省,,,,国家税务总局蚌埠市税务局信息中心,3030012.0,专业技术岗位,应届毕业生,,3,2,本科及以上,"本科：计算机科学与技术（080901）、软件工程（080902）、网络工程（080903）、信息安全（080904K）、智能科学与技术（080907T）、数据科学与大数据技术（080910T）
研究生：计算机科学与技术（0812）、软件工程（0835）、网络空间安全（0839）、智能科学与技术（1405）",学位：与最高学历相对应的学位,,,,,,,,
2026,事业单位,省直,省,,,,国家税务总局蚌埠市税务局纳税服务中心(税收宣传中心),3030011.0,管理岗位,应届毕业生,,3,2,本科及以上,"本科：汉语言文学（050101）、新闻学（050301）、传播学（050304）、影视摄影与制作（130311T）、视觉传达设计（130502）、会计学（120203K）、法学（030101K）、应用心理学（071102）
研究生：法学（0301）、法律（0351）、中国语言文学（0501）、新闻传播学（0503）、新闻与传播（0552）、会计学（120201）、会计（1253）、应用心理（0454）",学位：与最高学历相对应的学位,,,,,,,,
2026,事业单位,省直,省,,,,国家税务总局阜阳市税务局信息中心,3030014.0,专业技术岗位,应届毕业生,,3,1,本科及以上,"本科：计算机科学与技术（080901）、软件工程（080902）、网络工程（080903）、信息安全（080904K）、智能科学与技术（080907T）、数据科学与大数据技术（080910T）
研究生：计算机科学与技术（0812）、软件工程（0835）、网络空间安全（0839）、智能科学与技术（1405）",学位：与最高学历相对应的学位,,,,,,,,
2026,事业单位,省直,省,,,,国家税务总局阜阳市税务局纳税服务中心(税收宣传中心),3030013.0,管理岗位,应届毕业生,,3,3,本科及以上,"本科：汉语言文学（050101）、新闻学（050301）、传播学（050304）、影视摄影与制作（130311T）、视觉传达设计（130502）、会计学（120203K）、法学（030101K）、应用心理学（071102）
研究生：法学（0301）、法律（0351）、中国语言文学（0501）、新闻传播学（0503）、新闻与传播（0552）、会计学（120201）、会计（1253）、应用心理（0454）",学位：与最高学历相对应的学位,,,,,,,,
2026,事业单位,省直,省,,,,国家税务总局马鞍山市税务局信息中心,3030019.0,专业技术岗位,应届毕业生,,3,2,本科及以上,"本科：计算机科学与技术（080901）、软件工程（080902）、网络工程（080903）、信息安全（080904K）、智能科学与技术（080907T）、数据科学与大数据技术（080910T）
研究生：计算机科学与技术（0812）、软件工程（0835）、网络空间安全（0839）、智能科学与技术（1405）",学位：与最高学历相对应的学位,,,,,,,,
2026,事业单位,省直,省,,,,国家税务总局马鞍山市税务局机关服务中心,3030020.0,管理岗位,应届毕业生,,3,1,本科及以上,"本科：土木工程（081001）、 建筑电气与智能化（081004）、物业管理（120209）、法学（030101K）
研究生：建筑学（0813）、土木工程（0814）、建筑专业学位（0851）、法学（0301）、法律（0351）",学位：与最高学历相对应的学位,,,,,,,,
2026,事业单位,省直,省,,,,学术界杂志社,3000624.0,管理,,,3,1,,,,,,,,,,,
2026,事业单位,省直,省,,,,安庆无线电监测站,3000146.0,专业技术,,,3,1,,,,,,,,,,,
2026,事业单位,省直,省,,,,安徽中澳科技职业学院,3000117.0,专业技术,,,3,1,,,,,,,,,,,
2026,事业单位,省直,省,,,,安徽中澳科技职业学院,3000118.0,专业技术,,,3,2,,,,,,,,,,,
2026,事业单位,省直,省,,,,安徽中澳科技职业学院,3000119.0,专业技术,,,3,1,,,,,,,,,,,
2026,事业单位,省直,省,,,,安徽中澳科技职业学院,3000120.0,专业技术,,,3,1,,,,,,,,,,,
2026,事业单位,省直,省,,,,安徽中澳科技职业学院,3000121.0,专业技术,,,3,1,,,,,,,,,,,
2026,事业单位,省直,省,,,,安徽中澳科技职业学院,3000122.0,专业技术,,,3,1,,,,,,,,,,,
2026,事业单位,省直,省,,,,安徽中澳科技职业学院,3000123.0,专业技术,,,3,1,,,,,,,,,,,
2026,事业单位,省直,省,,,,安徽中澳科技职业学院,3000124.0,专业技术,,,3,1,,,,,,,,,,,
2026,事业单位,省直,省,,,,安徽中澳科技职业学院,3000125.0,专业技术,,,3,1,,,,,,,,,,,
2026,事业单位,省直,省,,,,安徽中澳科技职业学院,3000126.0,专业技术,,,3,1,,,,,,,,,,,
2026,事业单位,省直,省,,,,安徽中澳科技职业学院,3000127.0,专业技术,,,3,1,,,,,,,,,,,
2026,事业单位,省直,省,,,,安徽中澳科技职业学院,3000128.0,专业技术,,,3,1,,,,,,,,,,,
2026,事业单位,省直,省,,,,安徽中澳科技职业学院,3000129.0,专业技术,,,3,1,,,,,,,,,,,
2026,事业单位,省直,省,,,,安徽中澳科技职业学院,3000130.0,专业技术,,,3,1,,,,,,,,,,,
2026,事业单位,省直,省,,,,安徽中澳科技职业学院,3000131.0,专业技术,,,3,1,,,,,,,,,,,
2026,事业单位,省直,省,,,,安徽中澳科技职业学院,3000132.0,专业技术,,,3,1,,,,,,,,,,,
2026,事业单位,省直,省,,,,安徽中澳科技职业学院,3000133.0,专业技术,,,3,1,,,,,,,,,,,
2026,事业单位,省直,省,,,,安徽中澳科技职业学院,3000134.0,专业技术,,,3,1,,,,,,,,,,,
2026,事业单位,省直,省,,,,安徽中澳科技职业学院,3000135.0,专业技术,,,3,1,,,,,,,,,,,
2026,事业单位,省直,省,,,,安徽中澳科技职业学院,3000136.0,专业技术,,,3,1,,,,,,,,,,,
2026,事业单位,省直,省,,,,安徽中澳科技职业学院,3000137.0,管理,,,3,1,,,,,,,,,,,
2026,事业单位,省直,省,,,,安徽交通职业技术学院,3000263.0,专业技术,,,3,2,,,,,,,,,,,
2026,事业单位,省直,省,,,,安徽交通职业技术学院,3000264.0,专业技术,,,3,2,,,,,,,,,,,
2026,事业单位,省直,省,,,,安徽交通职业技术学院,3000265.0,专业技术,,,3,2,,,,,,,,,,,
2026,事业单位,省直,省,,,,安徽交通职业技术学院,3000266.0,专业技术,,,3,2,,,,,,,,,,,
2026,事业单位,省直,省,,,,安徽交通职业技术学院,3000267.0,专业技术,,,3,2,,,,,,,,,,,
2026,事业单位,省直,省,,,,安徽交通职业技术学院,3000268.0,专业技术,,,3,2,,,,,,,,,,,
2026,事业单位,省直,省,,,,安徽交通职业技术学院,3000269.0,专业技术,,,3,4,,,,,,,,,,,
2026,事业单位,省直,省,,,,安徽交通职业技术学院,3000270.0,专业技术,,,3,8,,,,,,,,,,,
2026,事业单位,省直,省,,,,安徽交通职业技术学院,3000271.0,专业技术,,,3,1,,,,,,,,,,,
2026,事业单位,省直,省,,,,安徽交通职业技术学院,3000272.0,专业技术,,,3,1,,,,,,,,,,,
2026,事业单位,省直,省,,,,安徽交通职业技术学院,3000273.0,专业技术,,,3,1,,,,,,,,,,,
2026,事业单位,省直,省,,,,安徽交通职业技术学院,3000274.0,专业技术,,,3,1,,,,,,,,,,,
2026,事业单位,省直,省,,,,安徽交通职业技术学院,3000275.0,专业技术,,,3,1,,,,,,,,,,,
2026,事业单位,省直,省,,,,安徽交通职业技术学院,3000276.0,专业技术,,,3,1,,,,,,,,,,,
2026,事业单位,省直,省,,,,安徽交通职业技术学院,3000277.0,专业技术,,,3,1,,,,,,,,,,,
2026,事业单位,省直,省,,,,安徽交通职业技术学院,3000278.0,专业技术,,,3,4,,,,,,,,,,,
2026,事业单位,省直,省,,,,安徽交通职业技术学院,3000279.0,专业技术,,,3,1,,,,,,,,,,,
2026,事业单位,省直,省,,,,安徽交通职业技术学院,3000280.0,专业技术,,,3,1,,,,,,,,,,,
2026,事业单位,省直,省,,,,安徽交通职业技术学院,3000281.0,专业技术,,,3,2,,,,,,,,,,,
2026,事业单位,省直,省,,,,安徽交通职业技术学院,3000282.0,专业技术,,,3,1,,,,,,,,,,,
2026,事业单位,省直,省,,,,安徽交通职业技术学院,3000283.0,专业技术,,,3,1,,,,,,,,,,,
2026,事业单位,省直,省,,,,安徽体育运动职业技术学院,3000527.0,专业技术,,,3,1,,,,,,,,,,,
2026,事业单位,省直,省,,,,安徽体育运动职业技术学院,3000528.0,专业技术,,,3,1,,,,,,,,,,,
2026,事业单位,省直,省,,,,安徽体育运动职业技术学院,3000529.0,专业技术,,,3,1,,,,,,,,,,,
2026,事业单位,省直,省,,,,安徽体育运动职业技术学院,3000530.0,专业技术,,,3,1,,,,,,,,,,,
2026,事业单位,省直,省,,,,安徽体育运动职业技术学院,3000531.0,专业技术,,,3,1,,,,,,,,,,,
2026,事业单位,省直,省,,,,安徽公安学院,3000633.0,管理,,,3,1,,,,,,,,,,,
2026,事业单位,省直,省,,,,安徽公安学院,3000634.0,专业技术,,,3,4,,,,,,,,,,,
2026,事业单位,省直,省,,,,安徽公安学院,3000635.0,专业技术,,,3,5,,,,,,,,,,,
2026,事业单位,省直,省,,,,安徽博物院,3000384.0,专业技术,,,3,1,,,,,,,,,,,
2026,事业单位,省直,省,,,,安徽博物院,3000385.0,专业技术,,,3,1,,,,,,,,,,,
2026,事业单位,省直,省,,,,安徽卫生健康职业学院,3000435.0,专业技术,,,3,2,,,,,,,,,,,
2026,事业单位,省直,省,,,,安徽卫生健康职业学院,3000436.0,专业技术,,,3,2,,,,,,,,,,,
2026,事业单位,省直,省,,,,安徽卫生健康职业学院,3000437.0,专业技术,,,3,1,,,,,,,,,,,
2026,事业单位,省直,省,,,,安徽卫生健康职业学院,3000438.0,专业技术,,,3,1,,,,,,,,,,,
2026,事业单位,省直,省,,,,安徽卫生健康职业学院,3000439.0,专业技术,,,3,1,,,,,,,,,,,
2026,事业单位,省直,省,,,,安徽卫生健康职业学院,3000440.0,专业技术,,,3,1,,,,,,,,,,,
2026,事业单位,省直,省,,,,安徽卫生健康职业学院,3000441.0,专业技术,,,3,1,,,,,,,,,,,
2026,事业单位,省直,省,,,,安徽卫生健康职业学院,3000442.0,专业技术,,,3,1,,,,,,,,,,,
2026,事业单位,省直,省,,,,安徽卫生健康职业学院,3000443.0,专业技术,,,3,1,,,,,,,,,,,
2026,事业单位,省直,省,,,,安徽卫生健康职业学院,3000444.0,专业技术,,,3,2,,,,,,,,,,,
2026,事业单位,省直,省,,,,安徽卫生健康职业学院,3000445.0,专业技术,,,3,1,,,,,,,,,,,
2026,事业单位,省直,省,,,,安徽卫生健康职业学院,3000446.0,专业技术,,,3,1,,,,,,,,,,,
2026,事业单位,省直,省,,,,安徽卫生健康职业学院,3000447.0,专业技术,,,3,1,,,,,,,,,,,
2026,事业单位,省直,省,,,,安徽卫生健康职业学院,3000448.0,专业技术,,,3,1,,,,,,,,,,,
2026,事业单位,省直,省,,,,安徽卫生健康职业学院,3000449.0,专业技术,,,3,1,,,,,,,,,,,
2026,事业单位,省直,省,,,,安徽卫生健康职业学院,3000450.0,专业技术,,,3,3,,,,,,,,,,,
2026,事业单位,省直,省,,,,安徽卫生健康职业学院,3000451.0,专业技术,,,3,1,,,,,,,,,,,
2026,事业单位,省直,省,,,,安徽卫生健康职业学院,3000452.0,专业技术,,,3,1,,,,,,,,,,,
2026,事业单位,省直,省,,,,安徽卫生健康职业学院,3000453.0,专业技术,,,3,3,,,,,,,,,,,
2026,事业单位,省直,省,,,,安徽卫生健康职业学院,3000454.0,专业技术,,,3,1,,,,,,,,,,,
2026,事业单位,省直,省,,,,安徽卫生健康职业学院,3000455.0,专业技术,,,3,1,,,,,,,,,,,
2026,事业单位,省直,省,,,,安徽卫生健康职业学院,3000456.0,专业技术,,,3,1,,,,,,,,,,,
2026,事业单位,省直,省,,,,安徽卫生健康职业学院,3000457.0,专业技术,,,3,1,,,,,,,,,,,
2026,事业单位,省直,省,,,,安徽卫生健康职业学院,3000458.0,专业技术,,,3,1,,,,,,,,,,,
2026,事业单位,省直,省,,,,安徽卫生健康职业学院,3000459.0,专业技术,,,3,1,,,,,,,,,,,
2026,事业单位,省直,省,,,,安徽卫生健康职业学院,3000460.0,专业技术,,,3,1,,,,,,,,,,,
2026,事业单位,省直,省,,,,安徽卫生健康职业学院,3000461.0,专业技术,,,3,1,,,,,,,,,,,
2026,事业单位,省直,省,,,,安徽卫生健康职业学院,3000462.0,专业技术,,,3,1,,,,,,,,,,,
2026,事业单位,省直,省,,,,安徽卫生健康职业学院,3000463.0,专业技术（中级）,,,3,1,,,,,,,,,,,
2026,事业单位,省直,省,,,,安徽卫生健康职业学院,3000464.0,专业技术（中级）,,,3,1,,,,,,,,,,,
2026,事业单位,省直,省,,,,安徽卫生健康职业学院,3000465.0,专业技术,,,3,4,,,,,,,,,,,
2026,事业单位,省直,省,,,,安徽卫生健康职业学院,3000466.0,专业技术,,,3,4,,,,,,,,,,,
2026,事业单位,省直,省,,,,安徽商贸职业技术学院,3000114.0,管理,,,3,4,,,,,,,,,,,
2026,事业单位,省直,省,,,,安徽商贸职业技术学院,3000115.0,管理,,,3,4,,,,,,,,,,,
2026,事业单位,省直,省,,,,安徽商贸职业技术学院,3000116.0,管理,,,3,2,,,,,,,,,,,
2026,事业单位,省直,省,,,,安徽国防科技职业学院,3000012.0,专业技术,,,3,1,,,,,,,,,,,
2026,事业单位,省直,省,,,,安徽国防科技职业学院,3000013.0,专业技术,,,3,2,,,,,,,,,,,
2026,事业单位,省直,省,,,,安徽国防科技职业学院,3000014.0,专业技术,,,3,1,,,,,,,,,,,
2026,事业单位,省直,省,,,,安徽国防科技职业学院,3000015.0,专业技术,,,3,2,,,,,,,,,,,
2026,事业单位,省直,省,,,,安徽国防科技职业学院,3000016.0,专业技术,,,3,1,,,,,,,,,,,
2026,事业单位,省直,省,,,,安徽国防科技职业学院,3000017.0,专业技术,,,3,1,,,,,,,,,,,
2026,事业单位,省直,省,,,,安徽国防科技职业学院,3000018.0,专业技术,,,3,2,,,,,,,,,,,
2026,事业单位,省直,省,,,,安徽国防科技职业学院,3000019.0,专业技术,,,3,1,,,,,,,,,,,
2026,事业单位,省直,省,,,,安徽国防科技职业学院,3000020.0,专业技术,,,3,2,,,,,,,,,,,
2026,事业单位,省直,省,,,,安徽国防科技职业学院,3000021.0,专业技术,,,3,4,,,,,,,,,,,
2026,事业单位,省直,省,,,,安徽国防科技职业学院,3000022.0,专业技术,,,3,2,,,,,,,,,,,
2026,事业单位,省直,省,,,,安徽国防科技职业学院,3000023.0,专业技术,,,3,1,,,,,,,,,,,
2026,事业单位,省直,省,,,,安徽国防科技职业学院,3000024.0,专业技术,,,3,2,,,,,,,,,,,
2026,事业单位,省直,省,,,,安徽国防科技职业学院,3000025.0,专业技术,,,3,1,,,,,,,,,,,
2026,事业单位,省直,省,,,,安徽国防科技职业学院,3000026.0,专业技术,,,3,1,,,,,,,,,,,
2026,事业单位,省直,省,,,,安徽国防科技职业学院,3000027.0,专业技术,,,3,1,,,,,,,,,,,
2026,事业单位,省直,省,,,,安徽国防科技职业学院,3000028.0,专业技术（中级）,,,3,1,,,,,,,,,,,
2026,事业单位,省直,省,,,,安徽国防科技职业学院,3000029.0,专业技术,,,3,1,,,,,,,,,,,
2026,事业单位,省直,省,,,,安徽国际商务职业学院,3000366.0,专业技术,,,3,2,,,,,,,,,,,
2026,事业单位,省直,省,,,,安徽国际商务职业学院,3000367.0,专业技术,,,3,2,,,,,,,,,,,
2026,事业单位,省直,省,,,,安徽国际商务职业学院,3000368.0,专业技术,,,3,1,,,,,,,,,,,
2026,事业单位,省直,省,,,,安徽国际商务职业学院,3000369.0,专业技术,,,3,3,,,,,,,,,,,
2026,事业单位,省直,省,,,,安徽国际商务职业学院,3000370.0,专业技术,,,3,2,,,,,,,,,,,
2026,事业单位,省直,省,,,,安徽国际商务职业学院,3000371.0,专业技术,,,3,2,,,,,,,,,,,
2026,事业单位,省直,省,,,,安徽国际商务职业学院,3000372.0,专业技术,,,3,2,,,,,,,,,,,
2026,事业单位,省直,省,,,,安徽国际商务职业学院,3000373.0,专业技术,,,3,1,,,,,,,,,,,
2026,事业单位,省直,省,,,,安徽国际商务职业学院,3000374.0,专业技术,,,3,1,,,,,,,,,,,
2026,事业单位,省直,省,,,,安徽国际商务职业学院,3000375.0,管理,,,3,1,,,,,,,,,,,
2026,事业单位,省直,省,,,,安徽国际商务职业学院,3000376.0,管理,,,3,1,,,,,,,,,,,
2026,事业单位,省直,省,,,,安徽国际商务职业学院,3000377.0,管理,,,3,1,,,,,,,,,,,
2026,事业单位,省直,省,,,,安徽城市管理职业学院,3000032.0,专业技术,,,3,3,,,,,,,,,,,
2026,事业单位,省直,省,,,,安徽城市管理职业学院,3000033.0,专业技术,,,3,3,,,,,,,,,,,
2026,事业单位,省直,省,,,,安徽城市管理职业学院,3000034.0,专业技术,,,3,2,,,,,,,,,,,
2026,事业单位,省直,省,,,,安徽城市管理职业学院,3000035.0,专业技术,,,3,2,,,,,,,,,,,
2026,事业单位,省直,省,,,,安徽城市管理职业学院,3000036.0,专业技术,,,3,2,,,,,,,,,,,
2026,事业单位,省直,省,,,,安徽城市管理职业学院,3000037.0,专业技术,,,3,5,,,,,,,,,,,
2026,事业单位,省直,省,,,,安徽城市管理职业学院,3000038.0,专业技术,,,3,1,,,,,,,,,,,
2026,事业单位,省直,省,,,,安徽城市管理职业学院,3000039.0,专业技术,,,3,1,,,,,,,,,,,
2026,事业单位,省直,省,,,,安徽城市管理职业学院,3000040.0,专业技术,,,3,1,,,,,,,,,,,
2026,事业单位,省直,省,,,,安徽城市管理职业学院,3000041.0,专业技术,,,3,1,,,,,,,,,,,
2026,事业单位,省直,省,,,,安徽城市管理职业学院,3000042.0,专业技术,,,3,1,,,,,,,,,,,
2026,事业单位,省直,省,,,,安徽城市管理职业学院,3000043.0,专业技术,,,3,1,,,,,,,,,,,
2026,事业单位,省直,省,,,,安徽城市管理职业学院,3000044.0,专业技术,,,3,1,,,,,,,,,,,
2026,事业单位,省直,省,,,,安徽城市管理职业学院,3000045.0,专业技术,,,3,1,,,,,,,,,,,
2026,事业单位,省直,省,,,,安徽城市管理职业学院,3000046.0,专业技术,,,3,2,,,,,,,,,,,
2026,事业单位,省直,省,,,,安徽城市管理职业学院,3000047.0,专业技术,,,3,1,,,,,,,,,,,
2026,事业单位,省直,省,,,,安徽城市管理职业学院,3000048.0,专业技术,,,3,1,,,,,,,,,,,
2026,事业单位,省直,省,,,,安徽城市管理职业学院,3000049.0,专业技术,,,3,1,,,,,,,,,,,
2026,事业单位,省直,省,,,,安徽城市管理职业学院,3000050.0,专业技术,,,3,1,,,,,,,,,,,
2026,事业单位,省直,省,,,,安徽城市管理职业学院,3000051.0,专业技术,,,3,2,,,,,,,,,,,
2026,事业单位,省直,省,,,,安徽城市管理职业学院,3000052.0,专业技术,,,3,2,,,,,,,,,,,
2026,事业单位,省直,省,,,,安徽审计职业学院,3000491.0,专业技术,,,3,1,,,,,,,,,,,
2026,事业单位,省直,省,,,,安徽审计职业学院,3000492.0,专业技术,,,3,1,,,,,,,,,,,
2026,事业单位,省直,省,,,,安徽审计职业学院,3000493.0,专业技术,,,3,1,,,,,,,,,,,
2026,事业单位,省直,省,,,,安徽审计职业学院,3000494.0,专业技术,,,3,2,,,,,,,,,,,
2026,事业单位,省直,省,,,,安徽审计职业学院,3000495.0,专业技术,,,3,1,,,,,,,,,,,
2026,事业单位,省直,省,,,,安徽审计职业学院,3000496.0,专业技术,,,3,1,,,,,,,,,,,
2026,事业单位,省直,省,,,,安徽审计职业学院,3000497.0,专业技术,,,3,1,,,,,,,,,,,
2026,事业单位,省直,省,,,,安徽审计职业学院,3000498.0,专业技术,,,3,1,,,,,,,,,,,
2026,事业单位,省直,省,,,,安徽审计职业学院,3000499.0,专业技术,,,3,1,,,,,,,,,,,
2026,事业单位,省直,省,,,,安徽审计职业学院,3000500.0,专业技术,,,3,1,,,,,,,,,,,
2026,事业单位,省直,省,,,,安徽审计职业学院,3000501.0,专业技术,,,3,1,,,,,,,,,,,
2026,事业单位,省直,省,,,,安徽审计职业学院,3000502.0,专业技术,,,3,2,,,,,,,,,,,
2026,事业单位,省直,省,,,,安徽审计职业学院,3000503.0,专业技术,,,3,3,,,,,,,,,,,
2026,事业单位,省直,省,,,,安徽审计职业学院,3000504.0,专业技术,,,3,3,,,,,,,,,,,
2026,事业单位,省直,省,,,,安徽局    三五二处,3010001.0,专业技术岗位,1.中央垂直管理单位；               2.社会人员。     ,,3,1,,,,,,,,,,,
2026,事业单位,省直,省,,,,安徽局    三五二处,3010002.0,专业技术岗位,1.中央垂直管理单位；                            2.应届毕业生；       3.中共党员。,,3,1,,,,,,,,,,,
2026,事业单位,省直,省,,,,安徽局    六三四处,3010003.0,管理岗位,1.中央垂直管理单位；                         2.应届毕业生；       3.中共党员。,,3,1,,,,,,,,,,,
2026,事业单位,省直,省,,,,安徽局    六三四处,3010004.0,管理岗位,1.中央垂直管理单位；                         2.应届毕业生。,,3,1,,,,,,,,,,,
2026,事业单位,省直,省,,,,安徽局    六三四处,3010005.0,专业技术岗位,1.中央垂直管理单位；                          2.应届毕业生。,,3,1,,,,,,,,,,,
2026,事业单位,省直,省,,,,安徽局    六三四处,3010006.0,工勤技能岗位,1.中央垂直管理单位；                      2.应届毕业生。,,3,2,,,,,,,,,,,
2026,事业单位,省直,省,,,,安徽局    六三四处,3010007.0,工勤技能岗位,1.中央垂直管理单位；                           2.应届毕业生。,,3,1,,,,,,,,,,,
2026,事业单位,省直,省,,,,安徽局    六三四处,3010008.0,工勤技能岗位,1.中央垂直管理单位；                           2.社会人员。,,3,1,,,,,,,,,,,
2026,事业单位,省直,省,,,,安徽局    四七一处,3010009.0,专业技术岗位,1.中央垂直管理单位；                           2.应届毕业生。,,3,1,,,,,,,,,,,
2026,事业单位,省直,省,,,,安徽工业经济职业技术学院,3000572.0,专业技术,,,3,1,,,,,,,,,,,
2026,事业单位,省直,省,,,,安徽工业经济职业技术学院,3000573.0,专业技术,,,3,1,,,,,,,,,,,
2026,事业单位,省直,省,,,,安徽工业经济职业技术学院,3000574.0,专业技术,,,3,1,,,,,,,,,,,
2026,事业单位,省直,省,,,,安徽工业经济职业技术学院,3000575.0,专业技术,,,3,1,,,,,,,,,,,
2026,事业单位,省直,省,,,,安徽工业经济职业技术学院,3000576.0,专业技术,,,3,1,,,,,,,,,,,
2026,事业单位,省直,省,,,,安徽工业经济职业技术学院,3000577.0,专业技术,,,3,1,,,,,,,,,,,
2026,事业单位,省直,省,,,,安徽工业经济职业技术学院,3000578.0,专业技术,,,3,1,,,,,,,,,,,
2026,事业单位,省直,省,,,,安徽工业经济职业技术学院,3000579.0,专业技术,,,3,1,,,,,,,,,,,
2026,事业单位,省直,省,,,,安徽工业经济职业技术学院,3000580.0,专业技术,,,3,1,,,,,,,,,,,
2026,事业单位,省直,省,,,,安徽工业经济职业技术学院,3000581.0,专业技术,,,3,1,,,,,,,,,,,
2026,事业单位,省直,省,,,,安徽工业经济职业技术学院,3000582.0,专业技术,,,3,1,,,,,,,,,,,
2026,事业单位,省直,省,,,,安徽工业经济职业技术学院,3000583.0,专业技术,,,3,1,,,,,,,,,,,
2026,事业单位,省直,省,,,,安徽工业经济职业技术学院,3000584.0,专业技术,,,3,1,,,,,,,,,,,
2026,事业单位,省直,省,,,,安徽工业经济职业技术学院,3000585.0,专业技术,,,3,1,,,,,,,,,,,
2026,事业单位,省直,省,,,,安徽工业经济职业技术学院,3000586.0,专业技术,,,3,1,,,,,,,,,,,
2026,事业单位,省直,省,,,,安徽工人日报社,3000607.0,专业技术,,,3,1,,,,,,,,,,,
2026,事业单位,省直,省,,,,安徽工人日报社,3000608.0,专业技术,,,3,2,,,,,,,,,,,
2026,事业单位,省直,省,,,,安徽工商职业学院,3000097.0,专业技术,,,3,2,,,,,,,,,,,
2026,事业单位,省直,省,,,,安徽工商职业学院,3000098.0,专业技术,,,3,2,,,,,,,,,,,
2026,事业单位,省直,省,,,,安徽工商职业学院,3000099.0,专业技术,,,3,1,,,,,,,,,,,
2026,事业单位,省直,省,,,,安徽工商职业学院,3000100.0,专业技术,,,3,1,,,,,,,,,,,
2026,事业单位,省直,省,,,,安徽工商职业学院,3000101.0,专业技术,,,3,1,,,,,,,,,,,
2026,事业单位,省直,省,,,,安徽工商职业学院,3000102.0,专业技术,,,3,1,,,,,,,,,,,
2026,事业单位,省直,省,,,,安徽广播影视职业技术学院,3000103.0,专业技术,,,3,1,,,,,,,,,,,
2026,事业单位,省直,省,,,,安徽广播影视职业技术学院,3000104.0,专业技术,,,3,1,,,,,,,,,,,
2026,事业单位,省直,省,,,,安徽广播影视职业技术学院,3000105.0,专业技术,,,3,1,,,,,,,,,,,
2026,事业单位,省直,省,,,,安徽广播影视职业技术学院,3000106.0,专业技术,,,3,1,,,,,,,,,,,
2026,事业单位,省直,省,,,,安徽广播影视职业技术学院,3000107.0,专业技术,,,3,1,,,,,,,,,,,
2026,事业单位,省直,省,,,,安徽广播影视职业技术学院,3000108.0,专业技术,,,3,1,,,,,,,,,,,
2026,事业单位,省直,省,,,,安徽广播影视职业技术学院,3000109.0,专业技术,,,3,1,,,,,,,,,,,
2026,事业单位,省直,省,,,,安徽广播影视职业技术学院,3000110.0,专业技术,,,3,1,,,,,,,,,,,
2026,事业单位,省直,省,,,,安徽广播影视职业技术学院,3000111.0,专业技术,,,3,1,,,,,,,,,,,
2026,事业单位,省直,省,,,,安徽开放大学,3000631.0,专业技术,,,3,1,,,,,,,,,,,
2026,事业单位,省直,省,,,,安徽开放大学,3000632.0,专业技术,,,3,1,,,,,,,,,,,
2026,事业单位,省直,省,,,,安徽文艺理论研究室,3000619.0,专业技术,,,3,2,,,,,,,,,,,
2026,事业单位,省直,省,,,,安徽新闻出版职业技术学院,3000005.0,专业技术,,,3,2,,,,,,,,,,,
2026,事业单位,省直,省,,,,安徽日报报业集团,3000054.0,专业技术,,,3,1,,,,,,,,,,,
2026,事业单位,省直,省,,,,安徽日报报业集团,3000055.0,专业技术,,,3,1,,,,,,,,,,,
2026,事业单位,省直,省,,,,安徽日报报业集团,3000056.0,管理,,,3,1,,,,,,,,,,,
2026,事业单位,省直,省,,,,安徽日报报业集团,3000057.0,管理,,,3,1,,,,,,,,,,,
2026,事业单位,省直,省,,,,安徽日报报业集团,3000058.0,专业技术,,,3,1,,,,,,,,,,,
2026,事业单位,省直,省,,,,安徽日报报业集团,3000059.0,专业技术,,,3,2,,,,,,,,,,,
2026,事业单位,省直,省,,,,安徽日报报业集团,3000060.0,管理,,,3,2,,,,,,,,,,,
2026,事业单位,省直,省,,,,安徽机械工业学校,3000088.0,专业技术,,,3,2,,,,,,,,,,,
2026,事业单位,省直,省,,,,安徽机械工业学校,3000089.0,专业技术,,,3,1,,,,,,,,,,,
2026,事业单位,省直,省,,,,安徽机械工业学校,3000090.0,专业技术,,,3,1,,,,,,,,,,,
2026,事业单位,省直,省,,,,安徽机电职业技术学院,3000093.0,管理,,,3,4,,,,,,,,,,,
2026,事业单位,省直,省,,,,安徽机电职业技术学院,3000094.0,管理,,,3,4,,,,,,,,,,,
2026,事业单位,省直,省,,,,安徽机电职业技术学院,3000095.0,管理,,,3,1,,,,,,,,,,,
2026,事业单位,省直,省,,,,安徽机电职业技术学院,3000096.0,管理,,,3,1,,,,,,,,,,,
2026,事业单位,省直,省,,,,安徽林业职业技术学院,3000551.0,专业技术,,,3,1,,,,,,,,,,,
2026,事业单位,省直,省,,,,安徽林业职业技术学院,3000552.0,专业技术,,,3,1,,,,,,,,,,,
2026,事业单位,省直,省,,,,安徽林业职业技术学院,3000553.0,专业技术,,,3,1,,,,,,,,,,,
2026,事业单位,省直,省,,,,安徽林业职业技术学院,3000554.0,专业技术,,,3,1,,,,,,,,,,,
2026,事业单位,省直,省,,,,安徽林业职业技术学院,3000555.0,专业技术,,,3,1,,,,,,,,,,,
2026,事业单位,省直,省,,,,安徽林业职业技术学院,3000556.0,专业技术,,,3,1,,,,,,,,,,,
2026,事业单位,省直,省,,,,安徽林业职业技术学院,3000557.0,专业技术,,,3,2,,,,,,,,,,,
2026,事业单位,省直,省,,,,安徽林业职业技术学院,3000558.0,专业技术,,,3,1,,,,,,,,,,,
2026,事业单位,省直,省,,,,安徽林业职业技术学院,3000559.0,专业技术,,,3,1,,,,,,,,,,,
2026,事业单位,省直,省,,,,安徽水利水电职业技术学院,3000300.0,专业技术,,,3,1,,,,,,,,,,,
2026,事业单位,省直,省,,,,安徽水利水电职业技术学院,3000301.0,专业技术,,,3,1,,,,,,,,,,,
2026,事业单位,省直,省,,,,安徽水利水电职业技术学院,3000302.0,专业技术,,,3,1,,,,,,,,,,,
2026,事业单位,省直,省,,,,安徽水利水电职业技术学院,3000303.0,专业技术,,,3,1,,,,,,,,,,,
2026,事业单位,省直,省,,,,安徽水利水电职业技术学院,3000304.0,专业技术,,,3,1,,,,,,,,,,,
2026,事业单位,省直,省,,,,安徽理工学校,3000091.0,专业技术,,,3,1,,,,,,,,,,,
2026,事业单位,省直,省,,,,安徽理工学校,3000092.0,专业技术,,,3,1,,,,,,,,,,,
2026,事业单位,省直,省,,,,安徽电子信息职业技术学院,3000149.0,专业技术,,,3,2,,,,,,,,,,,
2026,事业单位,省直,省,,,,安徽电子信息职业技术学院,3000150.0,管理,,,3,5,,,,,,,,,,,
2026,事业单位,省直,省,,,,安徽省不动产登记中心（安徽省国土资源储备发展中心）,3000206.0,专业技术,,,3,1,,,,,,,,,,,
2026,事业单位,省直,省,,,,安徽省中小企业发展促进中心,3000147.0,专业技术,,,3,1,,,,,,,,,,,
2026,事业单位,省直,省,,,,安徽省临淮岗洪水控制工程管理局,3000348.0,管理,,,3,1,,,,,,,,,,,
2026,事业单位,省直,省,,,,安徽省临淮岗洪水控制工程管理局,3000349.0,管理,,,3,1,,,,,,,,,,,
2026,事业单位,省直,省,,,,安徽省临淮岗洪水控制工程管理局,3000350.0,管理,,,3,1,,,,,,,,,,,
2026,事业单位,省直,省,,,,安徽省临淮岗洪水控制工程管理局,3000351.0,管理,,,3,1,,,,,,,,,,,
2026,事业单位,省直,省,,,,安徽省临淮岗洪水控制工程管理局,3000352.0,管理,,,3,1,,,,,,,,,,,
2026,事业单位,省直,省,,,,安徽省书法家协会,3000615.0,专业技术,,,3,1,,,,,,,,,,,
2026,事业单位,省直,省,,,,安徽省互联网违法和不良信息举报中心,3000011.0,专业技术,,,3,1,,,,,,,,,,,
2026,事业单位,省直,省,,,,安徽省交通工程质量安全管理服务中心,3000252.0,专业技术,,,3,1,,,,,,,,,,,
2026,事业单位,省直,省,,,,安徽省交通工程质量安全管理服务中心,3000253.0,专业技术,,,3,1,,,,,,,,,,,
2026,事业单位,省直,省,,,,安徽省交通工程质量安全管理服务中心,3000254.0,专业技术,,,3,1,,,,,,,,,,,
2026,事业单位,省直,省,,,,安徽省交通运输综合执法监督局,3000255.0,专业技术,,,3,1,,,,,,,,,,,
2026,事业单位,省直,省,,,,安徽省交通运输综合执法监督局,3000256.0,专业技术,,,3,1,,,,,,,,,,,
2026,事业单位,省直,省,,,,安徽省交通运输综合执法监督局,3000257.0,专业技术,,,3,1,,,,,,,,,,,
2026,事业单位,省直,省,,,,安徽省交通运输综合执法监督局,3000258.0,专业技术,,,3,1,,,,,,,,,,,
2026,事业单位,省直,省,,,,安徽省人事考试院,3000174.0,专业技术,,,3,1,,,,,,,,,,,
2026,事业单位,省直,省,,,,安徽省人事考试院,3000175.0,管理,,,3,1,,,,,,,,,,,
2026,事业单位,省直,省,,,,安徽省人力资源和社会保障信息中心,3000179.0,专业技术,,,3,2,,,,,,,,,,,
2026,事业单位,省直,省,,,,安徽省人才综合服务中心,3000176.0,专业技术,,,3,2,,,,,,,,,,,
2026,事业单位,省直,省,,,,安徽省人才综合服务中心,3000177.0,专业技术,,,3,1,,,,,,,,,,,
2026,事业单位,省直,省,,,,安徽省人才综合服务中心,3000178.0,管理,,,3,1,,,,,,,,,,,
2026,事业单位,省直,省,,,,安徽省体操击剑运动管理中心,3000538.0,专业技术,,,3,1,,,,,,,,,,,
2026,事业单位,省直,省,,,,安徽省体育局训练基地管理中心,3000542.0,管理,,,3,1,,,,,,,,,,,
2026,事业单位,省直,省,,,,安徽省体育彩票管理中心,3000543.0,专业技术（中级）,,,3,1,,,,,,,,,,,
2026,事业单位,省直,省,,,,安徽省佛子岭水库管理处,3000356.0,管理,,,3,1,,,,,,,,,,,
2026,事业单位,省直,省,,,,安徽省佛子岭水库管理处,3000357.0,管理,,,3,1,,,,,,,,,,,
2026,事业单位,省直,省,,,,安徽省儿童医院,3000467.0,专业技术（中级）,,,3,5,,,,,,,,,,,
2026,事业单位,省直,省,,,,安徽省儿童医院,3000468.0,专业技术（中级）,,,3,3,,,,,,,,,,,
2026,事业单位,省直,省,,,,安徽省儿童医院,3000469.0,专业技术,,,3,1,,,,,,,,,,,
2026,事业单位,省直,省,,,,安徽省儿童医院,3000470.0,专业技术,,,3,1,,,,,,,,,,,
2026,事业单位,省直,省,,,,安徽省党风廉政教育基地,3000001.0,专业技术,,,3,2,,,,,,,,,,,
2026,事业单位,省直,省,,,,安徽省党风廉政教育基地,3000002.0,专业技术,,,3,1,,,,,,,,,,,
2026,事业单位,省直,省,,,,安徽省党风廉政教育基地,3000003.0,管理,,,3,1,,,,,,,,,,,
2026,事业单位,省直,省,,,,安徽省公安厅制证（照）中心,3000151.0,管理,,,3,1,,,,,,,,,,,
2026,事业单位,省直,省,,,,安徽省公安厅制证（照）中心,3000152.0,管理,,,3,1,,,,,,,,,,,
2026,事业单位,省直,省,,,,安徽省公安厅制证（照）中心,3000153.0,专业技术,,,3,1,,,,,,,,,,,
2026,事业单位,省直,省,,,,安徽省公益性地质调查管理中心（安徽省地质调查与环境监测中心）,3000207.0,专业技术,,,3,1,,,,,,,,,,,
2026,事业单位,省直,省,,,,安徽省公益性地质调查管理中心（安徽省地质调查与环境监测中心）,3000208.0,管理,,,3,1,,,,,,,,,,,
2026,事业单位,省直,省,,,,安徽省公路管理服务中心,3000229.0,专业技术,,,3,1,,,,,,,,,,,
2026,事业单位,省直,省,,,,安徽省公路管理服务中心,3000230.0,专业技术,,,3,4,,,,,,,,,,,
2026,事业单位,省直,省,,,,安徽省六安水文水资源局,3000296.0,专业技术,,,3,3,,,,,,,,,,,
2026,事业单位,省直,省,,,,安徽省六安生态环境监测中心,3000217.0,专业技术,,,3,1,,,,,,,,,,,
2026,事业单位,省直,省,,,,安徽省农业技术推广总站,3000284.0,专业技术,,,3,1,,,,,,,,,,,
2026,事业单位,省直,省,,,,安徽省农业技术推广总站,3000285.0,专业技术,,,3,1,,,,,,,,,,,
2026,事业单位,省直,省,,,,安徽省农业科技教育中心,3000288.0,专业技术,,,3,1,,,,,,,,,,,
2026,事业单位,省直,省,,,,安徽省农机安全监理总站,3000289.0,专业技术,,,3,1,,,,,,,,,,,
2026,事业单位,省直,省,,,,安徽省农机试验鉴定站,3000290.0,专业技术,,,3,1,,,,,,,,,,,
2026,事业单位,省直,省,,,,安徽省农村饮水安全技术中心,3000364.0,专业技术,,,3,1,,,,,,,,,,,
2026,事业单位,省直,省,,,,安徽省动物疫病预防与控制中心                      （安徽省动物血吸虫病防治站）,3000286.0,专业技术,,,3,1,,,,,,,,,,,
2026,事业单位,省直,省,,,,安徽省劳动就业服务局,3000172.0,管理,,,3,1,,,,,,,,,,,
2026,事业单位,省直,省,,,,安徽省劳动就业服务局,3000173.0,管理,,,3,1,,,,,,,,,,,
2026,事业单位,省直,省,,,,安徽省卫生健康宣传教育中心,3000411.0,专业技术,,,3,1,,,,,,,,,,,
2026,事业单位,省直,省,,,,安徽省卫生健康宣传教育中心,3000412.0,专业技术,,,3,1,,,,,,,,,,,
2026,事业单位,省直,省,,,,安徽省卫生健康药具管理中心,3000471.0,管理,,,3,1,,,,,,,,,,,
2026,事业单位,省直,省,,,,安徽省合肥水文水资源局,3000291.0,专业技术,,,3,1,,,,,,,,,,,
2026,事业单位,省直,省,,,,安徽省响洪甸水库管理处,3000358.0,管理,,,3,1,,,,,,,,,,,
2026,事业单位,省直,省,,,,安徽省响洪甸水库管理处,3000359.0,管理,,,3,1,,,,,,,,,,,
2026,事业单位,省直,省,,,,安徽省国土空间规划研究院（安徽省土地开发复垦整理中心）,3000205.0,专业技术,,,3,4,,,,,,,,,,,
2026,事业单位,省直,省,,,,安徽省图书馆,3000378.0,专业技术,,,3,1,,,,,,,,,,,
2026,事业单位,省直,省,,,,安徽省图书馆,3000379.0,专业技术,,,3,1,,,,,,,,,,,
2026,事业单位,省直,省,,,,安徽省图书馆,3000380.0,专业技术,,,3,1,,,,,,,,,,,
2026,事业单位,省直,省,,,,安徽省图书馆,3000381.0,专业技术,,,3,1,,,,,,,,,,,
2026,事业单位,省直,省,,,,安徽省图书馆,3000382.0,专业技术,,,3,1,,,,,,,,,,,
2026,事业单位,省直,省,,,,安徽省图书馆,3000383.0,专业技术,,,3,1,,,,,,,,,,,
2026,事业单位,省直,省,,,,安徽省地方海事（港航）管理服务中心,3000233.0,专业技术,,,3,2,,,,,,,,,,,
2026,事业单位,省直,省,,,,安徽省地方海事（港航）管理服务中心,3000234.0,专业技术,,,3,1,,,,,,,,,,,
2026,事业单位,省直,省,,,,安徽省地方海事（港航）管理服务中心,3000235.0,专业技术,,,3,1,,,,,,,,,,,
2026,事业单位,省直,省,,,,安徽省地方海事（港航）管理服务中心,3000236.0,管理,,,3,1,,,,,,,,,,,
2026,事业单位,省直,省,,,,安徽省地方海事（港航）管理服务中心,3000237.0,管理,,,3,1,,,,,,,,,,,
2026,事业单位,省直,省,,,,安徽省地理信息中心,3000628.0,专业技术,,,3,1,,,,,,,,,,,
2026,事业单位,省直,省,,,,安徽省地质勘查基金管理中心(安徽省自然资源厅财务资产管理中心),3000209.0,专业技术,,,3,1,,,,,,,,,,,
2026,事业单位,省直,省,,,,安徽省地震局地方地震工作处,3000627.0,专业技术,,,3,1,,,,,,,,,,,
2026,事业单位,省直,省,,,,安徽省外事侨务工作服务中心,3000505.0,管理,,,3,1,,,,,,,,,,,
2026,事业单位,省直,省,,,,安徽省外事侨务工作服务中心,3000506.0,管理,,,3,1,,,,,,,,,,,
2026,事业单位,省直,省,,,,安徽省妇女儿童保健中心,3000407.0,专业技术,,,3,1,,,,,,,,,,,
2026,事业单位,省直,省,,,,安徽省妇女儿童保健中心,3000408.0,专业技术,,,3,1,,,,,,,,,,,
2026,事业单位,省直,省,,,,安徽省妇女儿童保健中心,3000409.0,专业技术,,,3,1,,,,,,,,,,,
2026,事业单位,省直,省,,,,安徽省妇女儿童保健中心,3000410.0,专业技术,,,3,1,,,,,,,,,,,
2026,事业单位,省直,省,,,,安徽省安庆水文水资源局,3000299.0,专业技术,,,3,2,,,,,,,,,,,
2026,事业单位,省直,省,,,,安徽省安庆生态环境监测中心,3000224.0,专业技术,,,3,1,,,,,,,,,,,
2026,事业单位,省直,省,,,,安徽省安庆生态环境监测中心,3000225.0,专业技术,,,3,1,,,,,,,,,,,
2026,事业单位,省直,省,,,,安徽省安庆生态环境监测中心,3000226.0,专业技术,,,3,1,,,,,,,,,,,
2026,事业单位,省直,省,,,,安徽省宿州水文水资源局,3000292.0,专业技术,,,3,1,,,,,,,,,,,
2026,事业单位,省直,省,,,,安徽省宿州生态环境监测中心,3000213.0,专业技术,,,3,2,,,,,,,,,,,
2026,事业单位,省直,省,,,,安徽省射击运动管理中心,3000532.0,专业技术,,,3,1,,,,,,,,,,,
2026,事业单位,省直,省,,,,安徽省射击运动管理中心,3000533.0,专业技术,,,3,1,,,,,,,,,,,
2026,事业单位,省直,省,,,,安徽省工业和信息化厅财务（会计）中心,3000148.0,专业技术,,,3,1,,,,,,,,,,,
2026,事业单位,省直,省,,,,安徽省徽京剧院,3000394.0,管理,,,3,1,,,,,,,,,,,
2026,事业单位,省直,省,,,,安徽省怀洪新河河道管理局,3000328.0,管理,,,3,1,,,,,,,,,,,
2026,事业单位,省直,省,,,,安徽省怀洪新河河道管理局,3000329.0,管理,,,3,1,,,,,,,,,,,
2026,事业单位,省直,省,,,,安徽省怀洪新河河道管理局,3000330.0,管理,,,3,2,,,,,,,,,,,
2026,事业单位,省直,省,,,,安徽省总工会职工服务中心,3000609.0,管理,,,3,1,,,,,,,,,,,
2026,事业单位,省直,省,,,,安徽省技能人才管理服务中心,3000180.0,管理,,,3,1,,,,,,,,,,,
2026,事业单位,省直,省,,,,安徽省技能人才管理服务中心,3000181.0,管理,,,3,1,,,,,,,,,,,
2026,事业单位,省直,省,,,,安徽省技能人才管理服务中心,3000182.0,专业技术,,,3,1,,,,,,,,,,,
2026,事业单位,省直,省,,,,安徽省技能人才管理服务中心,3000183.0,专业技术,,,3,1,,,,,,,,,,,
2026,事业单位,省直,省,,,,安徽省摄影家协会,3000616.0,专业技术,,,3,1,,,,,,,,,,,
2026,事业单位,省直,省,,,,安徽省政务服务便民热线管理服务中心,3000061.0,管理,,,3,2,,,,,,,,,,,
2026,事业单位,省直,省,,,,安徽省政协文史资料研究室,3000604.0,专业技术,,,3,2,,,,,,,,,,,
2026,事业单位,省直,省,,,,安徽省政协机关门诊部,3000605.0,专业技术,,,3,1,,,,,,,,,,,
2026,事业单位,省直,省,,,,安徽省政协机关门诊部,3000606.0,专业技术,,,3,1,,,,,,,,,,,
2026,事业单位,省直,省,,,,安徽省教育宣传中心,3000079.0,管理,,,3,1,,,,,,,,,,,
2026,事业单位,省直,省,,,,安徽省教育宣传中心,3000080.0,专业技术,,,3,1,,,,,,,,,,,
2026,事业单位,省直,省,,,,安徽省教育招生考试院,3000075.0,管理,,,3,1,,,,,,,,,,,
2026,事业单位,省直,省,,,,安徽省教育招生考试院,3000076.0,专业技术,,,3,1,,,,,,,,,,,
2026,事业单位,省直,省,,,,安徽省教育招生考试院,3000077.0,专业技术,,,3,1,,,,,,,,,,,
2026,事业单位,省直,省,,,,安徽省教育招生考试院,3000078.0,专业技术,,,3,3,,,,,,,,,,,
2026,事业单位,省直,省,,,,安徽省教育评估中心,3000081.0,专业技术,,,3,1,,,,,,,,,,,
2026,事业单位,省直,省,,,,安徽省数字江淮中心,3000569.0,专业技术,,,3,2,,,,,,,,,,,
2026,事业单位,省直,省,,,,安徽省数字江淮中心,3000570.0,专业技术,,,3,3,,,,,,,,,,,
2026,事业单位,省直,省,,,,安徽省数字江淮中心,3000571.0,专业技术,,,3,4,,,,,,,,,,,
2026,事业单位,省直,省,,,,安徽省文化和旅游信息中心,3000391.0,专业技术,,,3,1,,,,,,,,,,,
2026,事业单位,省直,省,,,,安徽省文化和旅游信息中心,3000392.0,专业技术,,,3,1,,,,,,,,,,,
2026,事业单位,省直,省,,,,安徽省文化和旅游信息中心,3000393.0,专业技术,,,3,1,,,,,,,,,,,
2026,事业单位,省直,省,,,,安徽省文物考古研究所,3000386.0,专业技术,,,3,1,,,,,,,,,,,
2026,事业单位,省直,省,,,,安徽省文物考古研究所,3000387.0,专业技术,,,3,1,,,,,,,,,,,
2026,事业单位,省直,省,,,,安徽省文物考古研究所,3000388.0,专业技术,,,3,1,,,,,,,,,,,
2026,事业单位,省直,省,,,,安徽省文物考古研究所,3000389.0,专业技术,,,3,1,,,,,,,,,,,
2026,事业单位,省直,省,,,,安徽省文物考古研究所,3000390.0,专业技术,,,3,2,,,,,,,,,,,
2026,事业单位,省直,省,,,,安徽省机关事务管理局生活服务处,3000562.0,管理,,,3,1,,,,,,,,,,,
2026,事业单位,省直,省,,,,安徽省机电排灌总站,3000360.0,专业技术,,,3,1,,,,,,,,,,,
2026,事业单位,省直,省,,,,安徽省机电排灌总站,3000361.0,专业技术,,,3,1,,,,,,,,,,,
2026,事业单位,省直,省,,,,安徽省水上运动管理中心,3000534.0,专业技术,,,3,1,,,,,,,,,,,
2026,事业单位,省直,省,,,,安徽省水上运动管理中心,3000535.0,专业技术,,,3,1,,,,,,,,,,,
2026,事业单位,省直,省,,,,安徽省水上运动管理中心,3000536.0,专业技术,,,3,1,,,,,,,,,,,
2026,事业单位,省直,省,,,,安徽省水上运动管理中心,3000537.0,专业技术,,,3,1,,,,,,,,,,,
2026,事业单位,省直,省,,,,安徽省水利发展规划研究中心,3000362.0,专业技术（中级）,,,3,1,,,,,,,,,,,
2026,事业单位,省直,省,,,,安徽省水利发展规划研究中心,3000363.0,专业技术,,,3,1,,,,,,,,,,,
2026,事业单位,省直,省,,,,安徽省水利引用外资办公室,3000365.0,管理,,,3,1,,,,,,,,,,,
2026,事业单位,省直,省,,,,安徽省江淮船舶检验（船员管理）服务中心,3000238.0,专业技术,,,3,2,,,,,,,,,,,
2026,事业单位,省直,省,,,,安徽省江淮船舶检验（船员管理）服务中心,3000239.0,专业技术,,,3,2,,,,,,,,,,,
2026,事业单位,省直,省,,,,安徽省江淮船舶检验（船员管理）服务中心,3000240.0,专业技术,,,3,1,,,,,,,,,,,
2026,事业单位,省直,省,,,,安徽省江淮船舶检验（船员管理）服务中心,3000241.0,专业技术,,,3,1,,,,,,,,,,,
2026,事业单位,省直,省,,,,安徽省注册会计师管理处,3000171.0,管理,,,3,2,,,,,,,,,,,
2026,事业单位,省直,省,,,,安徽省测绘产品质量监督检验站,3000204.0,专业技术,,,3,1,,,,,,,,,,,
2026,事业单位,省直,省,,,,安徽省测绘档案资料馆（安徽省基础测绘信息中心）,3000199.0,专业技术,,,3,1,,,,,,,,,,,
2026,事业单位,省直,省,,,,安徽省测绘档案资料馆（安徽省基础测绘信息中心）,3000200.0,专业技术,,,3,2,,,,,,,,,,,
2026,事业单位,省直,省,,,,安徽省测绘档案资料馆（安徽省基础测绘信息中心）,3000201.0,专业技术,,,3,1,,,,,,,,,,,
2026,事业单位,省直,省,,,,安徽省测绘档案资料馆（安徽省基础测绘信息中心）,3000202.0,专业技术,,,3,2,,,,,,,,,,,
2026,事业单位,省直,省,,,,安徽省测绘档案资料馆（安徽省基础测绘信息中心）,3000203.0,专业技术,,,3,1,,,,,,,,,,,
2026,事业单位,省直,省,,,,安徽省淠史杭灌区管理总局,3000331.0,专业技术,,,3,2,,,,,,,,,,,
2026,事业单位,省直,省,,,,安徽省淠史杭灌区管理总局,3000332.0,管理,,,3,2,,,,,,,,,,,
2026,事业单位,省直,省,,,,安徽省淠史杭灌区管理总局,3000333.0,管理,,,3,1,,,,,,,,,,,
2026,事业单位,省直,省,,,,安徽省淠史杭灌区管理总局,3000334.0,专业技术,,,3,3,,,,,,,,,,,
2026,事业单位,省直,省,,,,安徽省淠史杭灌区管理总局,3000335.0,专业技术,,,3,1,,,,,,,,,,,
2026,事业单位,省直,省,,,,安徽省淠史杭灌区管理总局,3000336.0,专业技术,,,3,2,,,,,,,,,,,
2026,事业单位,省直,省,,,,安徽省淠史杭灌区管理总局,3000337.0,专业技术,,,3,1,,,,,,,,,,,
2026,事业单位,省直,省,,,,安徽省淠史杭灌区管理总局,3000338.0,专业技术,,,3,1,,,,,,,,,,,
2026,事业单位,省直,省,,,,安徽省淠史杭灌区管理总局,3000339.0,管理,,,3,1,,,,,,,,,,,
2026,事业单位,省直,省,,,,安徽省淠史杭灌区管理总局,3000340.0,专业技术,,,3,1,,,,,,,,,,,
2026,事业单位,省直,省,,,,安徽省淮南生态环境监测中心,3000215.0,专业技术,,,3,2,,,,,,,,,,,
2026,事业单位,省直,省,,,,安徽省淮南生态环境监测中心,3000216.0,专业技术,,,3,1,,,,,,,,,,,
2026,事业单位,省直,省,,,,安徽省淮河河道管理局,3000305.0,管理,,,3,1,,,,,,,,,,,
2026,事业单位,省直,省,,,,安徽省淮河河道管理局,3000306.0,管理,,,3,4,,,,,,,,,,,
2026,事业单位,省直,省,,,,安徽省淮河河道管理局,3000307.0,管理,,,3,1,,,,,,,,,,,
2026,事业单位,省直,省,,,,安徽省淮河河道管理局,3000308.0,管理,,,3,1,,,,,,,,,,,
2026,事业单位,省直,省,,,,安徽省淮河河道管理局,3000309.0,管理,,,3,1,,,,,,,,,,,
2026,事业单位,省直,省,,,,安徽省淮河河道管理局,3000310.0,管理,,,3,1,,,,,,,,,,,
2026,事业单位,省直,省,,,,安徽省淮河河道管理局,3000311.0,管理,,,3,1,,,,,,,,,,,
2026,事业单位,省直,省,,,,安徽省淮河河道管理局,3000312.0,管理,,,3,2,,,,,,,,,,,
2026,事业单位,省直,省,,,,安徽省淮河河道管理局,3000313.0,管理,,,3,1,,,,,,,,,,,
2026,事业单位,省直,省,,,,安徽省淮河河道管理局,3000314.0,管理,,,3,1,,,,,,,,,,,
2026,事业单位,省直,省,,,,安徽省淮河河道管理局,3000315.0,管理,,,3,2,,,,,,,,,,,
2026,事业单位,省直,省,,,,安徽省淮河航道管理服务中心,3000248.0,专业技术,,,3,1,,,,,,,,,,,
2026,事业单位,省直,省,,,,安徽省淮河航道管理服务中心,3000249.0,专业技术,,,3,2,,,,,,,,,,,
2026,事业单位,省直,省,,,,安徽省淮河航道管理服务中心,3000250.0,管理,,,3,1,,,,,,,,,,,
2026,事业单位,省直,省,,,,安徽省淮河航道管理服务中心,3000251.0,管理,,,3,1,,,,,,,,,,,
2026,事业单位,省直,省,,,,安徽省淮河船舶检验（船员管理）服务中心,3000244.0,专业技术,,,3,1,,,,,,,,,,,
2026,事业单位,省直,省,,,,安徽省淮河船舶检验（船员管理）服务中心,3000245.0,专业技术,,,3,1,,,,,,,,,,,
2026,事业单位,省直,省,,,,安徽省淮河船舶检验（船员管理）服务中心,3000246.0,专业技术,,,3,1,,,,,,,,,,,
2026,事业单位,省直,省,,,,安徽省淮河船舶检验（船员管理）服务中心,3000247.0,专业技术,,,3,2,,,,,,,,,,,
2026,事业单位,省直,省,,,,安徽省滁州水文水资源局,3000295.0,专业技术,,,3,2,,,,,,,,,,,
2026,事业单位,省直,省,,,,安徽省灾害预警和农业气象信息中心,3000626.0,专业技术,,,3,1,,,,,,,,,,,
2026,事业单位,省直,省,,,,安徽省煤炭科学研究院,3000141.0,专业技术,,,3,1,,,,,,,,,,,
2026,事业单位,省直,省,,,,安徽省煤炭科学研究院,3000142.0,专业技术,,,3,1,,,,,,,,,,,
2026,事业单位,省直,省,,,,安徽省煤炭科学研究院,3000143.0,专业技术,,,3,1,,,,,,,,,,,
2026,事业单位,省直,省,,,,安徽省煤炭科学研究院,3000144.0,专业技术,,,3,1,,,,,,,,,,,
2026,事业单位,省直,省,,,,安徽省煤炭科学研究院,3000145.0,专业技术,,,3,1,,,,,,,,,,,
2026,事业单位,省直,省,,,,安徽省特种设备检测院,3000513.0,专业技术,,,3,2,,,,,,,,,,,
2026,事业单位,省直,省,,,,安徽省生态环境科学研究院,3000210.0,专业技术,,,3,1,,,,,,,,,,,
2026,事业单位,省直,省,,,,安徽省生态环境科学研究院,3000211.0,专业技术,,,3,1,,,,,,,,,,,
2026,事业单位,省直,省,,,,安徽省生态环境科学研究院,3000212.0,专业技术,,,3,1,,,,,,,,,,,
2026,事业单位,省直,省,,,,安徽省田径游泳运动管理中心,3000539.0,专业技术,,,3,1,,,,,,,,,,,
2026,事业单位,省直,省,,,,安徽省田径游泳运动管理中心,3000540.0,管理,,,3,1,,,,,,,,,,,
2026,事业单位,省直,省,,,,安徽省田径游泳运动管理中心,3000541.0,专业技术,,,3,1,,,,,,,,,,,
2026,事业单位,省直,省,,,,安徽省畜禽遗传资源保护中心,3000287.0,专业技术,,,3,1,,,,,,,,,,,
2026,事业单位,省直,省,,,,安徽省疾病预防控制中心,3000472.0,专业技术,,,3,3,,,,,,,,,,,
2026,事业单位,省直,省,,,,安徽省疾病预防控制中心,3000473.0,专业技术,,,3,1,,,,,,,,,,,
2026,事业单位,省直,省,,,,安徽省疾病预防控制中心,3000474.0,专业技术,,,3,1,,,,,,,,,,,
2026,事业单位,省直,省,,,,安徽省疾病预防控制中心,3000475.0,专业技术,,,3,2,,,,,,,,,,,
2026,事业单位,省直,省,,,,安徽省疾病预防控制中心,3000476.0,专业技术,,,3,1,,,,,,,,,,,
2026,事业单位,省直,省,,,,安徽省疾病预防控制中心,3000477.0,专业技术,,,3,1,,,,,,,,,,,
2026,事业单位,省直,省,,,,安徽省疾病预防控制中心,3000478.0,专业技术,,,3,1,,,,,,,,,,,
2026,事业单位,省直,省,,,,安徽省疾病预防控制中心,3000479.0,专业技术,,,3,3,,,,,,,,,,,
2026,事业单位,省直,省,,,,安徽省疾病预防控制中心,3000480.0,专业技术,,,3,2,,,,,,,,,,,
2026,事业单位,省直,省,,,,安徽省皖江船舶检验（船员管理）服务中心,3000242.0,专业技术,,,3,1,,,,,,,,,,,
2026,事业单位,省直,省,,,,安徽省皖江船舶检验（船员管理）服务中心,3000243.0,专业技术,,,3,1,,,,,,,,,,,
2026,事业单位,省直,省,,,,安徽省省直住房公积金管理分中心,3000561.0,管理,,,3,1,,,,,,,,,,,
2026,事业单位,省直,省,,,,安徽省省直机关公务用车管理中心,3000566.0,管理,,,3,1,,,,,,,,,,,
2026,事业单位,省直,省,,,,安徽省省直机关公务用车管理中心,3000567.0,管理,,,3,1,,,,,,,,,,,
2026,事业单位,省直,省,,,,安徽省省直机关办公用房管理中心,3000564.0,管理,,,3,1,,,,,,,,,,,
2026,事业单位,省直,省,,,,安徽省省直机关办公用房管理中心,3000565.0,管理,,,3,1,,,,,,,,,,,
2026,事业单位,省直,省,,,,安徽省省直机关曙光新村管理处,3000560.0,管理,,,3,1,,,,,,,,,,,
2026,事业单位,省直,省,,,,安徽省社会科学院图书馆,3000603.0,专业技术,,,3,1,,,,,,,,,,,
2026,事业单位,省直,省,,,,安徽省福利彩票发行中心,3000154.0,管理,,,3,1,,,,,,,,,,,
2026,事业单位,省直,省,,,,安徽省福利彩票发行中心,3000155.0,管理,,,3,1,,,,,,,,,,,
2026,事业单位,省直,省,,,,安徽省福利彩票发行中心,3000156.0,管理,,,3,1,,,,,,,,,,,
2026,事业单位,省直,省,,,,安徽省科技评估与监管中心,3000138.0,管理,,,3,1,,,,,,,,,,,
2026,事业单位,省直,省,,,,安徽省科技评估与监管中心,3000139.0,管理,,,3,1,,,,,,,,,,,
2026,事业单位,省直,省,,,,安徽省第一测绘院,3000184.0,专业技术,,,3,2,,,,,,,,,,,
2026,事业单位,省直,省,,,,安徽省第一测绘院,3000185.0,专业技术,,,3,2,,,,,,,,,,,
2026,事业单位,省直,省,,,,安徽省第一测绘院,3000186.0,专业技术,,,3,1,,,,,,,,,,,
2026,事业单位,省直,省,,,,安徽省第一测绘院,3000187.0,专业技术,,,3,1,,,,,,,,,,,
2026,事业单位,省直,省,,,,安徽省第一测绘院,3000188.0,专业技术,,,3,1,,,,,,,,,,,
2026,事业单位,省直,省,,,,安徽省第一测绘院,3000189.0,专业技术,,,3,2,,,,,,,,,,,
2026,事业单位,省直,省,,,,安徽省第一轻工业学校,3000082.0,专业技术,,,3,1,,,,,,,,,,,
2026,事业单位,省直,省,,,,安徽省第一轻工业学校,3000083.0,专业技术,,,3,1,,,,,,,,,,,
2026,事业单位,省直,省,,,,安徽省第一轻工业学校,3000084.0,专业技术,,,3,1,,,,,,,,,,,
2026,事业单位,省直,省,,,,安徽省第一轻工业学校,3000085.0,专业技术,,,3,1,,,,,,,,,,,
2026,事业单位,省直,省,,,,安徽省第一轻工业学校,3000086.0,专业技术,,,3,1,,,,,,,,,,,
2026,事业单位,省直,省,,,,安徽省第一轻工业学校,3000087.0,专业技术,,,3,1,,,,,,,,,,,
2026,事业单位,省直,省,,,,安徽省第三测绘院,3000194.0,专业技术,,,3,1,,,,,,,,,,,
2026,事业单位,省直,省,,,,安徽省第二人民医院,3000413.0,专业技术（中级）,,,3,3,,,,,,,,,,,
2026,事业单位,省直,省,,,,安徽省第二人民医院,3000414.0,专业技术（中级）,,,3,3,,,,,,,,,,,
2026,事业单位,省直,省,,,,安徽省第二人民医院,3000415.0,专业技术（中级）,,,3,1,,,,,,,,,,,
2026,事业单位,省直,省,,,,安徽省第二人民医院,3000416.0,专业技术（中级）,,,3,1,,,,,,,,,,,
2026,事业单位,省直,省,,,,安徽省第二人民医院,3000417.0,专业技术（中级）,,,3,1,,,,,,,,,,,
2026,事业单位,省直,省,,,,安徽省第二测绘院,3000190.0,专业技术,,,3,2,,,,,,,,,,,
2026,事业单位,省直,省,,,,安徽省第二测绘院,3000191.0,专业技术,,,3,2,,,,,,,,,,,
2026,事业单位,省直,省,,,,安徽省第二测绘院,3000192.0,专业技术,,,3,1,,,,,,,,,,,
2026,事业单位,省直,省,,,,安徽省第二测绘院,3000193.0,专业技术,,,3,1,,,,,,,,,,,
2026,事业单位,省直,省,,,,安徽省第四测绘院,3000195.0,专业技术,,,3,1,,,,,,,,,,,
2026,事业单位,省直,省,,,,安徽省第四测绘院,3000196.0,专业技术,,,3,1,,,,,,,,,,,
2026,事业单位,省直,省,,,,安徽省第四测绘院,3000197.0,专业技术,,,3,1,,,,,,,,,,,
2026,事业单位,省直,省,,,,安徽省第四测绘院,3000198.0,专业技术,,,3,1,,,,,,,,,,,
2026,事业单位,省直,省,,,,安徽省粮油产品质量监督检测站,3000073.0,专业技术,,,3,1,,,,,,,,,,,
2026,事业单位,省直,省,,,,安徽省粮油产品质量监督检测站,3000074.0,专业技术,,,3,1,,,,,,,,,,,
2026,事业单位,省直,省,,,,安徽省红十字会备灾救灾中心,3000625.0,管理,,,3,1,,,,,,,,,,,
2026,事业单位,省直,省,,,,安徽省纪委监委信息中心,3000004.0,专业技术,,,3,1,,,,,,,,,,,
2026,事业单位,省直,省,,,,安徽省经济信息中心,3000062.0,专业技术,,,3,1,,,,,,,,,,,
2026,事业单位,省直,省,,,,安徽省经济信息中心,3000063.0,专业技术,,,3,2,,,,,,,,,,,
2026,事业单位,省直,省,,,,安徽省统计局数据管理中心,3000545.0,管理,,,3,1,,,,,,,,,,,
2026,事业单位,省直,省,,,,安徽省统计局数据管理中心,3000546.0,专业技术,,,3,2,,,,,,,,,,,
2026,事业单位,省直,省,,,,安徽省统计干部培训中心,3000549.0,管理,,,3,1,,,,,,,,,,,
2026,事业单位,省直,省,,,,安徽省统计干部培训中心,3000550.0,专业技术,,,3,3,,,,,,,,,,,
2026,事业单位,省直,省,,,,安徽省统计科学研究所,3000544.0,专业技术,,,3,2,,,,,,,,,,,
2026,事业单位,省直,省,,,,安徽省统计调查队,3000547.0,管理,,,3,1,,,,,,,,,,,
2026,事业单位,省直,省,,,,安徽省统计调查队,3000548.0,专业技术,,,3,3,,,,,,,,,,,
2026,事业单位,省直,省,,,,安徽省网上信访信息中心（省信访投诉受理中心）,3000568.0,管理,,,3,1,,,,,,,,,,,
2026,事业单位,省直,省,,,,安徽省网络安全应急指挥中心,3000007.0,专业技术,,,3,3,,,,,,,,,,,
2026,事业单位,省直,省,,,,安徽省网络安全应急指挥中心,3000008.0,专业技术,,,3,2,,,,,,,,,,,
2026,事业单位,省直,省,,,,安徽省网络安全应急指挥中心,3000009.0,专业技术,,,3,1,,,,,,,,,,,
2026,事业单位,省直,省,,,,安徽省网络安全应急指挥中心,3000010.0,管理,,,3,2,,,,,,,,,,,
2026,事业单位,省直,省,,,,安徽省网络文艺传播中心,3000620.0,专业技术,,,3,1,,,,,,,,,,,
2026,事业单位,省直,省,,,,安徽省网络文艺传播中心,3000621.0,专业技术,,,3,1,,,,,,,,,,,
2026,事业单位,省直,省,,,,安徽省网络文艺传播中心,3000622.0,专业技术,,,3,1,,,,,,,,,,,
2026,事业单位,省直,省,,,,安徽省网络文艺传播中心,3000623.0,专业技术,,,3,1,,,,,,,,,,,
2026,事业单位,省直,省,,,,安徽省芜湖水文水资源局,3000298.0,专业技术,,,3,3,,,,,,,,,,,
2026,事业单位,省直,省,,,,安徽省芜湖生态环境监测中心,3000218.0,专业技术,,,3,2,,,,,,,,,,,
2026,事业单位,省直,省,,,,安徽省芜湖生态环境监测中心,3000219.0,专业技术,,,3,1,,,,,,,,,,,
2026,事业单位,省直,省,,,,安徽省芜湖生态环境监测中心,3000220.0,专业技术,,,3,1,,,,,,,,,,,
2026,事业单位,省直,省,,,,安徽省芜湖生态环境监测中心,3000221.0,专业技术,,,3,1,,,,,,,,,,,
2026,事业单位,省直,省,,,,安徽省茨淮新河工程管理局,3000347.0,管理,,,3,1,,,,,,,,,,,
2026,事业单位,省直,省,,,,安徽省荣军医院,3000482.0,专业技术（中级）,,,3,1,,,,,,,,,,,
2026,事业单位,省直,省,,,,安徽省荣军医院,3000483.0,专业技术（中级）,,,3,1,,,,,,,,,,,
2026,事业单位,省直,省,,,,安徽省荣军医院,3000484.0,专业技术,,,3,1,,,,,,,,,,,
2026,事业单位,省直,省,,,,安徽省荣军医院,3000485.0,专业技术（中级）,,,3,1,,,,,,,,,,,
2026,事业单位,省直,省,,,,安徽省荣军康复医院,3000486.0,专业技术,,,3,2,,,,,,,,,,,
2026,事业单位,省直,省,,,,安徽省荣军康复医院,3000487.0,专业技术,,,3,1,,,,,,,,,,,
2026,事业单位,省直,省,,,,安徽省荣军康复医院,3000488.0,专业技术,,,3,1,,,,,,,,,,,
2026,事业单位,省直,省,,,,安徽省荣军康复医院,3000489.0,专业技术,,,3,1,,,,,,,,,,,
2026,事业单位,省直,省,,,,安徽省荣军康复医院,3000490.0,专业技术,,,3,1,,,,,,,,,,,
2026,事业单位,省直,省,,,,安徽省药品审评查验中心,3000524.0,专业技术,,,3,2,,,,,,,,,,,
2026,事业单位,省直,省,,,,安徽省药品审评查验中心,3000525.0,专业技术,,,3,1,,,,,,,,,,,
2026,事业单位,省直,省,,,,安徽省药品审评查验中心,3000526.0,专业技术,,,3,2,,,,,,,,,,,
2026,事业单位,省直,省,,,,安徽省蚌埠水文水资源局,3000293.0,专业技术,,,3,1,,,,,,,,,,,
2026,事业单位,省直,省,,,,安徽省蚌埠生态环境监测中心,3000214.0,专业技术,,,3,1,,,,,,,,,,,
2026,事业单位,省直,省,,,,安徽省行政中心管理处,3000563.0,管理,,,3,1,,,,,,,,,,,
2026,事业单位,省直,省,,,,安徽省计量科学研究院,3000512.0,专业技术,,,3,1,,,,,,,,,,,
2026,事业单位,省直,省,,,,安徽省财政信息中心,3000168.0,专业技术,,,3,1,,,,,,,,,,,
2026,事业单位,省直,省,,,,安徽省财政信息中心,3000169.0,专业技术,,,3,1,,,,,,,,,,,
2026,事业单位,省直,省,,,,安徽省财政科学研究所,3000170.0,专业技术,,,3,1,,,,,,,,,,,
2026,事业单位,省直,省,,,,安徽省退役军人服务中心,3000481.0,专业技术,,,3,1,,,,,,,,,,,
2026,事业单位,省直,省,,,,安徽省道路运输管理服务中心（安徽省通用航空协调管理服务中心）,3000231.0,专业技术,,,3,1,,,,,,,,,,,
2026,事业单位,省直,省,,,,安徽省道路运输管理服务中心（安徽省通用航空协调管理服务中心）,3000232.0,专业技术,,,3,2,,,,,,,,,,,
2026,事业单位,省直,省,,,,安徽省邮政业安全中心,3000629.0,管理,,,3,1,,,,,,,,,,,
2026,事业单位,省直,省,,,,安徽省邮政业安全中心,3000630.0,管理,,,3,1,,,,,,,,,,,
2026,事业单位,省直,省,,,,安徽省铜陵生态环境监测中心,3000222.0,专业技术,,,3,1,,,,,,,,,,,
2026,事业单位,省直,省,,,,安徽省铜陵生态环境监测中心,3000223.0,专业技术,,,3,1,,,,,,,,,,,
2026,事业单位,省直,省,,,,安徽省长江河道管理局,3000316.0,管理,,,3,2,,,,,,,,,,,
2026,事业单位,省直,省,,,,安徽省长江河道管理局,3000317.0,管理,,,3,1,,,,,,,,,,,
2026,事业单位,省直,省,,,,安徽省长江河道管理局,3000318.0,管理,,,3,3,,,,,,,,,,,
2026,事业单位,省直,省,,,,安徽省长江河道管理局,3000319.0,管理,,,3,1,,,,,,,,,,,
2026,事业单位,省直,省,,,,安徽省长江河道管理局,3000320.0,管理,,,3,1,,,,,,,,,,,
2026,事业单位,省直,省,,,,安徽省长江河道管理局,3000321.0,管理,,,3,1,,,,,,,,,,,
2026,事业单位,省直,省,,,,安徽省长江河道管理局,3000322.0,管理,,,3,1,,,,,,,,,,,
2026,事业单位,省直,省,,,,安徽省长江河道管理局,3000323.0,管理,,,3,1,,,,,,,,,,,
2026,事业单位,省直,省,,,,安徽省长江河道管理局,3000324.0,管理,,,3,2,,,,,,,,,,,
2026,事业单位,省直,省,,,,安徽省长江河道管理局,3000325.0,管理,,,3,1,,,,,,,,,,,
2026,事业单位,省直,省,,,,安徽省长江河道管理局,3000326.0,管理,,,3,1,,,,,,,,,,,
2026,事业单位,省直,省,,,,安徽省长江河道管理局,3000327.0,管理,,,3,2,,,,,,,,,,,
2026,事业单位,省直,省,,,,安徽省长江计量所（九一0所）,3000030.0,专业技术,,,3,1,,,,,,,,,,,
2026,事业单位,省直,省,,,,安徽省长江计量所（九一0所）,3000031.0,专业技术,,,3,1,,,,,,,,,,,
2026,事业单位,省直,省,,,,安徽省阜阳水文水资源局,3000294.0,专业技术,,,3,2,,,,,,,,,,,
2026,事业单位,省直,省,,,,安徽省青少年科技活动中心,3000613.0,专业技术,,,3,1,,,,,,,,,,,
2026,事业单位,省直,省,,,,安徽省青少年科技活动中心,3000614.0,管理,,,3,1,,,,,,,,,,,
2026,事业单位,省直,省,,,,安徽省音乐家协会,3000617.0,专业技术,,,3,1,,,,,,,,,,,
2026,事业单位,省直,省,,,,安徽省音乐家协会,3000618.0,专业技术,,,3,1,,,,,,,,,,,
2026,事业单位,省直,省,,,,安徽省食品药品检验研究院,3000514.0,专业技术,,,3,1,,,,,,,,,,,
2026,事业单位,省直,省,,,,安徽省食品药品检验研究院,3000515.0,专业技术,,,3,1,,,,,,,,,,,
2026,事业单位,省直,省,,,,安徽省食品药品检验研究院,3000516.0,专业技术,,,3,1,,,,,,,,,,,
2026,事业单位,省直,省,,,,安徽省食品药品检验研究院,3000517.0,专业技术,,,3,1,,,,,,,,,,,
2026,事业单位,省直,省,,,,安徽省食品药品检验研究院,3000518.0,专业技术,,,3,1,,,,,,,,,,,
2026,事业单位,省直,省,,,,安徽省食品药品检验研究院,3000519.0,专业技术,,,3,1,,,,,,,,,,,
2026,事业单位,省直,省,,,,安徽省食品药品检验研究院,3000520.0,专业技术,,,3,1,,,,,,,,,,,
2026,事业单位,省直,省,,,,安徽省食品药品检验研究院,3000521.0,专业技术,,,3,1,,,,,,,,,,,
2026,事业单位,省直,省,,,,安徽省食品药品检验研究院,3000522.0,专业技术,,,3,1,,,,,,,,,,,
2026,事业单位,省直,省,,,,安徽省食品药品检验研究院,3000523.0,专业技术,,,3,1,,,,,,,,,,,
2026,事业单位,省直,省,,,,安徽省马鞍山水文水资源局,3000297.0,专业技术,,,3,1,,,,,,,,,,,
2026,事业单位,省直,省,,,,安徽省驷马山引江工程管理处,3000341.0,管理,,,3,1,,,,,,,,,,,
2026,事业单位,省直,省,,,,安徽省驷马山引江工程管理处,3000342.0,管理,,,3,1,,,,,,,,,,,
2026,事业单位,省直,省,,,,安徽省驷马山引江工程管理处,3000343.0,管理,,,3,2,,,,,,,,,,,
2026,事业单位,省直,省,,,,安徽省驷马山引江工程管理处,3000344.0,管理,,,3,1,,,,,,,,,,,
2026,事业单位,省直,省,,,,安徽省驷马山引江工程管理处,3000345.0,管理,,,3,1,,,,,,,,,,,
2026,事业单位,省直,省,,,,安徽省驷马山引江工程管理处,3000346.0,管理,,,3,1,,,,,,,,,,,
2026,事业单位,省直,省,,,,安徽省高新技术发展中心（省基础研究管理中心）,3000140.0,专业技术,,,3,2,,,,,,,,,,,
2026,事业单位,省直,省,,,,安徽省高速公路路政支队徐明大队,3000261.0,管理,,,3,1,,,,,,,,,,,
2026,事业单位,省直,省,,,,安徽省高速公路路政支队徽杭大队,3000260.0,管理,,,3,2,,,,,,,,,,,
2026,事业单位,省直,省,,,,安徽省高速公路路政支队淮宿大队,3000262.0,管理,,,3,1,,,,,,,,,,,
2026,事业单位,省直,省,,,,安徽省高速公路路政支队阜周大队,3000259.0,管理,,,3,2,,,,,,,,,,,
2026,事业单位,省直,省,,,,安徽省黄山生态环境监测中心,3000227.0,专业技术,,,3,2,,,,,,,,,,,
2026,事业单位,省直,省,,,,安徽省黄山生态环境监测中心,3000228.0,专业技术,,,3,1,,,,,,,,,,,
2026,事业单位,省直,省,,,,安徽省龙河口水库管理处,3000353.0,管理,,,3,1,,,,,,,,,,,
2026,事业单位,省直,省,,,,安徽省龙河口水库管理处,3000354.0,管理,,,3,1,,,,,,,,,,,
2026,事业单位,省直,省,,,,安徽省龙河口水库管理处,3000355.0,管理,,,3,1,,,,,,,,,,,
2026,事业单位,省直,省,,,,安徽科技贸易学校,3000069.0,管理,,,3,1,,,,,,,,,,,
2026,事业单位,省直,省,,,,安徽科技贸易学校,3000070.0,专业技术,,,3,1,,,,,,,,,,,
2026,事业单位,省直,省,,,,安徽科技贸易学校,3000071.0,专业技术,,,3,1,,,,,,,,,,,
2026,事业单位,省直,省,,,,安徽科技贸易学校,3000072.0,专业技术,,,3,1,,,,,,,,,,,
2026,事业单位,省直,省,,,,安徽第二医学院,3000395.0,专业技术,,,3,1,,,,,,,,,,,
2026,事业单位,省直,省,,,,安徽第二医学院,3000396.0,专业技术,,,3,1,,,,,,,,,,,
2026,事业单位,省直,省,,,,安徽第二医学院,3000397.0,专业技术,,,3,2,,,,,,,,,,,
2026,事业单位,省直,省,,,,安徽第二医学院,3000398.0,专业技术,,,3,2,,,,,,,,,,,
2026,事业单位,省直,省,,,,安徽第二医学院,3000399.0,专业技术,,,3,1,,,,,,,,,,,
2026,事业单位,省直,省,,,,安徽第二医学院,3000400.0,专业技术,,,3,1,,,,,,,,,,,
2026,事业单位,省直,省,,,,安徽第二医学院,3000401.0,专业技术,,,3,1,,,,,,,,,,,
2026,事业单位,省直,省,,,,安徽第二医学院,3000402.0,专业技术（中级）,,,3,1,,,,,,,,,,,
2026,事业单位,省直,省,,,,安徽第二医学院,3000403.0,专业技术,,,3,1,,,,,,,,,,,
2026,事业单位,省直,省,,,,安徽第二医学院,3000404.0,专业技术,,,3,1,,,,,,,,,,,
2026,事业单位,省直,省,,,,安徽第二医学院,3000405.0,专业技术（中级）,,,3,1,,,,,,,,,,,
2026,事业单位,省直,省,,,,安徽第二医学院,3000406.0,专业技术（中级）,,,3,1,,,,,,,,,,,
2026,事业单位,省直,省,,,,安徽粮食工程职业学院,3000064.0,专业技术,,,3,1,,,,,,,,,,,
2026,事业单位,省直,省,,,,安徽粮食工程职业学院,3000065.0,专业技术,,,3,1,,,,,,,,,,,
2026,事业单位,省直,省,,,,安徽粮食工程职业学院,3000066.0,专业技术,,,3,1,,,,,,,,,,,
2026,事业单位,省直,省,,,,安徽粮食工程职业学院,3000067.0,专业技术,,,3,1,,,,,,,,,,,
2026,事业单位,省直,省,,,,安徽粮食工程职业学院,3000068.0,专业技术,,,3,1,,,,,,,,,,,
2026,事业单位,省直,省,,,,安徽职业技术大学,3000112.0,管理,,,3,6,,,,,,,,,,,
2026,事业单位,省直,省,,,,安徽职业技术大学,3000113.0,管理,,,3,6,,,,,,,,,,,
2026,事业单位,省直,省,,,,安徽艺术学院,3000636.0,专业技术,,,3,4,,,,,,,,,,,
2026,事业单位,省直,省,,,,安徽艺术学院,3000637.0,专业技术,,,3,4,,,,,,,,,,,
2026,事业单位,省直,省,,,,安徽警官职业学院,3000157.0,专业技术,,,3,2,,,,,,,,,,,
2026,事业单位,省直,省,,,,安徽警官职业学院,3000158.0,专业技术,,,3,3,,,,,,,,,,,
2026,事业单位,省直,省,,,,安徽警官职业学院,3000159.0,专业技术,,,3,2,,,,,,,,,,,
2026,事业单位,省直,省,,,,安徽警官职业学院,3000160.0,专业技术,,,3,2,,,,,,,,,,,
2026,事业单位,省直,省,,,,安徽警官职业学院,3000161.0,专业技术,,,3,1,,,,,,,,,,,
2026,事业单位,省直,省,,,,安徽警官职业学院,3000162.0,专业技术,,,3,1,,,,,,,,,,,
2026,事业单位,省直,省,,,,安徽警官职业学院,3000163.0,专业技术,,,3,3,,,,,,,,,,,
2026,事业单位,省直,省,,,,安徽警官职业学院,3000164.0,专业技术,,,3,2,,,,,,,,,,,
2026,事业单位,省直,省,,,,安徽警官职业学院,3000165.0,专业技术,,,3,2,,,,,,,,,,,
2026,事业单位,省直,省,,,,安徽警官职业学院,3000166.0,专业技术,,,3,1,,,,,,,,,,,
2026,事业单位,省直,省,,,,安徽警官职业学院,3000167.0,专业技术,,,3,1,,,,,,,,,,,
2026,事业单位,省直,省,,,,安徽财贸职业学院,3000587.0,管理,,,3,3,,,,,,,,,,,
2026,事业单位,省直,省,,,,安徽财贸职业学院,3000588.0,管理,,,3,3,,,,,,,,,,,
2026,事业单位,省直,省,,,,安徽财贸职业学院,3000589.0,管理,,,3,3,,,,,,,,,,,
2026,事业单位,省直,省,,,,安徽财贸职业学院,3000590.0,管理,,,3,3,,,,,,,,,,,
2026,事业单位,省直,省,,,,安徽财贸职业学院,3000591.0,管理,,,3,2,,,,,,,,,,,
2026,事业单位,省直,省,,,,安徽财贸职业学院,3000592.0,管理,,,3,2,,,,,,,,,,,
2026,事业单位,省直,省,,,,安徽财贸职业学院,3000593.0,专业技术,,,3,2,,,,,,,,,,,
2026,事业单位,省直,省,,,,安徽财贸职业学院,3000594.0,专业技术,,,3,2,,,,,,,,,,,
2026,事业单位,省直,省,,,,安徽财贸职业学院,3000595.0,专业技术,,,3,2,,,,,,,,,,,
2026,事业单位,省直,省,,,,安徽财贸职业学院,3000596.0,专业技术,,,3,1,,,,,,,,,,,
2026,事业单位,省直,省,,,,安徽财贸职业学院,3000597.0,专业技术,,,3,1,,,,,,,,,,,
2026,事业单位,省直,省,,,,安徽财贸职业学院,3000598.0,专业技术,,,3,2,,,,,,,,,,,
2026,事业单位,省直,省,,,,安徽财贸职业学院,3000599.0,专业技术,,,3,4,,,,,,,,,,,
2026,事业单位,省直,省,,,,安徽财贸职业学院,3000600.0,专业技术,,,3,1,,,,,,,,,,,
2026,事业单位,省直,省,,,,安徽财贸职业学院,3000601.0,专业技术,,,3,2,,,,,,,,,,,
2026,事业单位,省直,省,,,,安徽财贸职业学院,3000602.0,专业技术,,,3,2,,,,,,,,,,,
2026,事业单位,省直,省,,,,安徽青年报社,3000611.0,专业技术,,,3,1,,,,,,,,,,,
2026,事业单位,省直,省,,,,安徽青年报社,3000612.0,专业技术,,,3,1,,,,,,,,,,,
2026,事业单位,省直,省,,,,徽商职业学院,3000507.0,专业技术,,,3,1,,,,,,,,,,,
2026,事业单位,省直,省,,,,徽商职业学院,3000508.0,专业技术,,,3,1,,,,,,,,,,,
2026,事业单位,省直,省,,,,徽商职业学院,3000509.0,专业技术,,,3,1,,,,,,,,,,,
2026,事业单位,省直,省,,,,徽商职业学院,3000510.0,专业技术,,,3,2,,,,,,,,,,,
2026,事业单位,省直,省,,,,徽商职业学院,3000511.0,专业技术,,,3,1,,,,,,,,,,,
2026,事业单位,省直,省,,,,省委政法委政法综治事务中心,3000006.0,专业技术,,,3,1,,,,,,,,,,,
2026,事业单位,芜湖市,市,,,,中共繁昌区委党校,1201205.0,专业技术岗位,,社会科学专技类(B类),3,1,研究生及以上,中共党史党建学类、政治学类、马克思主义理论类、法学类,38周岁以下；学位：硕士及以上,,,,,,,,
2026,事业单位,芜湖市,市,,,,中共芜湖市委党校（芜湖行政学院）,1201031.0,专业技术岗位,,社会科学专技类(B类),3,1,研究生及以上,中共党史党建学类；中共党史专业,38周岁以下；学位：硕士及以上,,,,,,,,
2026,事业单位,芜湖市,市,,,,保定街道便民服务中心,1201157.0,专业技术岗位,,社会科学专技类(B类),3,1,本科及以上,会计学专业、财务管理专业,38周岁以下；学位：学士及以上,,,,,,,,
2026,事业单位,芜湖市,市,,,,南瑞街道便民服务中心,1201156.0,管理岗位,,综合管理类(A类),3,1,本科及以上,社会学类、公共管理类、经济与贸易类、经济学类,38周岁以下；学位：学士及以上；定向招聘服务基层项目人员,,,,,,,,
2026,事业单位,芜湖市,市,,,,南陵县不动产登记中心,1203013.0,专业技术岗位,,自然科学专技类(C类),3,1,本科及以上,地理信息科学专业、测绘工程专业,38周岁以下；学位：学士及以上,,,,,,,,
2026,事业单位,芜湖市,市,,,,南陵县会计结算中心,1203006.0,专业技术岗位,,社会科学专技类(B类),3,1,本科及以上,财政学专业、会计学专业、财务管理专业、经济学专业、国民经济管理专业,38周岁以下；学位：学士及以上,,,,,,,,
2026,事业单位,芜湖市,市,,,,南陵县卫生健康事业发展中心,1203014.0,专业技术岗位,,自然科学专技类(C类),3,1,本科及以上,计算机类,38周岁以下；学位：学士及以上,,,,,,,,
2026,事业单位,芜湖市,市,,,,南陵县卫生健康事业发展中心,1203015.0,专业技术岗位,,社会科学专技类(B类),3,1,本科及以上,公共事业管理专业、健康服务与管理专业,38周岁以下；学位：学士及以上,,,,,,,,
2026,事业单位,芜湖市,市,,,,南陵县国有资产和金融服务中心,1203004.0,专业技术岗位,,社会科学专技类(B类),3,1,本科及以上,金融学专业、财政学专业、会计学专业、财务管理专业、经济学专业、国民经济管理专业,38周岁以下；学位：学士及以上,,,,,,,,
2026,事业单位,芜湖市,市,,,,南陵县国有资产和金融服务中心,1203005.0,专业技术岗位,,社会科学专技类(B类),3,1,本科及以上,金融学专业、财政学专业、会计学专业、财务管理专业、经济学专业、国民经济管理专业,38周岁以下；学位：学士及以上；定向招聘服务基层项目人员,,,,,,,,
2026,事业单位,芜湖市,市,,,,南陵县房地产管理处,1203008.0,专业技术岗位,,社会科学专技类(B类),3,1,本科及以上,会计学专业、财务管理专业,38周岁以下；学位：学士及以上,,,,,,,,
2026,事业单位,芜湖市,市,,,,南陵县排水管理处,1203007.0,专业技术岗位,,自然科学专技类(C类),3,1,本科及以上,给排水科学与工程专业、城市水系统工程专业、土木工程专业,38周岁以下；学位：学士及以上,,,,,,,,
2026,事业单位,芜湖市,市,,,,南陵县林业发展中心,1203012.0,专业技术岗位,,社会科学专技类(B类),3,1,本科及以上,法学类,38周岁以下；学位：学士及以上,,,,,,,,
2026,事业单位,芜湖市,市,,,,南陵县柏山渠灌区工程管理处,1203010.0,专业技术岗位,,自然科学专技类(C类),3,1,本科及以上,计算机类,38周岁以下；学位：学士及以上,,,,,,,,
2026,事业单位,芜湖市,市,,,,南陵县民政事务服务中心,1203003.0,专业技术岗位,,社会科学专技类(B类),3,1,本科及以上,会计学专业、财务管理专业,38周岁以下；学位：学士及以上,,,,,,,,
2026,事业单位,芜湖市,市,,,,南陵县河湖管理事务中心,1203011.0,专业技术岗位,,自然科学专技类(C类),3,1,本科及以上,水利类,38周岁以下；学位：学士及以上,,,,,,,,
2026,事业单位,芜湖市,市,,,,南陵县种植业服务中心,1203009.0,专业技术岗位,,自然科学专技类(C类),3,2,本科及以上,农学专业、园艺专业、植物保护专业,38周岁以下；学位：学士及以上,,,,,,,,
2026,事业单位,芜湖市,市,,,,南陵县综治工作中心,1203001.0,专业技术岗位,,社会科学专技类(B类),3,1,本科及以上,法学类、社会学类,38周岁以下；学位：学士及以上,,,,,,,,
2026,事业单位,芜湖市,市,,,,南陵县综治工作中心,1203002.0,专业技术岗位,,社会科学专技类(B类),3,1,本科及以上,法学类、社会学类,38周岁以下；学位：学士及以上；定向招聘服务基层项目人员,,,,,,,,
2026,事业单位,芜湖市,市,,,,安徽中医药高等专科学校,1201021.0,管理岗位,辅导员,综合管理类(A类),3,1,研究生及以上,法学类、政治学类、马克思主义理论类、体育学类、心理学类、中国语言文学类、外国语言文学类、艺术学类、数学类、物理学类、计算机科学与技术类、软件工程类；教育学原理专业、高等教育学专业、职业技术教育学专业、教育技术学专业、教育管理专业、现代教育技术专业、心理健康教育专业、职业技术教育专业,38周岁以下；学位：硕士及以上；中共党员，限男性,,,,,,,,
2026,事业单位,芜湖市,市,,,,安徽中医药高等专科学校,1201022.0,管理岗位,辅导员,综合管理类(A类),3,1,研究生及以上,法学类、政治学类、马克思主义理论类、体育学类、心理学类、中国语言文学类、外国语言文学类、艺术学类、数学类、物理学类、计算机科学与技术类、软件工程类；教育学原理专业、高等教育学专业、职业技术教育学专业、教育技术学专业、教育管理专业、现代教育技术专业、心理健康教育专业、职业技术教育专业,38周岁以下；学位：硕士及以上；中共党员，限女性,,,,,,,,
2026,事业单位,芜湖市,市,,,,安徽中医药高等专科学校,1201023.0,管理岗位,党委工作部门,综合管理类(A类),3,1,研究生及以上,法学类、政治学类、马克思主义理论类、体育学类、心理学类、中国语言文学类、外国语言文学类、艺术学类、数学类、物理学类、计算机科学与技术类、软件工程类；教育学原理专业、高等教育学专业、职业技术教育学专业、教育技术学专业、教育管理专业、现代教育技术专业、心理健康教育专业、职业技术教育专业,38周岁以下；学位：硕士及以上；中共党员，限男性，定向招聘服务基层项目人员,,,,,,,,
2026,事业单位,芜湖市,市,,,,安徽中医药高等专科学校,1201024.0,管理岗位,党委工作部门,综合管理类(A类),3,1,研究生及以上,法学类、政治学类、马克思主义理论类、体育学类、心理学类、中国语言文学类、外国语言文学类、艺术学类、数学类、物理学类、计算机科学与技术类、软件工程类；教育学原理专业、高等教育学专业、职业技术教育学专业、教育技术学专业、教育管理专业、现代教育技术专业、心理健康教育专业、职业技术教育专业,38周岁以下；学位：硕士及以上；中共党员，限女性，定向招聘服务基层项目人员,,,,,,,,
2026,事业单位,芜湖市,市,,,,安徽中医药高等专科学校,1201025.0,管理岗位,辅导员,综合管理类(A类),3,1,研究生及以上,口腔医学类、中医学类,38周岁以下；学位：硕士及以上；中共党员，限男性,,,,,,,,
2026,事业单位,芜湖市,市,,,,安徽中医药高等专科学校,1201026.0,管理岗位,辅导员,综合管理类(A类),3,1,研究生及以上,口腔医学类、中医学类,38周岁以下；学位：硕士及以上；中共党员，限女性,,,,,,,,
2026,事业单位,芜湖市,市,,,,安徽新芜经济开发区管理委员会,1201186.0,专业技术岗位,,自然科学专技类(C类),3,1,本科及以上,土木类,38周岁以下；学位：学士及以上,,,,,,,,
2026,事业单位,芜湖市,市,,,,安徽新芜经济开发区管理委员会,1201187.0,专业技术岗位,,社会科学专技类(B类),3,1,本科及以上,财政学类、中国语言文学类；会计学专业、财务管理专业,38周岁以下；学位：学士及以上；定向招聘服务基层项目人员,,,,,,,,
2026,事业单位,芜湖市,市,,,,安徽无为经济开发区管理委员会,1202033.0,专业技术岗位,,自然科学专技类(C类),3,1,本科及以上,土木工程专业、工程管理专业、给排水科学与工程专业、城乡规划专业,38周岁以下；学位：学士及以上,,,,,,,,
2026,事业单位,芜湖市,市,,,,安徽无为经济开发区管理委员会,1202034.0,管理岗位,,综合管理类(A类),3,1,本科及以上,经济学类、经济与贸易类、中国语言文学类,38周岁以下；学位：学士及以上,,,,,,,,
2026,事业单位,芜湖市,市,,,,安徽芜湖技师学院,1201052.0,专业技术岗位,,社会科学专技类(B类),3,1,研究生及以上,政治学类、马克思主义理论类、中国语言文学类、中国史类、世界史类,38周岁以下；学位：硕士及以上；具有中职或高中及以上教师资格证,,,,,,,,
2026,事业单位,芜湖市,市,,,,安徽芜湖技师学院,1201053.0,专业技术岗位,,自然科学专技类(C类),3,1,研究生及以上,机械工程类,38周岁以下；学位：硕士及以上；具有中职或高中及以上教师资格证,,,,,,,,
2026,事业单位,芜湖市,市,,,,安徽芜湖技师学院,1201054.0,专业技术岗位,,社会科学专技类(B类),3,1,研究生及以上,心理学类；心理健康教育专业,38周岁以下；学位：硕士及以上；具有2年以上工作经历，具有中职或高中及以上教师资格证,,,,,,,,
2026,事业单位,芜湖市,市,,,,弋江区三山街道社区卫生服务中心,1201168.0,专业技术岗位,,医疗卫生类(E类),3,1,本科及以上,中药学专业,38周岁以下；学位：学士及以上,,,,,,,,
2026,事业单位,芜湖市,市,,,,弋江区三山街道社区卫生服务中心,1201169.0,专业技术岗位,,医疗卫生类(E类),3,2,本科及以上,口腔医学专业,38周岁以下,,,,,,,,
2026,事业单位,芜湖市,市,,,,弋江区三山街道社区卫生服务中心,1201170.0,专业技术岗位,,医疗卫生类(E类),3,1,本科及以上,临床医学专业,38周岁以下,,,,,,,,
2026,事业单位,芜湖市,市,,,,弋江区峨桥镇中心卫生院,1201167.0,专业技术岗位,,医疗卫生类(E类),3,1,本科及以上,临床医学专业,38周岁以下,,,,,,,,
2026,事业单位,芜湖市,市,,,,弋江区澛港街道社区卫生服务中心,1201162.0,专业技术岗位,,医疗卫生类(E类),3,1,本科及以上,医学检验技术专业,38周岁以下；学位：学士及以上,,,,,,,,
2026,事业单位,芜湖市,市,,,,弋江区澛港街道社区卫生服务中心,1201163.0,专业技术岗位,,医疗卫生类(E类),3,1,本科及以上,医学影像学专业,38周岁以下；学位：学士及以上；具有执业医师执业证书,,,,,,,,
2026,事业单位,芜湖市,市,,,,弋江区火龙街道社区卫生服务中心,1201164.0,专业技术岗位,,医疗卫生类(E类),3,1,本科及以上,医学影像学专业,38周岁以下；具有执业医师执业证书,,,,,,,,
2026,事业单位,芜湖市,市,,,,弋江区白马街道社区卫生服务中心,1201165.0,专业技术岗位,,医疗卫生类(E类),3,1,本科及以上,医学影像学专业,38周岁以下；学位：学士及以上；具有执业医师执业证书,,,,,,,,
2026,事业单位,芜湖市,市,,,,弋江区白马街道社区卫生服务中心,1201166.0,专业技术岗位,,医疗卫生类(E类),3,1,本科及以上,口腔医学专业,38周岁以下；学位：学士及以上；具有执业医师执业证书,,,,,,,,
2026,事业单位,芜湖市,市,,,,无为市12345政务服务便民热线中心,1202002.0,专业技术岗位,,社会科学专技类(B类),3,1,本科及以上,专业不限,38周岁以下；定向招聘服务基层项目人员,,,,,,,,
2026,事业单位,芜湖市,市,,,,无为市12345政务服务便民热线中心,1202003.0,专业技术岗位,岗位需频繁外出核查并撰写报告,社会科学专技类(B类),3,1,本科及以上,汉语言专业、汉语言文学专业,38周岁以下；学位：学士及以上,,,,,,,,
2026,事业单位,芜湖市,市,,,,无为市人才综合服务中心,1202009.0,专业技术岗位,,社会科学专技类(B类),3,1,本科及以上,工商管理类,38周岁以下；学位：学士及以上,,,,,,,,
2026,事业单位,芜湖市,市,,,,无为市企业发展促进中心,1202005.0,管理岗位,,综合管理类(A类),3,1,本科及以上,经济学类、经济与贸易类,38周岁以下；学位：学士及以上,,,,,,,,
2026,事业单位,芜湖市,市,,,,无为市会计核算中心,1202008.0,专业技术岗位,,社会科学专技类(B类),3,1,本科及以上,经济学类、财政学类、金融学类、工商管理类,38周岁以下；学位：学士及以上,,,,,,,,
2026,事业单位,芜湖市,市,,,,无为市信访接待调处中心,1202031.0,管理岗位,,综合管理类(A类),3,1,本科及以上,专业不限,38周岁以下；学位：学士及以上；定向招聘服务基层项目人员,,,,,,,,
2026,事业单位,芜湖市,市,,,,无为市动物疫病预防与控制中心,1202018.0,专业技术岗位,,社会科学专技类(B类),3,1,本科及以上,专业不限,38周岁以下；学位：学士及以上；定向招聘服务基层项目人员,,,,,,,,
2026,事业单位,芜湖市,市,,,,无为市园林管理所,1202032.0,专业技术岗位,,自然科学专技类(C类),3,1,本科及以上,林学专业、园林专业、风景园林专业,38周岁以下；学位：学士及以上,,,,,,,,
2026,事业单位,芜湖市,市,,,,无为市城乡规划中心,1202010.0,专业技术岗位,,自然科学专技类(C类),3,1,本科及以上,城乡规划专业、建筑学专业、城市设计专业、测绘工程专业、地质工程专业、勘查技术与工程专业、资源勘查工程专业,38周岁以下；学位：学士及以上,,,,,,,,
2026,事业单位,芜湖市,市,,,,无为市妇幼保健计划生育服务中心,1202020.0,专业技术岗位,,医疗卫生类(E类),3,1,大专及以上,临床医学专业,38周岁以下；定向招聘服务基层项目人员,,,,,,,,
2026,事业单位,芜湖市,市,,,,无为市市场监督检验所,1202030.0,专业技术岗位,,自然科学专技类(C类),3,1,本科及以上,力学类、机械类、仪器类、电气类、化工与制药类、纺织类、化学类,38周岁以下；学位：学士及以上,,,,,,,,
2026,事业单位,芜湖市,市,,,,无为市建筑工程质量和安全监督站,1202016.0,专业技术岗位,,自然科学专技类(C类),3,1,本科及以上,土木工程专业、建筑学专业,38周岁以下；学位：学士及以上,,,,,,,,
2026,事业单位,芜湖市,市,,,,无为市房地产综合开发管理中心,1202015.0,专业技术岗位,,自然科学专技类(C类),3,1,本科及以上,土木类；测绘工程专业,38周岁以下；学位：学士及以上,,,,,,,,
2026,事业单位,芜湖市,市,,,,无为市民政事务服务中心,1202007.0,专业技术岗位,,社会科学专技类(B类),3,1,本科及以上,法学类,38周岁以下；学位：学士及以上,,,,,,,,
2026,事业单位,芜湖市,市,,,,无为市泥汊镇卫生院,1202027.0,专业技术岗位,,医疗卫生类(E类),3,1,大专及以上,临床医学专业,38周岁以下,,,,,,,,
2026,事业单位,芜湖市,市,,,,无为市渔业管理服务中心,1202017.0,专业技术岗位,,自然科学专技类(C类),3,1,本科及以上,水产类、农业工程类,38周岁以下；学位：学士及以上,,,,,,,,
2026,事业单位,芜湖市,市,,,,无为市牛埠镇中心卫生院,1202021.0,专业技术岗位,,医疗卫生类(E类),3,1,大专及以上,临床医学专业,38周岁以下；具有执业医师资格证书或执业助理医师资格证书,,,,,,,,
2026,事业单位,芜湖市,市,,,,无为市牛埠镇中心卫生院,1202022.0,专业技术岗位,,医疗卫生类(E类),3,1,大专及以上,中医学专业、针灸推拿专业,38周岁以下,,,,,,,,
2026,事业单位,芜湖市,市,,,,无为市电子商务促进中心,1202019.0,专业技术岗位,,社会科学专技类(B类),3,1,本科及以上,经济学门类,38周岁以下；学位：学士及以上,,,,,,,,
2026,事业单位,芜湖市,市,,,,无为市白蚁防治所,1202014.0,专业技术岗位,,自然科学专技类(C类),3,1,本科及以上,土木工程专业、建筑学专业,38周岁以下；学位：学士及以上,,,,,,,,
2026,事业单位,芜湖市,市,,,,无为市石涧镇中心卫生院,1202024.0,专业技术岗位,,医疗卫生类(E类),3,1,大专及以上,中医学专业、中医康复技术专业,38周岁以下,,,,,,,,
2026,事业单位,芜湖市,市,,,,无为市石涧镇中心卫生院,1202025.0,专业技术岗位,,医疗卫生类(E类),3,1,大专及以上,护理专业,38周岁以下；具有护士资格证书,,,,,,,,
2026,事业单位,芜湖市,市,,,,无为市福渡镇卫生院,1202026.0,专业技术岗位,,医疗卫生类(E类),3,1,本科及以上,临床医学专业,38周岁以下；学位：学士及以上,,,,,,,,
2026,事业单位,芜湖市,市,,,,无为市科技创新服务中心,1202006.0,专业技术岗位,,自然科学专技类(C类),3,1,本科及以上,数学类、电子信息类、计算机类,38周岁以下；学位：学士及以上,,,,,,,,
2026,事业单位,芜湖市,市,,,,无为市红庙镇卫生院,1202029.0,专业技术岗位,,医疗卫生类(E类),3,1,大专及以上,护理专业,38周岁以下；具有护士资格证书,,,,,,,,
2026,事业单位,芜湖市,市,,,,无为市综治工作中心,1202001.0,管理岗位,,综合管理类(A类),3,1,本科及以上,法学类,38周岁以下,,,,,,,,
2026,事业单位,芜湖市,市,,,,无为市自然资源信息数据管理中心,1202011.0,专业技术岗位,,自然科学专技类(C类),3,1,本科及以上,城乡规划专业、建筑学专业、城市设计专业、测绘工程专业、地质工程专业、勘查技术与工程专业、资源勘查工程专业,38周岁以下；学位：学士及以上,,,,,,,,
2026,事业单位,芜湖市,市,,,,无为市蜀山镇中心卫生院,1202023.0,专业技术岗位,,医疗卫生类(E类),3,2,大专及以上,护理专业,38周岁以下；具有护士资格证书,,,,,,,,
2026,事业单位,芜湖市,市,,,,无为市襄安镇自然资源和规划所,1202012.0,专业技术岗位,,自然科学专技类(C类),3,1,本科及以上,城乡规划专业、建筑学专业、城市设计专业、测绘工程专业、地质工程专业、勘查技术与工程专业、资源勘查工程专业,38周岁以下；学位：学士及以上,,,,,,,,
2026,事业单位,芜湖市,市,,,,无为市重点工程建设管理中心,1202013.0,专业技术岗位,,自然科学专技类(C类),3,1,本科及以上,土木工程专业、道路桥梁与渡河工程专业,38周岁以下；学位：学士及以上,,,,,,,,
2026,事业单位,芜湖市,市,,,,无为市重点项目办公室,1202004.0,专业技术岗位,,社会科学专技类(B类),3,1,本科及以上,经济学类,38周岁以下；学位：学士及以上,,,,,,,,
2026,事业单位,芜湖市,市,,,,无为市鹤毛镇卫生院,1202028.0,专业技术岗位,,医疗卫生类(E类),3,1,大专及以上,护理专业,38周岁以下；具有护士资格证书,,,,,,,,
2026,事业单位,芜湖市,市,,,,湾沚区会计核算中心,1201176.0,专业技术岗位,,社会科学专技类(B类),3,2,本科及以上,财政学类、金融学类；会计学专业、财务管理专业,38周岁以下；学位：学士及以上,,,,,,,,
2026,事业单位,芜湖市,市,,,,湾沚区住房保障管理中心,1201180.0,专业技术岗位,,自然科学专技类(C类),3,1,本科及以上,计算机类,38周岁以下；学位：学士及以上,,,,,,,,
2026,事业单位,芜湖市,市,,,,湾沚区六郎镇卫生院,1201192.0,专业技术岗位,,医疗卫生类(E类),3,1,本科及以上,临床医学专业,38周岁以下；具有执业医师执业证书,,,,,,,,
2026,事业单位,芜湖市,市,,,,湾沚区六郎镇文化旅游服务中心,1201199.0,专业技术岗位,,社会科学专技类(B类),3,1,本科及以上,专业不限,38周岁以下；学位：学士及以上,,,,,,,,
2026,事业单位,芜湖市,市,,,,湾沚区农业技术推广中心,1201181.0,专业技术岗位,,自然科学专技类(C类),3,1,本科及以上,农学专业、植物保护专业、植物科学与技术专业、种子科学与工程专业,38周岁以下；学位：学士及以上,,,,,,,,
2026,事业单位,芜湖市,市,,,,湾沚区图书馆,1201184.0,专业技术岗位,,社会科学专技类(B类),3,1,本科及以上,汉语言文学专业、汉语言专业、图书馆学专业、档案学专业,38周岁以下；学位：学士及以上,,,,,,,,
2026,事业单位,芜湖市,市,,,,湾沚区妇幼保健计划生育服务中心,1201189.0,专业技术岗位,主要从事婚检男检工作,医疗卫生类(E类),3,1,本科及以上,临床医学专业,38周岁以下；学位：学士及以上；限男性,,,,,,,,
2026,事业单位,芜湖市,市,,,,湾沚区妇幼保健计划生育服务中心,1201190.0,专业技术岗位,主要从事婚检女检工作,医疗卫生类(E类),3,1,本科及以上,临床医学专业,38周岁以下；学位：学士及以上；限女性,,,,,,,,
2026,事业单位,芜湖市,市,,,,湾沚区妇幼保健计划生育服务中心,1201191.0,专业技术岗位,,医疗卫生类(E类),3,1,本科及以上,临床医学专业,38周岁以下；具有执业医师执业证书,,,,,,,,
2026,事业单位,芜湖市,市,,,,湾沚区投资促进中心,1201173.0,专业技术岗位,,社会科学专技类(B类),3,1,本科及以上,经济学类、财政学类、金融学类,38周岁以下；学位：学士及以上；定向招聘服务基层项目人员,,,,,,,,
2026,事业单位,芜湖市,市,,,,湾沚区投资促进中心,1201174.0,专业技术岗位,,社会科学专技类(B类),3,1,本科及以上,工商管理类,38周岁以下；学位：学士及以上,,,,,,,,
2026,事业单位,芜湖市,市,,,,湾沚区文化馆,1201183.0,专业技术岗位,,社会科学专技类(B类),3,1,本科及以上,音乐表演专业、音乐学专业、作曲与作曲技术理论专业、流行音乐专业、音乐教育专业、表演专业、戏剧学专业、广播电视编导专业、戏剧影视导演专业、戏剧教育专业、曲艺专业,38周岁以下；学位：学士及以上,,,,,,,,
2026,事业单位,芜湖市,市,,,,湾沚区机关事务服务中心,1201175.0,专业技术岗位,,自然科学专技类(C类),3,1,本科及以上,土木类、测绘类、建筑类,38周岁以下；学位：学士及以上,,,,,,,,
2026,事业单位,芜湖市,市,,,,湾沚区湾沚镇便民服务中心（退役军人服务站）,1201198.0,管理岗位,,综合管理类(A类),3,1,本科及以上,经济学类,38周岁以下；学位：学士及以上,,,,,,,,
2026,事业单位,芜湖市,市,,,,湾沚区湾沚镇农业综合服务中心,1201196.0,专业技术岗位,,自然科学专技类(C类),3,1,本科及以上,农学门类,38周岁以下；学位：学士及以上,,,,,,,,
2026,事业单位,芜湖市,市,,,,湾沚区湾沚镇农业综合服务中心,1201197.0,专业技术岗位,,自然科学专技类(C类),3,1,本科及以上,水利类,38周岁以下；学位：学士及以上,,,,,,,,
2026,事业单位,芜湖市,市,,,,湾沚区畜牧水产管理服务中心,1201182.0,专业技术岗位,,自然科学专技类(C类),3,1,本科及以上,动物医学专业,38周岁以下；学位：学士及以上,,,,,,,,
2026,事业单位,芜湖市,市,,,,湾沚区疾病预防控制中心,1201188.0,专业技术岗位,主要从事一线流行病学调查、公共卫生监测、卫生监督等工作,医疗卫生类(E类),3,4,本科及以上,预防医学专业,38周岁以下；学位：学士及以上,,,,,,,,
2026,事业单位,芜湖市,市,,,,湾沚区社会保险管理中心,1201177.0,专业技术岗位,,社会科学专技类(B类),3,1,本科及以上,会计学专业、财务管理专业、审计学专业、财政学专业,38周岁以下；学位：学士及以上,,,,,,,,
2026,事业单位,芜湖市,市,,,,湾沚区社会经济综合调查队,1201185.0,专业技术岗位,,社会科学专技类(B类),3,1,本科及以上,会计学专业、财务管理专业、统计学专业、应用统计学专业、经济统计学专业,38周岁以下；学位：学士及以上,,,,,,,,
2026,事业单位,芜湖市,市,,,,湾沚区红杨镇卫生院,1201194.0,专业技术岗位,,医疗卫生类(E类),3,1,大专及以上,医学检验技术专业,38周岁以下；具有初级及以上临床医学检验技术专业技术资格证书,,,,,,,,
2026,事业单位,芜湖市,市,,,,湾沚区红杨镇综合行政执法大队,1201202.0,专业技术岗位,,社会科学专技类(B类),3,1,本科及以上,会计学专业、财务管理专业、审计学专业,38周岁以下；学位：学士及以上；具有初级及以上会计职称,,,,,,,,
2026,事业单位,芜湖市,市,,,,湾沚区红杨镇综合行政执法大队,1201203.0,专业技术岗位,,自然科学专技类(C类),3,1,本科及以上,土木类、建筑类,38周岁以下；学位：学士及以上,,,,,,,,
2026,事业单位,芜湖市,市,,,,湾沚区自然资源服务中心,1201178.0,专业技术岗位,,社会科学专技类(B类),3,1,本科及以上,法学类、经济学类,38周岁以下；学位：学士及以上；定向招聘服务基层项目人员,,,,,,,,
2026,事业单位,芜湖市,市,,,,湾沚区自然资源服务中心,1201179.0,专业技术岗位,需经常出外业拍照举证,自然科学专技类(C类),3,1,本科及以上,测绘工程专业、地理空间信息工程专业,38周岁以下；学位：学士及以上,,,,,,,,
2026,事业单位,芜湖市,市,,,,湾沚区花桥镇便民服务中心(退役军人服务站）,1201204.0,专业技术岗位,,自然科学专技类(C类),3,1,本科及以上,土木类,38周岁以下；学位：学士及以上,,,,,,,,
2026,事业单位,芜湖市,市,,,,湾沚区花桥镇卫生院,1201195.0,专业技术岗位,,医疗卫生类(E类),3,1,本科及以上,中医学专业、针灸推拿学专业,38周岁以下；学位：学士及以上；具有执业医师执业证书,,,,,,,,
2026,事业单位,芜湖市,市,,,,湾沚区融媒体中心,1201171.0,专业技术岗位,主要从事外出采访、短视频制作等工作，经常性加班，工作强度大，适合男性报考,社会科学专技类(B类),3,1,本科及以上,汉语言文学专业、汉语言专业、秘书学专业、广播电视编导专业、播音与主持艺术专业,38周岁以下；学位：学士及以上,,,,,,,,
2026,事业单位,芜湖市,市,,,,湾沚区融媒体中心,1201172.0,专业技术岗位,主要从事外出采访、短视频制作等工作，经常性加班，工作强度大，适合男性报考,社会科学专技类(B类),3,1,本科及以上,新闻学专业、广播电视学专业、传播学专业、网络与新媒体专业,38周岁以下；学位：学士及以上,,,,,,,,
2026,事业单位,芜湖市,市,,,,湾沚区陶辛镇农业综合服务中心,1201200.0,专业技术岗位,,自然科学专技类(C类),3,1,本科及以上,农业工程类、植物生产类、水利类、建筑类,38周岁以下；学位：学士及以上,,,,,,,,
2026,事业单位,芜湖市,市,,,,湾沚区陶辛镇农业综合服务中心,1201201.0,管理岗位,,综合管理类(A类),3,1,大专及以上,专业不限,40周岁以下，特殊情况可放宽到45周岁；定向招聘军人随军家属,,,,,,,,
2026,事业单位,芜湖市,市,,,,湾沚区陶辛镇卫生院,1201193.0,专业技术岗位,,医疗卫生类(E类),3,1,本科及以上,临床医学专业,38周岁以下；学位：学士及以上；具有执业医师执业证书,,,,,,,,
2026,事业单位,芜湖市,市,,,,繁昌区中医医院,1201243.0,专业技术岗位,,医疗卫生类(E类),3,1,研究生及以上,康复医学与理疗学专业,38周岁以下；学位：硕士及以上；具有执业医师执业证书,,,,,,,,
2026,事业单位,芜湖市,市,,,,繁昌区中医医院,1201244.0,专业技术岗位,,医疗卫生类(E类),3,1,研究生及以上,神经病学专业,38周岁以下；学位：硕士及以上；具有执业医师执业证书,,,,,,,,
2026,事业单位,芜湖市,市,,,,繁昌区中医医院,1201245.0,专业技术岗位,,医疗卫生类(E类),3,1,研究生及以上,老年医学专业,38周岁以下；学位：硕士及以上；具有执业医师执业证书,,,,,,,,
2026,事业单位,芜湖市,市,,,,繁昌区中医医院,1201246.0,专业技术岗位,招聘科室为普外科,医疗卫生类(E类),3,1,研究生及以上,外科学专业,38周岁以下；学位：硕士及以上；具有执业医师执业证书,,,,,,,,
2026,事业单位,芜湖市,市,,,,繁昌区中医医院,1201247.0,专业技术岗位,,医疗卫生类(E类),3,1,本科及以上,护理学专业,38周岁以下；学位：学士及以上；具有护士资格证书,,,,,,,,
2026,事业单位,芜湖市,市,,,,繁昌区中医医院,1201248.0,专业技术岗位,,医疗卫生类(E类),3,1,本科及以上,中医学专业、中西医临床医学专业,38周岁以下；学位：学士及以上；具有执业医师执业证书,,,,,,,,
2026,事业单位,芜湖市,市,,,,繁昌区中医医院,1201249.0,专业技术岗位,,医疗卫生类(E类),3,1,本科及以上,中医学专业、中西医临床医学专业,38周岁以下；学位：学士及以上；1.具有执业医师执业证书；2.定向招聘服务基层项目人员。,,,,,,,,
2026,事业单位,芜湖市,市,,,,繁昌区中医医院,1201250.0,专业技术岗位,招聘科室为肾内科,医疗卫生类(E类),3,1,本科及以上,临床医学专业,38周岁以下；学位：学士及以上；具有执业医师执业证书,,,,,,,,
2026,事业单位,芜湖市,市,,,,繁昌区交通综合管理服务中心,1201226.0,专业技术岗位,长期在工地现场一线工作，需经常加班、值夜班，适合男性报考,自然科学专技类(C类),3,2,本科及以上,土木工程专业,38周岁以下；学位：学士及以上,,,,,,,,
2026,事业单位,芜湖市,市,,,,繁昌区交通综合管理服务中心,1201227.0,管理岗位,,综合管理类(A类),3,1,本科及以上,会计学专业、审计学专业、工程审计专业,38周岁以下；学位：学士及以上,,,,,,,,
2026,事业单位,芜湖市,市,,,,繁昌区人才综合服务中心,1201210.0,专业技术岗位,,社会科学专技类(B类),3,1,本科及以上,经济学类,38周岁以下；学位：学士及以上,,,,,,,,
2026,事业单位,芜湖市,市,,,,繁昌区人民医院,1201230.0,专业技术岗位,招聘科室为呼吸内科,医疗卫生类(E类),3,1,研究生及以上,内科学专业,38周岁以下；学位：硕士及以上；具有执业医师执业证书,,,,,,,,
2026,事业单位,芜湖市,市,,,,繁昌区人民医院,1201231.0,专业技术岗位,招聘科室为内分泌科,医疗卫生类(E类),3,1,研究生及以上,内科学专业,38周岁以下；学位：硕士及以上；具有执业医师执业证书,,,,,,,,
2026,事业单位,芜湖市,市,,,,繁昌区人民医院,1201232.0,专业技术岗位,招聘科室为骨外科,医疗卫生类(E类),3,1,研究生及以上,外科学专业,38周岁以下；学位：硕士及以上；具有执业医师执业证书,,,,,,,,
2026,事业单位,芜湖市,市,,,,繁昌区人民医院,1201233.0,专业技术岗位,,医疗卫生类(E类),3,1,研究生及以上,老年医学专业,38周岁以下；学位：硕士及以上；具有执业医师执业证书,,,,,,,,
2026,事业单位,芜湖市,市,,,,繁昌区人民医院,1201234.0,专业技术岗位,,医疗卫生类(E类),3,1,研究生及以上,肿瘤学专业,38周岁以下；学位：硕士及以上；具有执业医师执业证书,,,,,,,,
2026,事业单位,芜湖市,市,,,,繁昌区人民医院,1201235.0,专业技术岗位,,医疗卫生类(E类),3,1,研究生及以上,康复医学与理疗学专业,38周岁以下；学位：硕士及以上；具有执业医师执业证书,,,,,,,,
2026,事业单位,芜湖市,市,,,,繁昌区人民医院,1201236.0,专业技术岗位,,医疗卫生类(E类),3,1,研究生及以上,急诊医学专业,38周岁以下；学位：硕士及以上；具有执业医师执业证书,,,,,,,,
2026,事业单位,芜湖市,市,,,,繁昌区人民医院,1201237.0,专业技术岗位,,医疗卫生类(E类),3,1,本科及以上,医学影像学专业,38周岁以下；学位：学士及以上；具有执业医师执业证书,,,,,,,,
2026,事业单位,芜湖市,市,,,,繁昌区人民医院,1201238.0,专业技术岗位,,医疗卫生类(E类),3,3,本科及以上,护理学专业,38周岁以下；学位：学士及以上；具有护士资格证书,,,,,,,,
2026,事业单位,芜湖市,市,,,,繁昌区人民医院,1201239.0,专业技术岗位,,医疗卫生类(E类),3,1,本科及以上,护理学专业,38周岁以下；学位：学士及以上；1.具有护士资格证书；2.定向招聘服务基层项目人员。,,,,,,,,
2026,事业单位,芜湖市,市,,,,繁昌区人民医院,1201240.0,专业技术岗位,招聘科室为内科、急诊科,医疗卫生类(E类),3,2,本科及以上,临床医学专业,38周岁以下；学位：学士及以上；具有执业医师执业证书,,,,,,,,
2026,事业单位,芜湖市,市,,,,繁昌区人民医院,1201241.0,专业技术岗位,招聘科室为耳鼻咽喉科,医疗卫生类(E类),3,1,本科及以上,临床医学专业,38周岁以下；学位：学士及以上；具有执业医师执业证书,,,,,,,,
2026,事业单位,芜湖市,市,,,,繁昌区人民医院,1201242.0,专业技术岗位,,医疗卫生类(E类),3,1,本科及以上,精神医学专业,38周岁以下；学位：学士及以上；具有执业医师执业证书,,,,,,,,
2026,事业单位,芜湖市,市,,,,繁昌区会计核算中心,1201207.0,专业技术岗位,,社会科学专技类(B类),3,1,本科及以上,金融学专业、财政学专业、会计学专业、财务管理专业、审计学专业,38周岁以下；学位：学士及以上,,,,,,,,
2026,事业单位,芜湖市,市,,,,繁昌区农业技术推广中心,1201213.0,专业技术岗位,,自然科学专技类(C类),3,1,本科及以上,植物生产类、自然保护与环境生态类,38周岁以下；学位：学士及以上；定向招聘服务基层项目人员,,,,,,,,
2026,事业单位,芜湖市,市,,,,繁昌区农业机械管理中心,1201212.0,专业技术岗位,,自然科学专技类(C类),3,1,本科及以上,农业机械化及其自动化专业,38周岁以下；学位：学士及以上,,,,,,,,
2026,事业单位,芜湖市,市,,,,繁昌区城镇建设指导中心,1201225.0,管理岗位,,综合管理类(A类),3,1,本科及以上,给排水科学与工程专业、城市地下空间工程专业、道路桥梁与渡河工程专业、城市水系统工程专业,38周岁以下；学位：学士及以上,,,,,,,,
2026,事业单位,芜湖市,市,,,,繁昌区妇幼保健计划生育服务中心,1201254.0,专业技术岗位,,医疗卫生类(E类),3,1,本科及以上,临床医学专业,38周岁以下；学位：学士及以上,,,,,,,,
2026,事业单位,芜湖市,市,,,,繁昌区峨溪河排灌站,1201216.0,专业技术岗位,,社会科学专技类(B类),3,1,本科及以上,会计学专业、财务管理专业,38周岁以下；学位：学士及以上,,,,,,,,
2026,事业单位,芜湖市,市,,,,繁昌区平铺自然资源所,1201221.0,管理岗位,,综合管理类(A类),3,1,本科及以上,测绘工程专业,38周岁以下；学位：学士及以上,,,,,,,,
2026,事业单位,芜湖市,市,,,,繁昌区平铺镇便民服务中心,1201229.0,专业技术岗位,,自然科学专技类(C类),3,1,本科及以上,农学专业,38周岁以下；学位：学士及以上,,,,,,,,
2026,事业单位,芜湖市,市,,,,繁昌区建设工程质量安全监督站,1201223.0,管理岗位,,综合管理类(A类),3,1,本科及以上,土木类、建筑类,38周岁以下；学位：学士及以上,,,,,,,,
2026,事业单位,芜湖市,市,,,,繁昌区投资促进服务中心,1201219.0,管理岗位,主要从事外出招商工作，需经常出差，适合男性报考,综合管理类(A类),3,1,本科及以上,车辆工程专业、智能车辆工程专业、新能源汽车工程专业,38周岁以下；学位：学士及以上,,,,,,,,
2026,事业单位,芜湖市,市,,,,繁昌区文化馆,1201218.0,专业技术岗位,,社会科学专技类(B类),3,1,本科及以上,音乐表演专业、舞蹈表演专业、舞蹈编导专业,38周岁以下；学位：学士及以上,,,,,,,,
2026,事业单位,芜湖市,市,,,,繁昌区新港自然资源所,1201222.0,专业技术岗位,,自然科学专技类(C类),3,1,本科及以上,建筑学专业、城乡规划专业,38周岁以下；学位：学士及以上,,,,,,,,
2026,事业单位,芜湖市,市,,,,繁昌区水产技术中心,1201214.0,专业技术岗位,,自然科学专技类(C类),3,1,本科及以上,水产养殖学专业,38周岁以下；学位：学士及以上,,,,,,,,
2026,事业单位,芜湖市,市,,,,繁昌区河湖管理中心,1201217.0,专业技术岗位,,自然科学专技类(C类),3,1,本科及以上,水利水电工程专业、智慧水利专业、水务工程专业、水利科学与工程专业,38周岁以下；学位：学士及以上,,,,,,,,
2026,事业单位,芜湖市,市,,,,繁昌区物业管理指导中心,1201224.0,专业技术岗位,,社会科学专技类(B类),3,1,本科及以上,会计学专业、财务管理专业,38周岁以下；学位：学士及以上,,,,,,,,
2026,事业单位,芜湖市,市,,,,繁昌区电子商务促进中心,1201209.0,管理岗位,,综合管理类(A类),3,1,本科及以上,经济学类,38周岁以下；学位：学士及以上,,,,,,,,
2026,事业单位,芜湖市,市,,,,繁昌区畜牧兽医管理中心,1201215.0,专业技术岗位,,自然科学专技类(C类),3,1,本科及以上,动物医学专业、动物科学专业、动物药学专业,38周岁以下；学位：学士及以上,,,,,,,,
2026,事业单位,芜湖市,市,,,,繁昌区疾病预防控制中心,1201251.0,专业技术岗位,,医疗卫生类(E类),3,1,本科及以上,卫生检验与检疫专业,38周岁以下；学位：学士及以上,,,,,,,,
2026,事业单位,芜湖市,市,,,,繁昌区疾病预防控制中心,1201252.0,专业技术岗位,经常从事户外血防工作，适合男性报考,医疗卫生类(E类),3,3,本科及以上,预防医学专业,38周岁以下；学位：学士及以上,,,,,,,,
2026,事业单位,芜湖市,市,,,,繁昌区疾病预防控制中心,1201253.0,专业技术岗位,,医疗卫生类(E类),3,1,本科及以上,预防医学专业,38周岁以下；学位：学士及以上；定向招聘服务基层项目人员,,,,,,,,
2026,事业单位,芜湖市,市,,,,繁昌区社会保险待遇管理中心,1201211.0,专业技术岗位,,社会科学专技类(B类),3,1,本科及以上,专业不限,38周岁以下；学位：学士及以上；定向招聘服务基层项目人员,,,,,,,,
2026,事业单位,芜湖市,市,,,,繁昌区繁阳自然资源所,1201220.0,管理岗位,,综合管理类(A类),3,1,本科及以上,法学专业,38周岁以下；学位：学士及以上；具有法律职业资格证书A类,,,,,,,,
2026,事业单位,芜湖市,市,,,,繁昌区荻港镇便民服务中心,1201228.0,专业技术岗位,,自然科学专技类(C类),3,1,本科及以上,土木工程专业,38周岁以下；学位：学士及以上,,,,,,,,
2026,事业单位,芜湖市,市,,,,繁昌区融媒体中心,1201206.0,专业技术岗位,外出采访、夜班较多，适合男性报考,社会科学专技类(B类),3,1,本科及以上,新闻学专业、传播学专业、广播电视学专业、广播电视编导专业、摄影专业,38周岁以下；学位：学士及以上,,,,,,,,
2026,事业单位,芜湖市,市,,,,繁昌区非税收入征收管理局,1201208.0,专业技术岗位,,社会科学专技类(B类),3,1,本科及以上,金融学专业、财政学专业、会计学专业、财务管理专业、审计学专业,38周岁以下；学位：学士及以上,,,,,,,,
2026,事业单位,芜湖市,市,,,,芜湖传媒中心,1201048.0,管理岗位,,综合管理类(A类),3,1,本科及以上,法学专业,38周岁以下；学位：学士及以上；具有法律职业资格证书A类,,,,,,,,
2026,事业单位,芜湖市,市,,,,芜湖传媒中心,1201049.0,专业技术岗位,,社会科学专技类(B类),3,1,本科及以上,会计学专业、财务管理专业,38周岁以下；学位：学士及以上；定向招聘服务基层项目人员,,,,,,,,
2026,事业单位,芜湖市,市,,,,芜湖传媒中心,1201050.0,专业技术岗位,经常有夜班工作,自然科学专技类(C类),3,2,本科及以上,广播电视工程专业,38周岁以下；学位：学士及以上,,,,,,,,
2026,事业单位,芜湖市,市,,,,芜湖市不动产登记中心,1201045.0,管理岗位,,综合管理类(A类),3,1,本科及以上,档案学专业、法学专业、新闻学专业、传播学专业,38周岁以下；学位：学士及以上,,,,,,,,
2026,事业单位,芜湖市,市,,,,芜湖市不动产登记中心,1201046.0,管理岗位,,综合管理类(A类),3,1,本科及以上,采矿工程专业、测绘工程专业、地理信息科学专业,38周岁以下；学位：学士及以上,,,,,,,,
2026,事业单位,芜湖市,市,,,,芜湖市中心血站,1201076.0,专业技术岗位,,医疗卫生类(E类),3,1,本科及以上,护理学专业,38周岁以下；学位：学士及以上；根据《血站质量管理规范》3.4条要求，传染病病人和经血传播疾病病原体携带者，不得从事采血、血液成分制备、供血等业务工作。结合无偿献血工作实际情况，体检中传染病病人或者有经血液传播疾病病原体携带者视为体检不合格。,,,,,,,,
2026,事业单位,芜湖市,市,,,,芜湖市人才综合服务中心,1201055.0,专业技术岗位,,自然科学专技类(C类),3,1,本科及以上,计算机类,38周岁以下；学位：学士及以上；定向招聘服务基层项目人员,,,,,,,,
2026,事业单位,芜湖市,市,,,,芜湖市人民政府驻北京联络处,1201064.0,专业技术岗位,该岗位长期在北京工作，经常加班、值夜班，适合男性报考,社会科学专技类(B类),3,1,本科及以上,经济学类、中国语言文学类、新闻传播学类、工商管理类,38周岁以下；学位：学士及以上,,,,,,,,
2026,事业单位,芜湖市,市,,,,芜湖市公路管理服务中心,1201037.0,专业技术岗位,分配至下属各单位工作，在工地现场一线，需经常加班、值夜班，适合男性报考,自然科学专技类(C类),3,3,本科及以上,土木工程专业、道路桥梁与渡河工程专业,38周岁以下；学位：学士及以上,,,,,,,,
2026,事业单位,芜湖市,市,,,,芜湖市公路管理服务中心,1201038.0,管理岗位,分配至下属各单位工作，在工地现场一线，需经常加班、值夜班，适合男性报考,综合管理类(A类),3,2,本科及以上,工程造价专业,38周岁以下；学位：学士及以上,,,,,,,,
2026,事业单位,芜湖市,市,,,,芜湖市公路管理服务中心,1201039.0,专业技术岗位,分配至下属各单位工作，在工地现场一线，需经常加班、值夜班，适合男性报考,自然科学专技类(C类),3,1,本科及以上,信息管理与信息系统专业、计算机科学与技术专业,38周岁以下；学位：学士及以上,,,,,,,,
2026,事业单位,芜湖市,市,,,,芜湖市公路管理服务中心,1201040.0,专业技术岗位,分配至下属各单位工作,社会科学专技类(B类),3,1,本科及以上,财务管理专业、会计学专业,38周岁以下；学位：学士及以上,,,,,,,,
2026,事业单位,芜湖市,市,,,,芜湖市医疗保障基金监管事务中心,1201063.0,管理岗位,聘用后去向为市中心,综合管理类(A类),3,1,本科及以上,临床医学专业、中西医临床医学专业,38周岁以下；学位：学士及以上,,,,,,,,
2026,事业单位,芜湖市,市,,,,芜湖市医疗保障管理服务中心,1201062.0,管理岗位,聘用后去向为分中心,综合管理类(A类),3,1,本科及以上,临床医学专业、中西医临床医学专业、药学专业、临床药学专业,38周岁以下；学位：学士及以上,,,,,,,,
2026,事业单位,芜湖市,市,,,,芜湖市园林管理处,1201060.0,专业技术岗位,需长期开展户外一线工作，建议男性报考,自然科学专技类(C类),3,1,本科及以上,园林专业,38周岁以下；学位：学士及以上,,,,,,,,
2026,事业单位,芜湖市,市,,,,芜湖市城市建设档案馆,1201042.0,专业技术岗位,,自然科学专技类(C类),3,1,本科及以上,土木工程专业,38周岁以下；学位：学士及以上,,,,,,,,
2026,事业单位,芜湖市,市,,,,芜湖市实验台,1201051.0,专业技术岗位,经常有夜班工作,自然科学专技类(C类),3,1,本科及以上,电子信息工程专业,38周岁以下；学位：学士及以上,,,,,,,,
2026,事业单位,芜湖市,市,,,,芜湖市少年宫,1201047.0,专业技术岗位,,社会科学专技类(B类),3,1,本科及以上,舞蹈表演专业、舞蹈学专业、舞蹈编导专业、舞蹈教育专业,38周岁以下；学位：学士及以上；具有相应的教师资格证,,,,,,,,
2026,事业单位,芜湖市,市,,,,芜湖市市政工程管理处,1201061.0,专业技术岗位,,自然科学专技类(C类),3,1,研究生及以上,市政工程专业、桥梁与隧道工程专业,38周岁以下；学位：硕士及以上,,,,,,,,
2026,事业单位,芜湖市,市,,,,芜湖市建设工程质量监督站,1201043.0,专业技术岗位,,自然科学专技类(C类),3,1,本科及以上,土木工程专业，给排水科学与工程专业，城市地下空间工程专业，道路桥梁与渡河工程专业，土木、水利与交通工程专业，水利水电工程专业,38周岁以下；学位：学士及以上,,,,,,,,
2026,事业单位,芜湖市,市,,,,芜湖市急救中心,1201073.0,专业技术岗位,主要从事院前医疗急救、重大活动医疗保障、长途医疗转运及急救知识普及等工作,医疗卫生类(E类),3,1,本科及以上,临床医学专业,38周岁以下；学位：学士及以上；限男性,,,,,,,,
2026,事业单位,芜湖市,市,,,,芜湖市急救中心,1201074.0,专业技术岗位,主要从事院前医疗急救、重大活动医疗保障、长途医疗转运及急救知识普及等工作,医疗卫生类(E类),3,1,本科及以上,临床医学专业,38周岁以下；学位：学士及以上；限女性,,,,,,,,
2026,事业单位,芜湖市,市,,,,芜湖市急救中心,1201075.0,专业技术岗位,,医疗卫生类(E类),3,1,本科及以上,护理学专业,38周岁以下；学位：学士及以上,,,,,,,,
2026,事业单位,芜湖市,市,,,,芜湖市排灌管理中心,1201067.0,专业技术岗位,,社会科学专技类(B类),3,1,本科及以上,会计学专业、财务管理专业、审计学专业,38周岁以下；学位：学士及以上,,,,,,,,
2026,事业单位,芜湖市,市,,,,芜湖市文物考古研究所,1201032.0,专业技术岗位,,社会科学专技类(B类),3,1,本科及以上,考古学专业,38周岁以下；学位：学士及以上,,,,,,,,
2026,事业单位,芜湖市,市,,,,芜湖市港航（地方海事）管理服务中心,1201033.0,管理岗位,,综合管理类(A类),3,1,本科及以上,海事管理专业,38周岁以下；学位：学士及以上,,,,,,,,
2026,事业单位,芜湖市,市,,,,芜湖市港航（地方海事）管理服务中心,1201034.0,管理岗位,,综合管理类(A类),3,1,本科及以上,法学专业、交通运输专业、水利水电工程专业,38周岁以下；学位：学士及以上；定向招聘服务基层项目人员,,,,,,,,
2026,事业单位,芜湖市,市,,,,芜湖市港航（地方海事）管理服务中心,1201035.0,管理岗位,,综合管理类(A类),3,1,本科及以上,港口航道与海岸工程专业,38周岁以下；学位：学士及以上,,,,,,,,
2026,事业单位,芜湖市,市,,,,芜湖市港航（地方海事）管理服务中心,1201036.0,专业技术岗位,,自然科学专技类(C类),3,2,本科及以上,航海技术专业、轮机工程专业、船舶电子电气工程专业、船舶与海洋工程专业,38周岁以下；学位：学士及以上,,,,,,,,
2026,事业单位,芜湖市,市,,,,芜湖市生态环境科学研究所（市固体废物监管中心）,1201044.0,专业技术岗位,需要从事野外采样和应急监测工作,自然科学专技类(C类),3,1,本科及以上,化学专业、应用化学专业、环境科学与工程专业、环境工程专业、环境科学专业,38周岁以下；学位：学士及以上,,,,,,,,
2026,事业单位,芜湖市,市,,,,芜湖市疾病预防控制中心,1201068.0,专业技术岗位,主要从事职业卫生、放射卫生、病媒生物监测工作，适合男性报考,医疗卫生类(E类),3,2,本科及以上,预防医学专业,38周岁以下；学位：学士及以上,,,,,,,,
2026,事业单位,芜湖市,市,,,,芜湖市疾病预防控制中心,1201069.0,专业技术岗位,主要从事传染病监测、报告、健康危害因素监测、突发公共卫生事件处置等工作,医疗卫生类(E类),3,1,本科及以上,预防医学专业,38周岁以下；学位：学士及以上,,,,,,,,
2026,事业单位,芜湖市,市,,,,芜湖市疾病预防控制中心,1201070.0,专业技术岗位,主要从事传染病监测、报告、健康危害因素监测、突发公共卫生事件处置等工作,医疗卫生类(E类),3,1,本科及以上,预防医学专业,38周岁以下；学位：学士及以上；定向招聘服务基层项目人员,,,,,,,,
2026,事业单位,芜湖市,市,,,,芜湖市疾病预防控制中心,1201071.0,专业技术岗位,,医疗卫生类(E类),3,1,本科及以上,食品卫生与营养学专业,38周岁以下；学位：学士及以上,,,,,,,,
2026,事业单位,芜湖市,市,,,,芜湖市疾病预防控制中心,1201072.0,专业技术岗位,,医疗卫生类(E类),3,2,研究生及以上,流行病与卫生统计学专业,38周岁以下；学位：硕士及以上,,,,,,,,
2026,事业单位,芜湖市,市,,,,芜湖市眼科医院,1201158.0,专业技术岗位,,医疗卫生类(E类),3,1,研究生及以上,眼科学专业,38周岁以下；学位：硕士及以上；具有执业医师执业证书,,,,,,,,
2026,事业单位,芜湖市,市,,,,芜湖市眼科医院,1201159.0,专业技术岗位,,医疗卫生类(E类),3,1,研究生及以上,护理学类,38周岁以下；学位：硕士及以上；具有护士资格证书,,,,,,,,
2026,事业单位,芜湖市,市,,,,芜湖市眼科医院,1201160.0,专业技术岗位,,社会科学专技类(B类),3,1,本科及以上,会计学专业、财务管理专业,38周岁以下；学位：学士及以上；具有初级及以上会计职称,,,,,,,,
2026,事业单位,芜湖市,市,,,,芜湖市眼科医院,1201161.0,管理岗位,,综合管理类(A类),3,1,本科及以上,行政管理专业,38周岁以下；学位：学士及以上,,,,,,,,
2026,事业单位,芜湖市,市,,,,芜湖市社会保险中心,1201056.0,专业技术岗位,,自然科学专技类(C类),3,1,本科及以上,统计学类、数学类,38周岁以下；学位：学士及以上,,,,,,,,
2026,事业单位,芜湖市,市,,,,芜湖市第二社会福利院,1201065.0,专业技术岗位,该岗位工作地点位于南陵县烟墩镇，需值夜班,医疗卫生类(E类),3,1,大专及以上,临床医学专业,38周岁以下；具有执业医师执业证书,,,,,,,,
2026,事业单位,芜湖市,市,,,,芜湖市第二社会福利院,1201066.0,管理岗位,该岗位工作地点位于南陵县烟墩镇，需值夜班,综合管理类(A类),3,1,本科及以上,汉语言文学专业,38周岁以下；学位：学士及以上,,,,,,,,
2026,事业单位,芜湖市,市,,,,芜湖市统计调查队（市统计局普查中心）,1201057.0,专业技术岗位,,社会科学专技类(B类),3,1,本科及以上,经济统计学专业、统计学专业、应用统计学专业、数据科学专业,38周岁以下；学位：学士及以上,,,,,,,,
2026,事业单位,芜湖市,市,,,,芜湖市职工服务中心,1201059.0,专业技术岗位,,社会科学专技类(B类),3,1,本科及以上,音乐与舞蹈学类、体育学类；广播电视编导专业、播音与主持艺术专业,38周岁以下；学位：学士及以上,,,,,,,,
2026,事业单位,芜湖市,市,,,,芜湖市退役军人服务中心,1201058.0,管理岗位,,综合管理类(A类),3,1,大专及以上,专业不限,38周岁以下；定向招聘退役士兵,,,,,,,,
2026,事业单位,芜湖市,市,,,,芜湖市道路运输管理服务中心,1201041.0,专业技术岗位,,自然科学专技类(C类),3,1,本科及以上,车辆工程专业、交通运输专业,38周岁以下；学位：学士及以上,,,,,,,,
2026,事业单位,芜湖市,市,,,,芜湖市鸠江区人民医院,1201147.0,专业技术岗位,从事外科临床岗位工作,医疗卫生类(E类),3,2,本科及以上,临床医学专业,38周岁以下；学位：学士及以上；具有执业医师执业证书,,,,,,,,
2026,事业单位,芜湖市,市,,,,芜湖市鸠江区人民医院,1201148.0,专业技术岗位,从事急诊科临床岗位工作,医疗卫生类(E类),3,3,本科及以上,临床医学专业,38周岁以下；学位：学士及以上；具有执业医师执业证书,,,,,,,,
2026,事业单位,芜湖市,市,,,,芜湖市鸠江区人民医院,1201149.0,专业技术岗位,从事妇产科临床岗位工作,医疗卫生类(E类),3,1,本科及以上,临床医学专业,38周岁以下；学位：学士及以上；具有执业医师执业证书,,,,,,,,
2026,事业单位,芜湖市,市,,,,芜湖市鸠江区人民医院,1201150.0,专业技术岗位,从事皮肤科临床岗位工作,医疗卫生类(E类),3,1,本科及以上,临床医学专业,38周岁以下；学位：学士及以上；具有执业医师执业证书,,,,,,,,
2026,事业单位,芜湖市,市,,,,芜湖市鸠江区人民医院,1201151.0,专业技术岗位,从事儿科临床岗位工作,医疗卫生类(E类),3,1,本科及以上,临床医学专业、儿科学专业,38周岁以下；学位：学士及以上；具有执业医师执业证书,,,,,,,,
2026,事业单位,芜湖市,市,,,,芜湖市鸠江区人民医院,1201152.0,专业技术岗位,,医疗卫生类(E类),3,1,本科及以上,麻醉学专业,38周岁以下；学位：学士及以上；具有执业医师执业证书,,,,,,,,
2026,事业单位,芜湖市,市,,,,芜湖市鸠江区人民医院,1201153.0,专业技术岗位,从事超声（B超/彩超）诊断工作,医疗卫生类(E类),3,1,本科及以上,医学影像学专业,38周岁以下；学位：学士及以上；具有执业医师执业证书,,,,,,,,
2026,事业单位,芜湖市,市,,,,芜湖市鸠江区人民医院,1201154.0,专业技术岗位,,医疗卫生类(E类),3,2,本科及以上,护理学专业,38周岁以下；具有护士资格证书,,,,,,,,
2026,事业单位,芜湖市,市,,,,芜湖开放大学,1201027.0,管理岗位,,综合管理类(A类),3,1,本科及以上,公共管理类,38周岁以下；学位：学士及以上,,,,,,,,
2026,事业单位,芜湖市,市,,,,芜湖开放大学,1201028.0,专业技术岗位,,社会科学专技类(B类),3,1,本科及以上,网络与新媒体专业,38周岁以下；学位：学士及以上,,,,,,,,
2026,事业单位,芜湖市,市,,,,芜湖开放大学,1201029.0,专业技术岗位,,社会科学专技类(B类),3,1,本科及以上,教育学类,38周岁以下；学位：学士及以上,,,,,,,,
2026,事业单位,芜湖市,市,,,,芜湖开放大学,1201030.0,专业技术岗位,,自然科学专技类(C类),3,1,本科及以上,土木工程专业,38周岁以下；学位：学士及以上,,,,,,,,
2026,事业单位,芜湖市,市,,,,芜湖经济技术开发区交通运输和建筑安全管理站,1201083.0,专业技术岗位,,自然科学专技类(C类),3,1,本科及以上,建筑学专业、城乡规划专业、城市设计专业、智慧建筑与建造专业、交通运输专业、交通工程专业、道路桥梁与渡河工程专业,38周岁以下；学位：学士及以上,,,,,,,,
2026,事业单位,芜湖市,市,,,,芜湖经济技术开发区人力资源开发中心,1201085.0,管理岗位,,综合管理类(A类),3,1,本科及以上,经济学门类；工商管理类、公共管理类、电子商务类,38周岁以下；学位：学士及以上,,,,,,,,
2026,事业单位,芜湖市,市,,,,芜湖经济技术开发区农水管理中心,1201081.0,专业技术岗位,经常加班，户外工作较多，建议男性报考,自然科学专技类(C类),3,1,本科及以上,水利水电工程专业、水文与水资源工程专业、水务工程专业、智慧水利专业,38周岁以下；学位：学士及以上,,,,,,,,
2026,事业单位,芜湖市,市,,,,芜湖经济技术开发区农水管理中心,1201082.0,专业技术岗位,,社会科学专技类(B类),3,1,本科及以上,行政管理专业,38周岁以下；学位：学士及以上,,,,,,,,
2026,事业单位,芜湖市,市,,,,芜湖经济技术开发区审计中心,1201079.0,专业技术岗位,,社会科学专技类(B类),3,1,本科及以上,会计学专业、审计学专业、财务管理专业,38周岁以下；学位：学士及以上；具有初级及以上会计职称,,,,,,,,
2026,事业单位,芜湖市,市,,,,芜湖经济技术开发区建设和公用事业管理处,1201077.0,专业技术岗位,,社会科学专技类(B类),3,1,本科及以上,会计学专业、财务管理专业,38周岁以下；学位：学士及以上,,,,,,,,
2026,事业单位,芜湖市,市,,,,芜湖经济技术开发区教研室,1201086.0,专业技术岗位,从事学校基建等工作,自然科学专技类(C类),3,1,本科及以上,土木类、建筑类,38周岁以下；学位：学士及以上,,,,,,,,
2026,事业单位,芜湖市,市,,,,芜湖经济技术开发区统计普查中心,1201078.0,专业技术岗位,,社会科学专技类(B类),3,1,本科及以上,经济学专业、经济统计学专业、会计学专业、统计学专业、应用统计学专业、财务管理专业,38周岁以下；学位：学士及以上,,,,,,,,
2026,事业单位,芜湖市,市,,,,芜湖经济技术开发区综合行政执法大队,1201080.0,管理岗位,长期从事户外一线执法工作，适合男性报考,综合管理类(A类),3,1,本科及以上,法学专业,38周岁以下；学位：学士及以上；定向招聘服务基层项目人员,,,,,,,,
2026,事业单位,芜湖市,市,,,,芜湖经济技术开发区财政核算中心,1201084.0,专业技术岗位,,社会科学专技类(B类),3,1,本科及以上,汉语言文学专业、汉语言专业、秘书学专业、财政学专业、会计学专业、审计学专业、经济学专业,38周岁以下；学位：学士及以上,,,,,,,,
2026,事业单位,芜湖市,市,,,,芜湖职业技术大学,1201001.0,专业技术岗位,实验员，建议具有相关实验实训经验的人员报考,自然科学专技类(C类),3,1,研究生及以上,机械工程类、电气工程类、计算机科学与技术类、软件工程类,38周岁以下；学位：硕士及以上；具有2年以上工作经历,,,,,,,,
2026,事业单位,芜湖市,市,,,,芜湖职业技术大学,1201002.0,专业技术岗位,专任教师,自然科学专技类(C类),3,1,研究生及以上,机械工程类、电气工程类、交通运输工程类、集成电路科学与工程类、控制科学与工程类,38周岁以下；学位：硕士及以上；具有3年以上工作经历,,,,,,,,
2026,事业单位,芜湖市,市,,,,芜湖职业技术大学,1201003.0,专业技术岗位,实验员，建议具有相关实验实训经验的人员报考,自然科学专技类(C类),3,1,研究生及以上,机械工程类、电气工程类、交通运输工程类、集成电路科学与工程类、控制科学与工程类,38周岁以下；学位：硕士及以上；具有2年以上工作经历,,,,,,,,
2026,事业单位,芜湖市,市,,,,芜湖职业技术大学,1201004.0,专业技术岗位,实验员，建议具有相关实验实训经验的人员报考,自然科学专技类(C类),3,1,研究生及以上,电子科学与技术类、信息与通信工程类、控制科学与工程类,38周岁以下；学位：硕士及以上；具有2年以上工作经历,,,,,,,,
2026,事业单位,芜湖市,市,,,,芜湖职业技术大学,1201005.0,专业技术岗位,专任教师,社会科学专技类(B类),3,1,研究生及以上,纪检监察学类、中共党史党建学类,38周岁以下；学位：硕士及以上；中共党员,,,,,,,,
2026,事业单位,芜湖市,市,,,,芜湖职业技术大学,1201006.0,专业技术岗位,专任教师,社会科学专技类(B类),3,1,研究生及以上,税务类、审计类,38周岁以下；学位：硕士及以上；具有3年以上工作经历,,,,,,,,
2026,事业单位,芜湖市,市,,,,芜湖职业技术大学,1201007.0,专业技术岗位,专任教师,自然科学专技类(C类),3,1,研究生及以上,物理学类,38周岁以下；学位：硕士及以上,,,,,,,,
2026,事业单位,芜湖市,市,,,,芜湖职业技术大学,1201008.0,专业技术岗位,专任教师,自然科学专技类(C类),3,1,研究生及以上,数学类、统计学类,38周岁以下；学位：硕士及以上,,,,,,,,
2026,事业单位,芜湖市,市,,,,芜湖职业技术大学,1201009.0,专业技术岗位,专任教师，该岗位工作地点位于南陵校区,自然科学专技类(C类),3,3,研究生及以上,机械工程类、电气工程类、电子科学与技术类、控制科学与工程类、计算机科学与技术类、软件工程类、交通运输工程类、智能科学与技术类,38周岁以下；学位：硕士及以上；具有3年以上工作经历,,,,,,,,
2026,事业单位,芜湖市,市,,,,芜湖职业技术大学,1201010.0,专业技术岗位,实验员，建议具有相关实验实训经验的人员报考；该岗位工作地点位于南陵校区,自然科学专技类(C类),3,1,研究生及以上,机械工程类、电气工程类、电子科学与技术类、控制科学与工程类、计算机科学与技术类、软件工程类、交通运输工程类、智能科学与技术类,38周岁以下；学位：硕士及以上；具有2年以上工作经历,,,,,,,,
2026,事业单位,芜湖市,市,,,,芜湖职业技术大学,1201011.0,管理岗位,辅导员,综合管理类(A类),3,1,研究生及以上,心理学类、教育学类、公共管理学类、社会学类、法学类、中国语言文学类、新闻传播学类,38周岁以下；学位：硕士及以上；中共党员，限男性,,,,,,,,
2026,事业单位,芜湖市,市,,,,芜湖职业技术大学,1201012.0,管理岗位,辅导员,综合管理类(A类),3,1,研究生及以上,心理学类、教育学类、公共管理学类、社会学类、法学类、中国语言文学类、新闻传播学类,38周岁以下；学位：硕士及以上；中共党员，限女性,,,,,,,,
2026,事业单位,芜湖市,市,,,,芜湖职业技术大学,1201013.0,管理岗位,辅导员,综合管理类(A类),3,2,研究生及以上,电气工程类、机械工程类、计算机科学与技术类、软件工程类、控制科学与工程类、交通运输工程类、生态学类、食品科学与工程类、生物工程类、管理科学与工程类,38周岁以下；学位：硕士及以上；中共党员，限男性,,,,,,,,
2026,事业单位,芜湖市,市,,,,芜湖职业技术大学,1201014.0,管理岗位,辅导员,综合管理类(A类),3,2,研究生及以上,电气工程类、机械工程类、计算机科学与技术类、软件工程类、控制科学与工程类、交通运输工程类、生态学类、食品科学与工程类、生物工程类、管理科学与工程类,38周岁以下；学位：硕士及以上；中共党员，限女性,,,,,,,,
2026,事业单位,芜湖市,市,,,,芜湖职业技术大学,1201015.0,管理岗位,辅导员，该岗位工作地点位于南陵校区,综合管理类(A类),3,1,研究生及以上,心理学类、教育学类、公共管理学类、社会学类、法学类、中国语言文学类、新闻传播学类、电气工程类、机械工程类、计算机科学与技术类、软件工程类、控制科学与工程类、交通运输工程类、生态学类、食品科学与工程类、生物工程类、管理科学与工程类,38周岁以下；学位：硕士及以上；中共党员，限男性,,,,,,,,
2026,事业单位,芜湖市,市,,,,芜湖职业技术大学,1201016.0,管理岗位,辅导员，该岗位工作地点位于南陵校区,综合管理类(A类),3,1,研究生及以上,心理学类、教育学类、公共管理学类、社会学类、法学类、中国语言文学类、新闻传播学类、电气工程类、机械工程类、计算机科学与技术类、软件工程类、控制科学与工程类、交通运输工程类、生态学类、食品科学与工程类、生物工程类、管理科学与工程类,38周岁以下；学位：硕士及以上；中共党员，限女性,,,,,,,,
2026,事业单位,芜湖市,市,,,,芜湖职业技术大学,1201017.0,管理岗位,辅导员,综合管理类(A类),3,1,研究生及以上,心理学类、教育学类、公共管理学类、社会学类、法学类、中国语言文学类、新闻传播学类、电气工程类、机械工程类、计算机科学与技术类、软件工程类、控制科学与工程类、交通运输工程类、生态学类、食品科学与工程类、生物工程类、管理科学与工程类,38周岁以下；学位：硕士及以上；中共党员，限男性，定向招聘服务基层项目人员,,,,,,,,
2026,事业单位,芜湖市,市,,,,芜湖职业技术大学,1201018.0,管理岗位,辅导员,综合管理类(A类),3,1,研究生及以上,心理学类、教育学类、公共管理学类、社会学类、法学类、中国语言文学类、新闻传播学类、电气工程类、机械工程类、计算机科学与技术类、软件工程类、控制科学与工程类、交通运输工程类、生态学类、食品科学与工程类、生物工程类、管理科学与工程类,38周岁以下；学位：硕士及以上；中共党员，限女性，定向招聘服务基层项目人员,,,,,,,,
2026,事业单位,芜湖市,市,,,,芜湖职业技术大学,1201019.0,管理岗位,,综合管理类(A类),3,1,研究生及以上,心理学类,38周岁以下；学位：硕士及以上；定向招聘服务基层项目人员,,,,,,,,
2026,事业单位,芜湖市,市,,,,芜湖职业技术大学,1201020.0,专业技术岗位,该岗位主要承担校医院多校区管理服务工作，具体工作地点由学校统筹调配,医疗卫生类(E类),3,2,研究生及以上,内科学专业,38周岁以下；学位：硕士及以上；具有执业医师执业证书,,,,,,,,
2026,事业单位,芜湖市,市,,,,镜湖区医院,1201088.0,专业技术岗位,,医疗卫生类(E类),3,1,本科及以上,临床医学专业,38周岁以下；学位：学士及以上；具有执业医师执业证书,,,,,,,,
2026,事业单位,芜湖市,市,,,,镜湖区大砻坊街道便民服务中心,1201100.0,专业技术岗位,,自然科学专技类(C类),3,1,本科及以上,土木类、环境科学与工程类、建筑类,38周岁以下；学位：学士及以上,,,,,,,,
2026,事业单位,芜湖市,市,,,,镜湖区大砻坊街道便民服务中心,1201101.0,管理岗位,,综合管理类(A类),3,1,大专及以上,专业不限,40周岁以下，特殊情况可放宽到45周岁；定向招聘军人随军家属,,,,,,,,
2026,事业单位,芜湖市,市,,,,镜湖区妇幼保健计划生育服务中心,1201089.0,专业技术岗位,,医疗卫生类(E类),3,1,本科及以上,临床医学专业,38周岁以下；学位：学士及以上,,,,,,,,
2026,事业单位,芜湖市,市,,,,镜湖区妇幼保健计划生育服务中心,1201090.0,专业技术岗位,,医疗卫生类(E类),3,1,本科及以上,妇幼保健医学专业,38周岁以下；学位：学士及以上,,,,,,,,
2026,事业单位,芜湖市,市,,,,镜湖区弋矶山街道便民服务中心,1201097.0,专业技术岗位,,自然科学专技类(C类),3,1,本科及以上,土木工程专业、建筑环境与能源应用工程专业、给排水科学与工程专业、建筑学专业、城乡规划专业、城市设计专业,38周岁以下；学位：学士及以上,,,,,,,,
2026,事业单位,芜湖市,市,,,,镜湖区文化文物保护发展中心,1201094.0,专业技术岗位,,社会科学专技类(B类),3,1,本科及以上,历史学专业、考古学专业、文物与博物馆学专业、文物保护技术专业、文化遗产专业、文物保护与修复专业,38周岁以下；学位：学士及以上,,,,,,,,
2026,事业单位,芜湖市,市,,,,镜湖区文化文物保护发展中心,1201095.0,管理岗位,,综合管理类(A类),3,1,本科及以上,新闻传播学类；视觉传达设计专业、数字媒体艺术专业、新媒体艺术专业,38周岁以下；学位：学士及以上,,,,,,,,
2026,事业单位,芜湖市,市,,,,镜湖区方村卫生院,1201091.0,专业技术岗位,,医疗卫生类(E类),3,1,本科及以上,临床医学专业,38周岁以下；学位：学士及以上；具有执业医师执业证书,,,,,,,,
2026,事业单位,芜湖市,市,,,,镜湖区方村卫生院,1201092.0,专业技术岗位,,医疗卫生类(E类),3,1,本科及以上,针灸推拿学专业,38周岁以下；学位：学士及以上；具有执业医师执业证书,,,,,,,,
2026,事业单位,芜湖市,市,,,,镜湖区环境卫生管理所,1201096.0,专业技术岗位,,社会科学专技类(B类),3,1,本科及以上,专业不限,38周岁以下；学位：学士及以上；定向招聘退役士兵,,,,,,,,
2026,事业单位,芜湖市,市,,,,镜湖区疾病预防控制中心,1201087.0,专业技术岗位,,医疗卫生类(E类),3,1,本科及以上,公共卫生与预防医学类,38周岁以下；学位：学士及以上,,,,,,,,
2026,事业单位,芜湖市,市,,,,镜湖区社会保障服务中心,1201093.0,专业技术岗位,,社会科学专技类(B类),3,1,本科及以上,公共管理类、工业工程类,38周岁以下；学位：学士及以上,,,,,,,,
2026,事业单位,芜湖市,市,,,,镜湖区赭山街道综合行政执法大队,1201098.0,管理岗位,,综合管理类(A类),3,1,本科及以上,专业不限,38周岁以下；学位：学士及以上；定向招聘服务基层项目人员,,,,,,,,
2026,事业单位,芜湖市,市,,,,镜湖区赭麓街道便民服务中心,1201099.0,管理岗位,,综合管理类(A类),3,1,本科及以上,经济学类、社会学类、公共管理类,38周岁以下；学位：学士及以上,,,,,,,,
2026,事业单位,芜湖市,市,,,,马塘街道便民服务中心,1201155.0,管理岗位,,综合管理类(A类),3,1,本科及以上,中国语言文学类、新闻传播学类、公共管理类,38周岁以下；学位：学士及以上,,,,,,,,
2026,事业单位,芜湖市,市,,,,鸠江区为企服务中心,1201102.0,管理岗位,,综合管理类(A类),3,1,本科及以上,秘书学专业、汉语言专业、汉语言文学专业、新闻学专业、传播学专业,38周岁以下；学位：学士及以上,,,,,,,,
2026,事业单位,芜湖市,市,,,,鸠江区二坝镇卫生院,1201130.0,专业技术岗位,从事中医科临床岗位工作,医疗卫生类(E类),3,1,本科及以上,中医学专业,38周岁以下；学位：学士及以上；具有执业医师执业证书,,,,,,,,
2026,事业单位,芜湖市,市,,,,鸠江区二坝镇卫生院,1201131.0,专业技术岗位,从事口腔科临床岗位工作,医疗卫生类(E类),3,1,本科及以上,口腔医学专业,38周岁以下；学位：学士及以上；具有执业医师执业证书,,,,,,,,
2026,事业单位,芜湖市,市,,,,鸠江区二坝镇卫生院,1201132.0,专业技术岗位,从事超声（B超/彩超）诊断工作,医疗卫生类(E类),3,1,本科及以上,医学影像学专业,38周岁以下；学位：学士及以上；具有执业医师执业证书,,,,,,,,
2026,事业单位,芜湖市,市,,,,鸠江区二坝镇综合行政执法大队,1201120.0,专业技术岗位,,社会科学专技类(B类),3,1,本科及以上,汉语言文学专业、汉语言专业、新闻学专业、传播学专业、编辑出版学专业、网络与新媒体专业,38周岁以下；学位：学士及以上；定向招聘服务基层项目人员,,,,,,,,
2026,事业单位,芜湖市,市,,,,鸠江区二坝镇综合行政执法大队,1201121.0,管理岗位,,综合管理类(A类),3,1,本科及以上,土木类、水利类,38周岁以下；学位：学士及以上,,,,,,,,
2026,事业单位,芜湖市,市,,,,鸠江区二坝镇综合行政执法大队,1201122.0,管理岗位,,综合管理类(A类),3,1,本科及以上,经济学专业、经济统计学专业、国民经济管理专业、商务经济学专业,38周岁以下；学位：学士及以上,,,,,,,,
2026,事业单位,芜湖市,市,,,,鸠江区农业技术中心,1201116.0,专业技术岗位,需经常下村开展田间调查工作，适合男性报考,自然科学专技类(C类),3,1,本科及以上,农学专业,38周岁以下；学位：学士及以上,,,,,,,,
2026,事业单位,芜湖市,市,,,,鸠江区农业技术中心,1201117.0,专业技术岗位,需经常下村开展田间调查工作，适合男性报考,自然科学专技类(C类),3,1,本科及以上,园艺专业,38周岁以下；学位：学士及以上,,,,,,,,
2026,事业单位,芜湖市,市,,,,鸠江区官陡街道社区卫生服务中心,1201139.0,专业技术岗位,从事全科临床岗位工作,医疗卫生类(E类),3,2,本科及以上,临床医学专业,38周岁以下；学位：学士及以上；具有执业医师执业证书,,,,,,,,
2026,事业单位,芜湖市,市,,,,鸠江区官陡街道社区卫生服务中心,1201140.0,专业技术岗位,从事康复医学科临床岗位工作,医疗卫生类(E类),3,1,本科及以上,临床医学专业,38周岁以下；学位：学士及以上；具有执业医师执业证书,,,,,,,,
2026,事业单位,芜湖市,市,,,,鸠江区官陡街道社区卫生服务中心,1201141.0,专业技术岗位,从事妇产科临床岗位工作,医疗卫生类(E类),3,1,本科及以上,临床医学专业,38周岁以下；学位：学士及以上；具有执业医师执业证书,,,,,,,,
2026,事业单位,芜湖市,市,,,,鸠江区官陡街道社区卫生服务中心,1201142.0,专业技术岗位,从事超声（B超/彩超）诊断工作,医疗卫生类(E类),3,1,本科及以上,医学影像学专业,38周岁以下；学位：学士及以上；具有执业医师执业证书,,,,,,,,
2026,事业单位,芜湖市,市,,,,鸠江区官陡街道社区卫生服务中心,1201143.0,专业技术岗位,从事儿科临床岗位工作,医疗卫生类(E类),3,1,本科及以上,临床医学专业、儿科学专业,38周岁以下；学位：学士及以上；具有执业医师执业证书,,,,,,,,
2026,事业单位,芜湖市,市,,,,鸠江区官陡街道社区卫生服务中心,1201144.0,专业技术岗位,从事口腔科临床岗位工作,医疗卫生类(E类),3,1,本科及以上,口腔医学专业,38周岁以下；学位：学士及以上；具有执业医师执业证书,,,,,,,,
2026,事业单位,芜湖市,市,,,,鸠江区官陡街道社区卫生服务中心,1201145.0,专业技术岗位,,医疗卫生类(E类),3,1,本科及以上,预防医学专业、妇幼保健医学专业,38周岁以下；学位：学士及以上,,,,,,,,
2026,事业单位,芜湖市,市,,,,鸠江区官陡街道社区卫生服务中心,1201146.0,专业技术岗位,从事中医科临床岗位工作,医疗卫生类(E类),3,1,本科及以上,中医学类,38周岁以下；学位：学士及以上；具有执业医师执业证书,,,,,,,,
2026,事业单位,芜湖市,市,,,,鸠江区文化馆,1201106.0,专业技术岗位,,社会科学专技类(B类),3,1,本科及以上,广播电视学专业、文化产业管理专业,38周岁以下；学位：学士及以上,,,,,,,,
2026,事业单位,芜湖市,市,,,,鸠江区文化馆,1201107.0,专业技术岗位,,社会科学专技类(B类),3,1,本科及以上,广播电视学专业、文化产业管理专业,38周岁以下；学位：学士及以上；定向招聘服务基层项目人员,,,,,,,,
2026,事业单位,芜湖市,市,,,,鸠江区机关事务管理服务中心,1201103.0,专业技术岗位,,社会科学专技类(B类),3,1,本科及以上,公共事业管理专业、行政管理专业,38周岁以下；学位：学士及以上,,,,,,,,
2026,事业单位,芜湖市,市,,,,鸠江区机关事务管理服务中心,1201104.0,管理岗位,,综合管理类(A类),3,1,本科及以上,工程管理专业、工程造价专业,38周岁以下；学位：学士及以上,,,,,,,,
2026,事业单位,芜湖市,市,,,,鸠江区水利机电排灌站,1201114.0,专业技术岗位,,自然科学专技类(C类),3,1,本科及以上,安全工程专业、水利水电工程专业,38周岁以下；学位：学士及以上,,,,,,,,
2026,事业单位,芜湖市,市,,,,鸠江区汤沟镇中心卫生院,1201133.0,专业技术岗位,从事内科或外科或全科临床岗位工作,医疗卫生类(E类),3,2,本科及以上,临床医学专业,38周岁以下；具有执业医师执业证书,,,,,,,,
2026,事业单位,芜湖市,市,,,,鸠江区汤沟镇中心卫生院,1201134.0,专业技术岗位,从事中西医结合临床岗位工作,医疗卫生类(E类),3,1,本科及以上,中西医临床医学专业,38周岁以下；具有执业医师执业证书,,,,,,,,
2026,事业单位,芜湖市,市,,,,鸠江区汤沟镇中心卫生院,1201135.0,专业技术岗位,,医疗卫生类(E类),3,1,本科及以上,护理学专业,38周岁以下；具有护士资格证书,,,,,,,,
2026,事业单位,芜湖市,市,,,,鸠江区汤沟镇中心卫生院,1201136.0,专业技术岗位,从事公共卫生岗位工作,医疗卫生类(E类),3,1,本科及以上,预防医学专业,38周岁以下；具有执业医师执业证书,,,,,,,,
2026,事业单位,芜湖市,市,,,,鸠江区汤沟镇综合行政执法大队,1201123.0,专业技术岗位,,社会科学专技类(B类),3,1,本科及以上,公共事业管理专业、行政管理专业、城市管理专业,38周岁以下；学位：学士及以上,,,,,,,,
2026,事业单位,芜湖市,市,,,,鸠江区汤沟镇综合行政执法大队,1201124.0,专业技术岗位,,自然科学专技类(C类),3,1,本科及以上,农业工程类,38周岁以下；学位：学士及以上,,,,,,,,
2026,事业单位,芜湖市,市,,,,鸠江区沈巷镇便民服务中心,1201118.0,专业技术岗位,,社会科学专技类(B类),3,2,本科及以上,社会学专业、社会工作专业、劳动与社会保障专业,38周岁以下；学位：学士及以上,,,,,,,,
2026,事业单位,芜湖市,市,,,,鸠江区沈巷镇水利站,1201115.0,专业技术岗位,,社会科学专技类(B类),3,1,本科及以上,会计学专业、财务管理专业、审计学专业,38周岁以下；学位：学士及以上；定向招聘服务基层项目人员,,,,,,,,
2026,事业单位,芜湖市,市,,,,鸠江区沈巷镇综合行政执法大队,1201119.0,专业技术岗位,,社会科学专技类(B类),3,1,本科及以上,法学专业,38周岁以下；学位：学士及以上,,,,,,,,
2026,事业单位,芜湖市,市,,,,鸠江区河道管理所,1201113.0,专业技术岗位,,自然科学专技类(C类),3,2,本科及以上,水利水电工程专业、水务工程专业、水利科学与工程专业,38周岁以下；学位：学士及以上,,,,,,,,
2026,事业单位,芜湖市,市,,,,鸠江区清水街道综合行政执法大队,1201126.0,专业技术岗位,,社会科学专技类(B类),3,1,本科及以上,专业不限,38周岁以下；学位：学士及以上；定向招聘退役士兵,,,,,,,,
2026,事业单位,芜湖市,市,,,,鸠江区清水街道综合行政执法大队,1201127.0,专业技术岗位,,社会科学专技类(B类),3,1,本科及以上,新闻学专业、广播电视学专业、传播学专业、汉语言文学专业、汉语言专业,38周岁以下；学位：学士及以上,,,,,,,,
2026,事业单位,芜湖市,市,,,,鸠江区湾里街道便民服务中心,1201128.0,专业技术岗位,,社会科学专技类(B类),3,1,本科及以上,工程管理专业、法学专业、会计学专业、财务管理专业、物业管理专业,38周岁以下；学位：学士及以上；定向招聘服务基层项目人员,,,,,,,,
2026,事业单位,芜湖市,市,,,,鸠江区疾病预防控制中心,1201129.0,专业技术岗位,,医疗卫生类(E类),3,2,本科及以上,预防医学专业,38周岁以下；学位：学士及以上,,,,,,,,
2026,事业单位,芜湖市,市,,,,鸠江区白茆镇中心卫生院,1201137.0,专业技术岗位,从事全科临床岗位工作,医疗卫生类(E类),3,1,本科及以上,临床医学专业,38周岁以下；学位：学士及以上；具有执业医师执业证书,,,,,,,,
2026,事业单位,芜湖市,市,,,,鸠江区白茆镇中心卫生院,1201138.0,专业技术岗位,从事中医科临床岗位工作,医疗卫生类(E类),3,1,本科及以上,针灸推拿学专业,38周岁以下；学位：学士及以上；具有执业医师执业证书,,,,,,,,
2026,事业单位,芜湖市,市,,,,鸠江区白茆镇便民服务中心,1201125.0,专业技术岗位,,社会科学专技类(B类),3,1,本科及以上,公共管理类,38周岁以下；学位：学士及以上,,,,,,,,
2026,事业单位,芜湖市,市,,,,鸠江区知识产权保护与运用中心,1201109.0,专业技术岗位,,自然科学专技类(C类),3,2,本科及以上,机械工程专业、机械设计制造及其自动化专业、材料科学与工程专业、电气工程及其自动化专业、食品科学与工程专业、食品质量与安全专业、安全工程专业,38周岁以下；学位：学士及以上,,,,,,,,
2026,事业单位,芜湖市,市,,,,鸠江区社会保障服务中心,1201105.0,专业技术岗位,,社会科学专技类(B类),3,1,本科及以上,劳动与社会保障专业,38周岁以下；学位：学士及以上,,,,,,,,
2026,事业单位,芜湖市,市,,,,鸠江区统计局普查中心,1201108.0,专业技术岗位,,社会科学专技类(B类),3,1,本科及以上,统计学专业、应用统计学专业、经济学专业、经济统计学专业、会计学专业、财务管理专业,38周岁以下；学位：学士及以上,,,,,,,,
2026,事业单位,芜湖市,市,,,,鸠江区财政局二坝镇财政分局,1201110.0,专业技术岗位,,社会科学专技类(B类),3,1,本科及以上,财政学专业、会计学专业、财务管理专业、税收学专业,38周岁以下；学位：学士及以上,,,,,,,,
2026,事业单位,芜湖市,市,,,,鸠江区财政局汤沟镇财政所,1201111.0,专业技术岗位,,社会科学专技类(B类),3,1,本科及以上,财政学专业、会计学专业、财务管理专业、税收学专业,38周岁以下；学位：学士及以上；定向招聘服务基层项目人员,,,,,,,,
2026,事业单位,芜湖市,市,,,,鸠江区财政局沈巷镇财政分局,1201112.0,专业技术岗位,,社会科学专技类(B类),3,1,本科及以上,财政学专业、会计学专业、财务管理专业、税收学专业,38周岁以下；学位：学士及以上,,,,,,,,
2026,事业单位,蚌埠市,市,,公益一类,,万福镇为民服务中心,507037.0,管理岗位,,综合管理类(A类),3,1,本科及以上,"本科：会计学（120203K）、财务管理（120204）；
研究生：会计学（120201）、企业管理（财务管理方向）（120202）、会计（1253）",38周岁及以下,,,,,,,,
2026,事业单位,蚌埠市,市,,公益一类,,中共怀远县委党校,507001.0,专业技术岗位,,社会科学专技类(B类),3,1,研究生及以上,研究生：理论经济学（0201）、政治学（0302）、马克思主义理论（0305）,38周岁及以下；学位：硕士及以上,,,,,,,,
2026,事业单位,蚌埠市,市,,公益一类,,中共怀远县委党校,507002.0,管理岗位,,综合管理类(A类),3,1,研究生及以上,研究生：中国语言文学（0501）、新闻传播学（0503）,38周岁及以下；学位：硕士及以上,,,,,,,,
2026,事业单位,蚌埠市,市,,公益一类,,"五河县
不动产
登记中
心",508005.0,专业技术岗位,,自然科学专技类(C类),3,1,本科及以上,"本科：自然资源登记与
管理（120417T）、
法学（030101K）、
计算机科学与技术（080901）
研究生：民商法学（030105）、
计算机科学与技术（0812）、
地图学与地理信息系统（070503）",38周岁及以下；学位：学士及以上,,,,,,,,
2026,事业单位,蚌埠市,市,,公益一类,,"五河县
农业技
术推广
中心",508007.0,专业技术岗位,,社会科学专技类(B类),3,1,本科及以上,"本科：农学（090101）
研究生：作物学（0901）",38周岁及以下；学位：学士及以上,,,,,,,,
2026,事业单位,蚌埠市,市,,公益一类,,"五河县
双忠庙
镇为民
服务中
心",508014.0,专业技术岗位,,社会科学专技类(B类),3,1,本科及以上,"本科：社会学类（0303）、
公共管理类（1204）
研究生：社会学（0303）、
社会工作（0352）、
公共管理学（1204）",38周岁及以下；学位：学士及以上,,,,,,,,
2026,事业单位,蚌埠市,市,,公益一类,,"五河县
土地开
发复垦
整理中
心",508004.0,专业技术岗位,,自然科学专技类(C类),3,1,本科及以上,"本科：土地资源管理
(120404)、测绘类(0812)、
地理信息科学(070504)
研究生：土地资源管理
(120405)、测绘科学与技
术(0816)、地图学与地理
信息系统(070503)",38周岁及以下；学位：学士及以上,,,,,,,,
2026,事业单位,蚌埠市,市,,公益一类,,"五河县
头铺镇
财政所",508015.0,专业技术岗位,,综合管理类(A类),3,1,本科及以上,"本科：经济学门类（02）、
会计学（120203K）、
财务管理（120204）
研究生：经济学类（02）、
会计学（120201）、
企业管理（120202）、
会计（1253）","38周岁及以下；学位：学士及以上；具有初级
及以上会
计专业技
术资格",,,,,,,,
2026,事业单位,蚌埠市,市,,公益一类,,"五河县
应急管
理综合
行政执
法大队",508010.0,管理岗位,,综合管理类(A类),3,1,本科及以上,不限专业,38周岁及以下；学位：学士及以上,,,,,,,,
2026,事业单位,蚌埠市,市,,公益一类,,"五河县
建筑工
程质量
管理中
心",508006.0,专业技术岗位,,社会科学专技类(B类),3,1,本科及以上,"本科：工学（08）
研究生：工学（08）",38周岁及以下；学位：学士及以上,,,,,,,,
2026,事业单位,蚌埠市,市,,公益一类,,"五河县
文物管
理所（五
河县博
物馆）",508009.0,专业技术岗位,,社会科学专技类(B类),3,1,本科及以上,"本科：历史学类（0601）
研究生：考古学（0601）、
中国史（0602）、
博物馆学（0651）",38周岁及以下；学位：学士及以上,,,,,,,,
2026,事业单位,蚌埠市,市,,公益一类,,"五河县
新集镇
卫生院
（五河
县精神
卫生中
心）",508011.0,专业技术岗位,,医疗卫生类(E类),3,3,本科及以上,"本科：精神医学
（100205TK）、
临床医学（100201K）
研究生：精神病与精神
卫生学（100205）","38周岁及以下；学位：学士及以上；具有执业
医师资格
证书，从
事临床或
精神科相
关工作 1
年以上。",,,,,,,,
2026,事业单位,蚌埠市,市,,公益一类,,"五河县
新集镇
财政所",508016.0,专业技术岗位,,综合管理类(A类),3,1,本科及以上,"本科：经济学门类（02）
研究生：不限专业",38周岁及以下；学位：学士及以上,,,,,,,,
2026,事业单位,蚌埠市,市,,公益一类,,"五河县
武桥镇
卫生院",508012.0,专业技术岗位,,医疗卫生类(E类),3,1,本科及以上,"本科：药学（100701）
研究生：药学（1007）","38周岁及以下；学位：学士及以上；具有药士
及以上专
业技术资
格。",,,,,,,,
2026,事业单位,蚌埠市,市,,公益一类,,"五河县
殡仪馆",508002.0,专业技术岗位,,社会科学专技类(B类),3,1,本科及以上,不限专业,38周岁及以下；学位：学士及以上,,,,,,,,
2026,事业单位,蚌埠市,市,,公益二类,,"五河县
水利规
划设计
室",508008.0,专业技术岗位,,自然科学专技类(C类),3,1,本科及以上,"本科：水利水电工程
（081101）
研究生 ：水利工程
（0815）",38周岁及以下；学位：学士及以上,,,,,,,,
2026,事业单位,蚌埠市,市,,公益一类,,"五河县
沱湖乡
综合执
法队",508013.0,专业技术岗位,,社会科学专技类(B类),3,1,本科及以上,"本科：法学类（0301）
研究生：专业不限",38周岁及以下；学位：学士及以上；中共党员,,,,,,,,
2026,事业单位,蚌埠市,市,,公益一类,,"五河县
申集镇
为民服
务中心",508017.0,专业技术岗位,,社会科学专技类(B类),3,1,本科及以上,专业不限,38周岁及以下；学位：学士及以上,,,,,,,,
2026,事业单位,蚌埠市,市,,公益一类,,"五河县
申集镇
综合执
法队",508018.0,专业技术岗位,,社会科学专技类(B类),3,1,本科及以上,专业不限,38周岁及以下；学位：学士及以上,,,,,,,,
2026,事业单位,蚌埠市,市,,公益一类,,"五河县
矿产资
源服务
中心",508003.0,专业技术岗位,,自然科学专技类(C类),3,1,本科及以上,"本科：资源勘查工程
（081403）、采矿工程
（081501）
研究生：地质资源与地
质工程（0818）、
矿业工程（0819）",38周岁及以下；学位：学士及以上,,,,,,,,
2026,事业单位,蚌埠市,市,,公益一类,,五河县殡仪馆,508001.0,专业技术岗位,,社会科学专技类(B类),3,1,本科及以上,"本科：社会学（0303）、
会计学（120203K）、
财务管理（120204）、
审计学（120207）
研究生：不限专业",38周岁及以下；学位：学士及以上,,,,,,,,
2026,事业单位,蚌埠市,市,,公益一类,,兰桥镇为民服务中心,507038.0,管理岗位,,综合管理类(A类),3,1,本科及以上,"本科：管理科学与工程类（1201）、公共管理类（1204）、计算机类（0809）、统计学类（0712）、经济学（020101）、经济统计学（020102）、税收学（020202）、法学（030101K）；
研究生：管理学（12）、计算机科学与技术（0812）、应用经济学（0202）、法学（0301）、法律（0351）",38周岁及以下；学位：学士及以上,,,,,,,,
2026,事业单位,蚌埠市,市,,公益一类,,包集镇为民服务中心,507049.0,管理岗位,,综合管理类(A类),3,1,本科及以上,"本科：信息管理与信息系统（120102）、公共事业管理（120401）、行政管理（120402）、统计学（071201）；
研究生：管理科学与工程（1201）、公共管理（学）（1204、1252）、统计学（0714）",38周岁及以下；学位：学士及以上,,,,,,,,
2026,事业单位,蚌埠市,市,,公益一类,,包集镇农业发展服务中心,507050.0,专业技术岗位,,自然科学专技类(C类),3,1,本科及以上,"本科：农学（09）；
研究生：农学（09）",38周岁及以下；学位：学士及以上,,,,,,,,
2026,事业单位,蚌埠市,市,,公益一类,,双桥集镇为民服务中心,507045.0,管理岗位,,综合管理类(A类),3,1,本科及以上,"本科：工学（08）、管理学（12）、农学（090101）；
研究生：工学（08）、管理学（12）、农学（09）",38周岁及以下；学位：学士及以上,,,,,,,,
2026,事业单位,蚌埠市,市,,公益一类,,双桥集镇财政所,507046.0,管理岗位,,综合管理类(A类),3,1,本科及以上,"本科：会计学（120203K）、财务管理（120204）；审计学（120207）；
研究生：会计学（120201）、会计（1253）、企业管理（财务管理方向）（120202）、审计（1257、0257）",38周岁及以下；学位：学士及以上,,,,,,,,
2026,事业单位,蚌埠市,市,,公益一类,,古城镇为民服务中心,507047.0,专业技术岗位,,社会科学专技类(B类),3,1,本科及以上,不限,38周岁及以下,,,,,,,,
2026,事业单位,蚌埠市,市,,公益一类,,古城镇综合执法队,507048.0,管理岗位,,综合管理类(A类),3,1,本科及以上,不限,38周岁及以下,,,,,,,,
2026,事业单位,蚌埠市,市,,公益一类,,唐集镇为民服务中心,507035.0,管理岗位,,综合管理类(A类),3,1,本科及以上,"本科：社会学（030301）、社会工作（030302）、劳动与社会保障（120403）；
研究生：社会学（030301）、社会工作（0352）、社会保障（120404）",38周岁及以下；学位：学士及以上,,,,,,,,
2026,事业单位,蚌埠市,市,,公益一类,,固镇县人才综合服务中心,509042.0,"管理
岗位",,综合管理类(A类),3,1,本科及以上,不限专业,38周岁及以下；学位：学士及以上,,,,,,,,
2026,事业单位,蚌埠市,市,,公益一类,,固镇县仲兴镇卫生院,509020.0,专业技术岗位,"限本县户籍,最低服务期5年",医疗卫生类(E类),3,1,本科及以上,"本  科：口腔医学（100301K）
研究生：口腔医学（1003、1052）",38周岁及以下；学位：学士及以上；具有执业（助理）医师及以上资格,,,,,,,,
2026,事业单位,蚌埠市,市,,公益一类,,固镇县仲兴镇卫生院,509021.0,专业技术岗位,"限本县户籍,最低服务期5年",医疗卫生类(E类),3,1,本科及以上,"本  科：医学影像学（100203TK）    
研究生：影像医学与核医学(100207)",38周岁及以下；学位：学士及以上；具有影像和放射治疗专业相关资格,,,,,,,,
2026,事业单位,蚌埠市,市,,公益一类,,固镇县仲兴镇综合执法队,509009.0,管理岗位,"限本县户籍,最低服务期5年",综合管理类(A类),3,1,本科及以上,"本  科：法学类(0301)
研究生：法学(0301)、法律(0351)",38周岁及以下；学位：学士及以上,,,,,,,,
2026,事业单位,蚌埠市,市,,公益一类,,固镇县任桥镇财政所,509010.0,专业技术岗位,"限本县户籍,最低服务期5年",社会科学专技类(B类),3,1,本科及以上,"本  科：会计学(120203K)、
财务管理(120204)、审计学(120207)
研究生：会计学(120201)、会计(1253)、审计(0257、1257)",38周岁及以下；学位：学士及以上；具有初级及以上会计专业技术资格,,,,,,,,
2026,事业单位,蚌埠市,市,,公益一类,,固镇县刘集镇中心卫生院,509026.0,专业技术岗位,"限本县户籍,最低服务期5年",医疗卫生类(E类),3,1,本科及以上,"本  科：临床医学（100201K）
研究生：临床医学（1002、1051）",38周岁及以下；学位：学士及以上；具有执业（助理）医师及以上资格，执业范围为外科,,,,,,,,
2026,事业单位,蚌埠市,市,,公益一类,,固镇县国库集中支付中心,509040.0,专业技术岗位,,社会科学专技类(B类),3,3,本科及以上,"本  科：会计学(120203K)、
财务管理(120204)、审计学(120207)、财政学类（0202）、统计学类（0712）、金融学（020301K）、计算机科学与技术（080901）、工商管理类（1202）
研究生：会计学(120201)、会计(1253)、审计(0257、1257)、统计学(020208)、金融(0251)",38周岁及以下；学位：学士及以上,,,,,,,,
2026,事业单位,蚌埠市,市,,公益一类,,固镇县大数据中心,509043.0,专业技术岗位,,社会科学专技类(B类),3,1,本科及以上,"本  科：计算机科学与技术（080901）、软件工程（080902）、网络工程（080903）、信息安全（080904K）、电子信息工程（080701）、通信工程（080703）、数据科学与大数据技术（080910T）
研究生：信息与通信工程（0810）、计算机科学与技术（0812）、电子信息（0854）、软件工程（0835）、网络空间安全（0839）",38周岁及以下；学位：学士及以上,,,,,,,,
2026,事业单位,蚌埠市,市,,公益一类,,固镇县招商服务中心,509039.0,管理岗位,"主要从事综合文字,项目研判,考察等工作,工作任务较重，需经常加班,适合男性报考.",综合管理类(A类),3,1,本科及以上,不限专业,38周岁及以下；学位：学士及以上,,,,,,,,
2026,事业单位,蚌埠市,市,,公益一类,,固镇县政府债务管理中心,509041.0,专业技术岗位,,社会科学专技类(B类),3,1,本科及以上,"本  科：会计学(120203K)、
财务管理(120204)、审计学(120207)、财政学类（0202）、统计学类（0712）、金融学（020301K）、计算机科学与技术（080901）、工商管理类（1202）
研究生：会计学(120201)、会计(1253)、审计(0257、1257)、统计学(020208)、金融(0251)",38周岁及以下；学位：学士及以上,,,,,,,,
2026,事业单位,蚌埠市,市,,公益一类,,固镇县新马桥镇中心卫生院,509022.0,专业技术岗位,,医疗卫生类(E类),3,1,本科及以上,"本  科：临床医学（100201K）
研究生：临床医学（1002、1051）",38周岁及以下；学位：学士及以上；具有执业（助理）医师及以上资格,,,,,,,,
2026,事业单位,蚌埠市,市,,公益一类,,固镇县新马桥镇中心卫生院,509023.0,专业技术岗位,,医疗卫生类(E类),3,1,本科及以上,"本  科：口腔医学（100301K）
研究生：口腔医学（1003、1052）",38周岁及以下；学位：学士及以上；具有执业（助理）医师及以上资格,,,,,,,,
2026,事业单位,蚌埠市,市,,公益一类,,固镇县新马桥镇中心卫生院,509024.0,专业技术岗位,,医疗卫生类(E类),3,2,本科及以上,"本  科：护理学（101101）
研究生：护理学（100209）、护理（1054）",38周岁及以下；学位：学士及以上；具有护士资格证,,,,,,,,
2026,事业单位,蚌埠市,市,,公益一类,,固镇县新马桥镇中心卫生院,509025.0,专业技术岗位,,医疗卫生类(E类),3,1,本科及以上,"本  科：药学（100701）
研究生：药学（1007、1055）",38周岁及以下；学位：学士及以上；具有药士及以上资格,,,,,,,,
2026,事业单位,蚌埠市,市,,公益一类,,固镇县新马桥镇经济发展服务中心,509002.0,专业技术岗位,,自然科学专技类(C类),3,1,本科及以上,"本  科：农学(09)
研究生：农学(09)",38周岁及以下；学位：学士及以上,,,,,,,,
2026,事业单位,蚌埠市,市,,公益一类,,固镇县新马桥镇经济发展服务中心,509003.0,管理岗位,"限本县户籍,最低服务期5年",综合管理类(A类),3,1,本科及以上,不限专业,38周岁及以下；学位：学士及以上,,,,,,,,
2026,事业单位,蚌埠市,市,,公益一类,,固镇县杨庙镇卫生院,509013.0,专业技术岗位,,医疗卫生类(E类),3,1,本科及以上,"本  科：临床医学（100201K）
研究生：临床医学（1002、1051）",38周岁及以下；学位：学士及以上；具有执业（助理）医师及以上资格,,,,,,,,
2026,事业单位,蚌埠市,市,,公益一类,,固镇县杨庙镇卫生院,509014.0,专业技术岗位,,医疗卫生类(E类),3,1,本科及以上,"本  科：中医学（100501K）
研究生：中医学（1005）、中医（1057）",38周岁及以下；学位：学士及以上；具有中医执业（助理）医师及以上资格,,,,,,,,
2026,事业单位,蚌埠市,市,,公益一类,,固镇县杨庙镇经济发展服务中心,509011.0,专业技术岗位,"限本县户籍,最低服务期5年",社会科学专技类(B类),3,1,本科及以上,"本  科：经济学（02）、会计学(120203K)、财务管理(120204)、审计学(120207)
研究生：应用经济学（0202）、会计学(120201)、会计(1253)、审计(0257、1257)",38周岁及以下；学位：学士及以上,,,,,,,,
2026,事业单位,蚌埠市,市,,公益一类,,固镇县湖沟镇中心卫生院,509032.0,专业技术岗位,"限本县户籍,最低服务期5年",医疗卫生类(E类),3,2,本科及以上,"本  科：护理学（101101）
研究生：护理学（100209）、护理（1054）",38周岁及以下；学位：学士及以上；具有护士资格证,,,,,,,,
2026,事业单位,蚌埠市,市,,公益一类,,固镇县濠城镇卫生院,509016.0,专业技术岗位,"限本县户籍,最低服务期5年",医疗卫生类(E类),3,1,本科及以上,"本  科：护理学（101101）
研究生：护理学（100209）、护理（1054）",38周岁及以下；学位：学士及以上；具有护士资格证,,,,,,,,
2026,事业单位,蚌埠市,市,,公益一类,,固镇县濠城镇卫生院,509017.0,专业技术岗位,"限本县户籍,最低服务期5年",医疗卫生类(E类),3,1,本科及以上,"本  科：临床医学（100201K）
研究生：临床医学（1002、1051）",38周岁及以下；学位：学士及以上；具有执业（助理）医师及以上资格,,,,,,,,
2026,事业单位,蚌埠市,市,,公益一类,,固镇县濠城镇经济发展服务中心,509007.0,"管理
岗位","限本县户籍,最低服务期5年",综合管理类(A类),3,1,本科及以上,不限专业,38周岁及以下；学位：学士及以上,,,,,,,,
2026,事业单位,蚌埠市,市,,公益一类,,固镇县王庄镇中心卫生院,509015.0,专业技术岗位,,医疗卫生类(E类),3,1,本科及以上,"本  科：临床医学（100201K）
研究生：临床医学（1002、1051）",38周岁及以下；学位：学士及以上；具有影像和放射治疗专业相关资格,,,,,,,,
2026,事业单位,蚌埠市,市,,公益一类,,固镇县王庄镇为民服务中心,509004.0,专业技术岗位,"限本县户籍,最低服务期5年",社会科学专技类(B类),3,1,本科及以上,"本  科：会计学(120203K)、
财务管理(120204)、审计学(120207)
研究生：会计学(120201)、会计(1253)、审计(0257、1257)",38周岁及以下；学位：学士及以上；具有初级及以上会计专业技术资格,,,,,,,,
2026,事业单位,蚌埠市,市,,公益一类,,固镇县石湖乡农业农村发展服务中心,509008.0,专业技术岗位,"限本县户籍,最低服务期5年",社会科学专技类(B类),3,1,本科及以上,"本  科：经济学（02）、会计学(120203K)、财务管理（120204）、审计学（120207）
研究生：经济学（02）、会计学（120201）、金融（0251）、会计（1253）、审计(0257、1257)",38周岁及以下；学位：学士及以上,,,,,,,,
2026,事业单位,蚌埠市,市,,公益一类,,固镇县石湖乡卫生院,509033.0,专业技术岗位,,医疗卫生类(E类),3,1,本科及以上,"本  科：预防医学（100401K）
研究生：公共卫生与预防医学（1004）、公共卫生（1053）",38周岁及以下；学位：学士及以上；具有公卫执业（助理）医师及以上资格,,,,,,,,
2026,事业单位,蚌埠市,市,,公益一类,,固镇县石湖乡卫生院,509034.0,专业技术岗位,,医疗卫生类(E类),3,1,本科及以上,"本  科：临床医学（100201K）
研究生：临床医学（1002、1051）",38周岁及以下；学位：学士及以上；具有影像和放射治疗专业相关资格,,,,,,,,
2026,事业单位,蚌埠市,市,,公益一类,,固镇县石湖乡卫生院,509035.0,专业技术岗位,,医疗卫生类(E类),3,1,本科及以上,"本  科：护理学（101101）
研究生：护理学（100209）、护理（1054）",38周岁及以下；学位：学士及以上；具有护士资格证,,,,,,,,
2026,事业单位,蚌埠市,市,,公益一类,,固镇县第二人民医院（固镇县谷阳镇卫生院）,509027.0,专业技术岗位,,医疗卫生类(E类),3,1,本科及以上,"本  科：护理学（101101）
研究生：护理学（100209）、护理（1054）",38周岁及以下；学位：学士及以上；具有护士资格证,,,,,,,,
2026,事业单位,蚌埠市,市,,公益一类,,固镇县第二人民医院（固镇县谷阳镇卫生院）,509028.0,专业技术岗位,,医疗卫生类(E类),3,1,本科及以上,"本  科：预防医学（100401K）
研究生：公共卫生与预防医学（1004）、公共卫生（1053）",38周岁及以下；学位：学士及以上；具有公卫执业（助理）医师及以上资格,,,,,,,,
2026,事业单位,蚌埠市,市,,公益一类,,固镇县第二人民医院（固镇县谷阳镇卫生院）,509029.0,专业技术岗位,,医疗卫生类(E类),3,1,本科及以上,"本  科：药学（100701）
研究生：药学（1007、1055）",38周岁及以下；学位：学士及以上；具有药士及以上资格,,,,,,,,
2026,事业单位,蚌埠市,市,,公益一类,,固镇县第二人民医院（固镇县谷阳镇卫生院）,509030.0,专业技术岗位,,医疗卫生类(E类),3,1,本科及以上,"本  科：临床医学（100201K）
研究生：临床医学（1002、1051）",38周岁及以下；学位：学士及以上；具有执业（助理）医师及以上资格,,,,,,,,
2026,事业单位,蚌埠市,市,,公益一类,,固镇县第二人民医院（固镇县谷阳镇卫生院）,509031.0,专业技术岗位,,医疗卫生类(E类),3,1,本科及以上,"本  科：中医学（100501K）
研究生：中医学（1005）、中医（1057）",38周岁及以下；学位：学士及以上；具有中医执业（助理）医师及以上资格,,,,,,,,
2026,事业单位,蚌埠市,市,,公益一类,,固镇县自然资源和规划局乡镇管理所,509012.0,管理岗位,濠城、仲兴、杨庙、任桥、新马桥管理所各一人，按考试总成绩分数高低选岗,综合管理类(A类),3,5,本科及以上,"本  科：测绘类（0812）、土地资源管理（120404）、地理信息科学（070504）
研究生：测绘科学与技术（0816）、土地资源管理（120405）
",38周岁及以下；学位：学士及以上,,,,,,,,
2026,事业单位,蚌埠市,市,,公益一类,,固镇县谷阳镇农业农村发展服务中心,509001.0,专业技术岗位,,自然科学专技类(C类),3,1,本科及以上,"本  科：农学(09)
研究生：农学(09)",38周岁及以下；学位：学士及以上,,,,,,,,
2026,事业单位,蚌埠市,市,,公益一类,,固镇县连城镇农业农村发展服务中心,509006.0,专业技术岗位,,自然科学专技类(C类),3,1,本科及以上,"本  科：法学类（0301）、土木工程（081001）、测绘工程（081201）、城乡规划（082802）、农学（090101）、农业资源与环境（090201）、设施农业科学与工程（090106）
研究生：法学（0301）、土木工程（0814）、土木工程（085901）、测绘科学与技术（0816）、城乡规划学（0833）、农业资源与环境（0903）",38周岁及以下；学位：学士及以上,,,,,,,,
2026,事业单位,蚌埠市,市,,公益一类,,固镇县连城镇卫生院,509018.0,专业技术岗位,,医疗卫生类(E类),3,2,本科及以上,"本  科：护理学（101101）
研究生：护理学（100209）、护理（1054）",38周岁及以下；学位：学士及以上；具有护士资格证,,,,,,,,
2026,事业单位,蚌埠市,市,,公益一类,,固镇县连城镇卫生院,509019.0,专业技术岗位,,医疗卫生类(E类),3,1,本科及以上,"本  科：预防医学（100401K）
研究生：公共卫生与预防医学（1004）、公共卫生（1053）",38周岁及以下；学位：学士及以上；具有公卫执业（助理）医师及以上资格,,,,,,,,
2026,事业单位,蚌埠市,市,,公益一类,,固镇县连城镇综合执法队,509005.0,管理岗位,"限本县户籍,最低服务期5年",综合管理类(A类),3,1,本科及以上,"本  科：法学类(0301)
研究生：法学(0301)、法律(0351)",38周岁及以下；学位：学士及以上,,,,,,,,
2026,事业单位,蚌埠市,市,,公益一类,,固镇县重点工程建设中心,509038.0,专业技术岗位,,综合管理类(A类),3,1,本科及以上,"本  科：土木工程（081001）、建筑学（082801）、工程管理（120103）、工程造价（120105） 
研究生：土木工程（085901）、建筑学（0813、0851）、工程管理（1256）",38周岁及以下；学位：学士及以上,,,,,,,,
2026,事业单位,蚌埠市,市,,公益一类,,固镇县项目服务中心,509036.0,专业技术岗位,,社会科学专技类(B类),3,1,本科及以上,"本  科：经济学类（0201）
研究生：经济学类（02）",38周岁及以下；学位：学士及以上,,,,,,,,
2026,事业单位,蚌埠市,市,,公益一类,,固镇县项目服务中心,509037.0,管理岗位,,综合管理类(A类),3,1,本科及以上,"本  科：经济学类（0201）
研究生：经济学类（02）",38周岁及以下；学位：学士及以上,,,,,,,,
2026,事业单位,蚌埠市,市,,公益一类,,安徽蚌埠淮上经济开发区管理委员会,504004.0,专业技术岗位,,自然科学专技类(C类),3,1,本科及以上,"本科：化工与制药类（0813）；
研究生： 材料与化工（0856）、化学工程与技术（0817）。",38周岁及以下；学位：学士及以上,,,,,,,,
2026,事业单位,蚌埠市,市,,公益一类,,安徽蚌埠蚌山经济开发区（筹）管理委员会,502002.0,管理岗位,,综合管理类(A类),3,1,本科及以上,"本科:法学类（0301）；
研究生：法学（0301）、法律（0351）。",38周岁及以下；学位：学士及以上,,,,,,,,
2026,事业单位,蚌埠市,市,,公益一类,,安徽蚌埠蚌山经济开发区（筹）管理委员会,502003.0,管理岗位,,综合管理类(A类),3,1,本科及以上,"本科：自然地理与资源环境（070502）、人文地理与城乡规划（070503）、城乡规划（082802）、城市设计（082806T）；
研究生：城市规划与设计(含：风景园林规划与设计）（081303）、城乡规划学（0833）、城乡规划（0853）。",38周岁及以下；学位：学士及以上,,,,,,,,
2026,事业单位,蚌埠市,市,,公益一类,,常坟镇事业,507036.0,专业技术岗位,,自然科学专技类(C类),3,1,本科及以上,"本科：计算机类（0809）；
研究生：计算机科学与技术（0812）",38周岁及以下；学位：学士及以上,,,,,,,,
2026,事业单位,蚌埠市,市,,公益一类,,引凤街道综合执法队,507032.0,管理岗位,由于工作繁重，适合男性报考,综合管理类(A类),3,1,本科及以上,"本科：公共管理类（1204）、法学类（0301）、社会学类（0303）、统计学类（0712）；
研究生：公共管理（学）（1204、1252）、法学（0301）、法律（0351）、社会学（0303）、社会工作（0352）、统计学（020208）、统计学（0714）",38周岁及以下；学位：学士及以上,,,,,,,,
2026,事业单位,蚌埠市,市,,公益一类,,徐圩乡农业发展服务中心,507033.0,专业技术岗位,,自然科学专技类(C类),3,1,本科及以上,"本科：水利类（0811）；
研究生：水利工程（0815）",38周岁及以下；学位：学士及以上,,,,,,,,
2026,事业单位,蚌埠市,市,,公益一类,,怀远县交通运输综合行政执法大队,507017.0,管理岗位,,综合管理类(A类),3,1,本科及以上,"本科：交通运输类（0818）；
研究生：交通运输工程（0823）",38周岁及以下；学位：学士及以上,,,,,,,,
2026,事业单位,蚌埠市,市,,公益一类,,怀远县人才综合服务中心,507013.0,专业技术岗位,,社会科学专技类(B类),3,1,本科及以上,"本科：会计学（120203K）、财务管理（120204）；
研究生：会计学（120201）、企业管理（120202）、会计（1253）",38周岁及以下；学位：学士及以上,,,,,,,,
2026,事业单位,蚌埠市,市,,公益一类,,怀远县农业技术推广中心,507020.0,专业技术岗位,野外作业，条件艰苦，适合男性报考,自然科学专技类(C类),3,1,本科及以上,"本科：农学（090101）、植物保护（090103）、农业资源与环境（090201）；
研究生：作物栽培学与耕作学（090101）、蔬菜学（090202）、土壤学（090301）、植物病理学（090401）、农业昆虫与害虫防治（090402）",38周岁及以下；学位：学士及以上,,,,,,,,
2026,事业单位,蚌埠市,市,,公益一类,,怀远县农业综合行政执法大队,507018.0,管理岗位,,综合管理类(A类),3,1,本科及以上,"本科：法学类（0301)；
研究生：法学（0301）、法律（0351）",38周岁及以下；学位：学士及以上,,,,,,,,
2026,事业单位,蚌埠市,市,,公益一类,,怀远县农业综合行政执法大队,507019.0,管理岗位,,综合管理类(A类),3,1,本科及以上,"本科：中国语言文学类（0501）；
研究生：中国语言文学（0501）",38周岁及以下；学位：学士及以上,,,,,,,,
2026,事业单位,蚌埠市,市,,公益一类,,怀远县商务服务中心,507021.0,管理岗位,工作条件艰苦，经常加班，工作强度较大，适合男性报考,综合管理类(A类),3,1,本科及以上,"本科：经济学类(0201)、经济与贸易类（0204）、数学类（0701）、管理科学与工程类（1201）、工商管理类（1202）、电子商务类（1208）；
研究生：不限",38周岁及以下,,,,,,,,
2026,事业单位,蚌埠市,市,,公益一类,,怀远县城市管理综合行政执法大队,507024.0,管理岗位,从事一线执法管理工作，需要夜间值班且经常应急加班，适合男性报考,综合管理类(A类),3,2,本科及以上,不限,38周岁及以下；学位：学士及以上,,,,,,,,
2026,事业单位,蚌埠市,市,,公益一类,,怀远县市场监管综合行政执法大队,507025.0,管理岗位,,综合管理类(A类),3,1,本科及以上,"本科：食品质量与安全（082702）、食品科学与工程（082701）；
研究生：食品科学与工程（0832）",38周岁及以下,,,,,,,,
2026,事业单位,蚌埠市,市,,公益一类,,怀远县应急管理综合行政执法大队,507023.0,管理岗位,主要从事安全生产监管、应急管理等工作，需经常夜间值班，适合男性报考,综合管理类(A类),3,2,本科及以上,"本科：法学类（0301）、安全科学与工程类（0829）、公安技术类（0831）、管理科学与工程类（1201）；
研究生：法学（0301）、法律（0351）、安全科学与工程（0837）、公安技术（0838）、管理科学与工程（1201）",38周岁及以下；学位：学士及以上,,,,,,,,
2026,事业单位,蚌埠市,市,,公益一类,,怀远县急救中心,507028.0,专业技术岗位,,自然科学专技类(C类),3,1,本科及以上,"本科：计算机类（0809）；
研究生：计算机科学与技术(0812)、电子信息（0854）",38周岁及以下；学位：学士及以上,,,,,,,,
2026,事业单位,蚌埠市,市,,公益一类,,怀远县急救中心,507029.0,专业技术岗位,,医疗卫生类(E类),3,1,本科及以上,"本科：医学门类（10）；
研究生：医学（10）",38周岁及以下；学位：学士及以上,,,,,,,,
2026,事业单位,蚌埠市,市,,公益一类,,怀远县救助管理站,507011.0,专业技术岗位,,社会科学专技类(B类),3,1,本科及以上,"本科：中国语言文学类（0501）；
研究生：中国语言文学（0501）",38周岁及以下,,,,,,,,
2026,事业单位,蚌埠市,市,,公益一类,,怀远县数据资源管理局信息化工作办公室,507027.0,专业技术岗位,,自然科学专技类(C类),3,1,本科及以上,"本科：计算机类（0809）；
研究生：不限",38周岁及以下；学位：学士及以上,,,,,,,,
2026,事业单位,蚌埠市,市,,公益一类,,怀远县文化馆,507022.0,专业技术岗位,,社会科学专技类(B类),3,1,本科及以上,"本科：会计学（120203K）、财务管理（120204）；
研究生：会计学（120201）、企业管理（财务管理方向）（120202）、会计（1253）",38周岁及以下；学位：学士及以上,,,,,,,,
2026,事业单位,蚌埠市,市,,公益一类,,怀远县机关事务服务中心,507008.0,管理岗位,主要从事机关后勤服务管理工作，经常加班，适合男性报考,综合管理类(A类),3,1,本科及以上,不限,38周岁及以下；学位：学士及以上,,,,,,,,
2026,事业单位,蚌埠市,市,,公益一类,,怀远县社会保险事业管理中心,507014.0,专业技术岗位,,自然科学专技类(C类),3,1,本科及以上,"本科：计算机科学与技术（080901）、数据科学与大数据技术（080910T）、网络工程（080903）；
研究生：工学（08）",38周岁及以下,,,,,,,,
2026,事业单位,蚌埠市,市,,公益一类,,怀远县科技创新信息中心,507010.0,专业技术岗位,,自然科学专技类(C类),3,1,本科及以上,"本科：机械类（0802）、材料类（0804）、电子信息类（0807）、自动化类（0808）、计算机类（0809）；
研究生：不限",38周岁及以下；学位：学士及以上,,,,,,,,
2026,事业单位,蚌埠市,市,,公益一类,,怀远县统计局普查中心,507026.0,专业技术岗位,,社会科学专技类(B类),3,1,本科及以上,"本科：统计学类（0712）、经济学类（0201）、数学类（0701）、工商管理类（1202）；
研究生：统计学（020208）、统计学（0714）、经济学类（02）、数学（0701）；工商管理（学）（1251、1202）",38周岁及以下；学位：学士及以上,,,,,,,,
2026,事业单位,蚌埠市,市,,公益一类,,怀远县老干部活动中心,507004.0,管理岗位,,综合管理类(A类),3,2,本科及以上,"本科：管理科学与工程类（1201）、工商管理类（1202）、公共管理类（1204）；
研究生：管理学（12）",38周岁及以下,,,,,,,,
2026,事业单位,蚌埠市,市,,公益一类,,怀远县老年大学,507003.0,专业技术岗位,,社会科学专技类(B类),3,1,本科及以上,"本科：戏剧与影视学类（1303）、美术学类（1304）；
研究生：艺术学（13）、艺术学（0504）",38周岁及以下,,,,,,,,
2026,事业单位,蚌埠市,市,,公益一类,,怀远县融媒体中心,507006.0,专业技术岗位,,社会科学专技类(B类),3,1,大专及以上,"专科：播音与主持（660202）；
本科：播音与主持艺术（130309）；
研究生：戏剧与影视（1354）",38周岁及以下；普通话一级乙等以上,,,,,,,,
2026,事业单位,蚌埠市,市,,公益一类,,怀远县融媒体中心,507007.0,专业技术岗位,,社会科学专技类(B类),3,2,本科及以上,"本科：新闻学（050301）、数字媒体技术（080906）、数字媒体艺术（130508）、影视摄影与制作（130311T）、网络与新媒体（050306T、广播电视编导（130305‌）；
研究生：新闻传播学（0503）、新闻与传播（0552）、戏剧与影视（1354）、计算机科学与技术（0812）、设计学（1403）、设计（1357）",38周岁及以下；学位：学士及以上,,,,,,,,
2026,事业单位,蚌埠市,市,,公益一类,,怀远县道路运输管理服务中心,507015.0,管理岗位,,综合管理类(A类),3,1,本科及以上,"本科：物流管理与工程类（1206）；
研究生：工程管理（1256）",38周岁及以下；学位：学士及以上,,,,,,,,
2026,事业单位,蚌埠市,市,,公益一类,,怀远县道路运输管理服务中心,507016.0,管理岗位,,综合管理类(A类),3,1,本科及以上,"本科：交通运输类（0818）；
研究生：交通运输工程（0823）",38周岁及以下；学位：学士及以上,,,,,,,,
2026,事业单位,蚌埠市,市,,公益一类,,怀远县重点工程建设中心,507005.0,管理岗位,,综合管理类(A类),3,1,本科及以上,"本科：土木工程（081001）、工程管理（120103）；
研究生：土木工程（0814）、土木工程（085901）、管理科学与工程（1201）、工程管理（1256）",38周岁及以下,,,,,,,,
2026,事业单位,蚌埠市,市,,公益一类,,怀远县金融发展促进中心,507012.0,专业技术岗位,,社会科学专技类(B类),3,1,本科及以上,"本科：会计学（120203K）、审计学（120207）；
研究生：会计学(120201)、会计(1253)、审计(1257)、审计（0257）",38周岁及以下；学位：学士及以上,,,,,,,,
2026,事业单位,蚌埠市,市,,公益一类,,望淮街道党群服务中心,507031.0,管理岗位,,综合管理类(A类),3,1,本科及以上,不限,38周岁及以下,,,,,,,,
2026,事业单位,蚌埠市,市,,公益一类,,榴城镇财政所,507034.0,专业技术岗位,,社会科学专技类(B类),3,1,本科及以上,"本科：会计学（120203K)、审计学(120207)；
研究生：会计学（120201)、企业管理（财务管理方向）（120202）、审计(0257、1257)、会计（1253）",38周岁及以下；学位：学士及以上,,,,,,,,
2026,事业单位,蚌埠市,市,,公益一类,,河溜镇为民服务中心,507041.0,管理岗位,,综合管理类(A类),3,1,本科及以上,"本科：汉语言文学（050101）、计算机科学与技术（080901）、法学（030101K）；
研究生：中国语言文学（0501）、计算机科学与技术（0812）、法学（0301）、法律（0351）",38周岁及以下；学位：学士及以上,,,,,,,,
2026,事业单位,蚌埠市,市,,公益一类,,河溜镇财政所,507042.0,专业技术岗位,,社会科学专技类(B类),3,1,本科及以上,"本科：会计学（120203K）、财务管理（120204）、审计学（120207）；
研究生：会计学（120201）、会计（1253）、企业管理（120202）、审计（1257、0257）",38周岁及以下；学位：学士及以上,,,,,,,,
2026,事业单位,蚌埠市,市,,公益一类,,淝南镇为民服务中心,507043.0,管理岗位,,综合管理类(A类),3,1,大专及以上,不限,38周岁及以下,,,,,,,,
2026,事业单位,蚌埠市,市,,公益一类,,白乳泉街道党群服务中心,507030.0,管理岗位,,综合管理类(A类),3,1,本科及以上,"本科：法学（03）、经济学（02）、计算机类（0809）、水利类（0811）、建筑类（0828）、农业工程类（0823）、自然保护与环境生态类（0902）、林学类（0905）；
研究生：不限",38周岁及以下,,,,,,,,
2026,事业单位,蚌埠市,市,,公益一类,,蚌埠双墩遗址（含双墩春秋墓）国家考古遗址公园管理处,504003.0,专业技术岗位,能够适应野外工作及博物馆夜间值班需要，适合男性。,自然科学专技类(C类),3,2,本科及以上,"本科：土木类（0810）；
研究生：土木工程（0814）、土木工程（085901）。",38周岁及以下；学位：学士及以上,,,,,,,,
2026,事业单位,蚌埠市,市,,公益一类,,蚌埠市公共资源交易中心怀远分中心,507009.0,专业技术岗位,经常加班，适合男性报考,自然科学专技类(C类),3,1,本科及以上,"本科：计算机科学与技术（080901）、软件工程（080902）、网络工程（080903）、信息安全（080904K）；
研究生：计算机科学与技术（0812）",38周岁及以下；学位：学士及以上,,,,,,,,
2026,事业单位,蚌埠市,市,,公益一类,,蚌埠市淮上区农业综合服务站　,504001.0,专业技术岗位,经常深入田间地头，条件艰苦，适合男性。,自然科学专技类(C类),3,1,本科及以上,"本科：农学（090101）、植物保护（090103）、建筑学（082801）、城乡规划（082802）；
研究生：农学（09）、建筑学（0813）、建筑（0851）、城乡规划（0853)、城乡规划学（0833）。",38周岁及以下；学位：学士及以上,,,,,,,,
2026,事业单位,蚌埠市,市,,公益一类,,蚌埠市淮上区农业综合行政执法大队,504002.0,专业技术岗位,需要参加夜间、水上、野外等执法工作，适合男性。,社会科学专技类(B类),3,1,本科及以上,"本科：经济学类（0201）、金融学类（0203）；
研究生：经济学（02）、金融（0251）。",38周岁及以下；学位：学士及以上,,,,,,,,
2026,事业单位,蚌埠市,市,,公益一类,,蚌埠市淮上区小蚌埠镇经济发展服务中心,504005.0,专业技术岗位,,自然科学专技类(C类),3,1,本科及以上,"本科：建筑学（082801）、城乡规划（082802）、城市设计（082806T）；
研究生：建筑学（0813）、建筑（0851）、城乡规划（0853)、城乡规划学（0833）。",38周岁以下；学位：学士及以上,,,,,,,,
2026,事业单位,蚌埠市,市,,公益一类,,蚌埠市禹会区城市管理综合行政执法大队,503001.0,管理岗位,,综合管理类(A类),3,1,本科及以上,"本科：会计学(120203K)、财务管理(120204)、审计学（120207）；
研究生：会计学(120201)、企业管理(财务管理方向)(120202)、会计(1253)、审计（0257、1257）。",38周岁及以下；学位：学士及以上；具有两年及以上财务相关工作经历。,,,,,,,,
2026,事业单位,蚌埠市,市,,公益一类,,蚌埠市禹会区大庆街道综合执法队,503005.0,管理岗位,,综合管理类(A类),3,1,本科及以上,专业不限。,38周岁及以下；学位：学士及以上,,,,,,,,
2026,事业单位,蚌埠市,市,,公益一类,,蚌埠市禹会区张公山街道综合执法队,503004.0,管理岗位,,综合管理类(A类),3,1,本科及以上,专业不限。,38周岁及以下；学位：学士及以上,,,,,,,,
2026,事业单位,蚌埠市,市,,公益一类,,蚌埠市禹会区朝阳街道综合执法队,503002.0,管理岗位,,综合管理类(A类),3,1,本科及以上,"本科:消防工程（083102K）、工商管理类（1202）、经济学类（0201）、法学类（0301）；
研究生：工商管理学（1202）、工商管理(1251)、公共管理学（1204）、应用经济学（0202）、法学（0301）、法律（0351）。",38周岁及以下；学位：学士及以上,,,,,,,,
2026,事业单位,蚌埠市,市,,公益一类,,蚌埠市禹会区纬四街道综合执法队,503003.0,管理岗位,,综合管理类(A类),3,1,本科及以上,专业不限。,38周岁及以下；学位：学士及以上,,,,,,,,
2026,事业单位,蚌埠市,市,,公益一类,,蚌埠市禹会区钓鱼台街道综合执法队,503006.0,管理岗位,,综合管理类(A类),3,1,本科及以上,"本科：经济学类(0201)、法学类(0301)、电子信息类(0807)、工商管理类(1202)；
研究生：应用经济学(0202)、法学(0301)、法律(0351)、电子信息(0854)、电子科学与技术(0809)、信息与通信工程(0810)、工商管理学(1202)、工商管理(1251)。",38周岁及以下；学位：学士及以上,,,,,,,,
2026,事业单位,蚌埠市,市,,公益一类,,蚌埠市蚌山区劳动人事争议仲裁院,502001.0,管理岗位,在基层一线工作，工作以外勤为主，经常加班。,综合管理类(A类),3,1,本科及以上,"本科:法学类（0301）；
研究生：法学（0301）、法律（0351）。",38周岁及以下；学位：学士及以上,,,,,,,,
2026,事业单位,蚌埠市,市,,公益一类,,蚌埠市蚌山区社会治安综合治理中心,502005.0,管理岗位,,综合管理类(A类),3,1,本科及以上,"本科：法学类（0301）；
研究生：法学（0301）、法律（0351）。",38周岁及以下；学位：学士及以上,,,,,,,,
2026,事业单位,蚌埠市,市,,公益一类,,蚌埠市蚌山区网络安全应急中心,502004.0,管理岗位,,综合管理类(A类),3,1,本科及以上,"本科：计算机科学与技术（080901）、网络工程（080903）、
信息安全（080904K）、公共事业管理（120401)；
研究生：计算机科学与技术（0812）、网络空间安全（0839）、公共管理学(1204)、公共管理(1252)。
",38周岁及以下；学位：学士及以上,,,,,,,,
2026,事业单位,蚌埠市,市,,公益一类,,蚌埠市蚌山区财政支付中心,502006.0,管理岗位,,综合管理类(A类),3,1,本科及以上,"本科：经济学 (020101)、财政学 (020201K)、金融学 (020301K)、会计学（120203K）、财务管理（120204）、审计学（120207）； 
研究生：应用经济学(0202)、金融(0251)、会计(1253)、会计学（120201）、审计（0257、1257）。",38周岁及以下；学位：学士及以上,,,,,,,,
2026,事业单位,蚌埠市,市,,公益一类,,蚌埠市龙子湖区东升街道综合执法队,501007.0,管理岗位,,综合管理类(A类),3,1,本科及以上,"本科：法学类（0301）；
研究生：法学（0301）、法律（0351）。",38周岁及以下；学位：学士及以上,,,,,,,,
2026,事业单位,蚌埠市,市,,公益一类,,蚌埠市龙子湖区东升街道综合执法队,501008.0,管理岗位,,综合管理类(A类),3,1,本科及以上,"本科：汉语言文学（050101）、新闻传播学类（0503）；
研究生：汉语言文字学（050103）、新闻传播学（0503）。",38周岁及以下；学位：学士及以上,,,,,,,,
2026,事业单位,蚌埠市,市,,公益一类,,蚌埠市龙子湖区东风街道综合执法队,501006.0,管理岗位,,综合管理类(A类),3,1,本科及以上,"本科：经济学（02）；
研究生：经济学（02）。",38周岁及以下；学位：学士及以上,,,,,,,,
2026,事业单位,蚌埠市,市,,公益一类,,蚌埠市龙子湖区人才综合服务中心,501005.0,管理岗位,,综合管理类(A类),3,1,本科及以上,"本科：会计学(120203K)、财务管理(120204)、审计学（120207）；
研究生：会计学(120201)、企业管理(财务管理方向)(120202)、会计(1253)、审计（0257、1257）。",38周岁及以下；学位：学士及以上,,,,,,,,
2026,事业单位,蚌埠市,市,,公益一类,,蚌埠市龙子湖区城市管理综合行政执法大队,501001.0,管理岗位,,综合管理类(A类),3,1,研究生及以上,研究生：法学（0301）、法律（0351）。,38周岁及以下；学位：硕士及以上；限男性,,,,,,,,
2026,事业单位,蚌埠市,市,,公益一类,,蚌埠市龙子湖区城市管理综合行政执法大队,501002.0,管理岗位,,综合管理类(A类),3,1,研究生及以上,研究生：法学（0301）、法律（0351）。,38周岁及以下；学位：硕士及以上；限女性,,,,,,,,
2026,事业单位,蚌埠市,市,,公益一类,,蚌埠市龙子湖区妇幼保健计划生育服务中心,501009.0,专业技术岗位,,医疗卫生类(E类),3,1,本科及以上,"本科：临床医学类(1002)、公共卫生与预防医学类(1004)；
研究生：临床医学（1002、1051)、公共卫生与预防医学（1004）、公共卫生（1053）。",38周岁及以下；学位：学士及以上,,,,,,,,
2026,事业单位,蚌埠市,市,,公益一类,,蚌埠市龙子湖区市政养护管理所,501003.0,专业技术岗位,该岗位工作涉及户外作业，经常加班，适合男性。,自然科学专技类(C类),3,1,本科及以上,"本科：土木类(0810)、水利类(0811)、交通运输类(0818)、建筑类(0828)；
研究生：土木工程(0814)、水利工程(0815)、交通运输工程(0823)、土木工程（085901）、建筑学（0813）、建筑（0851）。",38周岁及以下；学位：学士及以上,,,,,,,,
2026,事业单位,蚌埠市,市,,公益一类,,蚌埠市龙子湖区应急管理综合行政执法大队,501004.0,管理岗位,经常开展夜间执法，需要24小时值班，适合男性。,综合管理类(A类),3,1,本科及以上,"本科：化学类（0703）、机械类（0802）、电子信息类（0807）、计算机类（0809）、水利类（0811）、安全科学与工程类（0829）、土木类(0810)；
研究生：机械工程（0802）、计算机科学与技术（0812）、机械(0855)、电子科学与技术(0809)、信息与通信工程(0810)、电子信息(0854)、水利工程(0815)、土木水利(0859)、 土木工程（0814）、土木工程（085901）、化学工程与技术（0817）。",38周岁及以下；学位：学士及以上,,,,,,,,
2026,事业单位,蚌埠市,市,,公益 一类,,蚌埠经济开发区长淮卫镇中心卫生院,506002.0,专业技术岗位,,医疗卫生类(E类),3,1,本科及以上,"本科:医学影像学(100203TK)；
研究生:影像医学与核医学(100207)。",38周岁及以下；学位：学士及以上；具有初级及以上卫生专业技术资格书。,,,,,,,,
2026,事业单位,蚌埠市,市,,公益一类,,蚌埠高新区城市管理综合行政执法大队,505001.0,管理岗位,,综合管理类(A类),3,1,本科及以上,"本科：给排水科学与工程(081003)、城市水系统工程（081011T）；
研究生：土木工程（0814）、土木工程（085901）。",38周岁及以下；学位：学士及以上,,,,,,,,
2026,事业单位,蚌埠市,市,,公益一类,,蚌埠高新区秦集卫生院,505002.0,专业技术岗位,,医疗卫生类(E类),3,1,本科及以上,"本科：医学影像学(100203TK)；
研究生：影像医学与核医学(100207)。",38周岁及以下；学位：学士及以上；具有执业医师及以上资格；具有三年及以上临床工作经验。,,,,,,,,
2026,事业单位,蚌埠市,市,,公益一类,,褚集镇财政所,507044.0,专业技术岗位,,社会科学专技类(B类),3,1,本科及以上,"本科：会计学（120203K）、财务管理（120204）；金融学（020301K）、金融工程（020302）、财政学（020201K)；
研究生：会计学（120201）、企业管理（财务管理方向）（120202）、会计（1253）财政学（含：税收学）（020203）、金融学（含：保险学）（020204）、金融（0251）",38周岁及以下,,,,,,,,
2026,事业单位,蚌埠市,市,,公益一类,,长淮卫镇综合执法队,506001.0,专业技术岗位,,社会科学专技类(B类),3,1,本科及以上,"本科：经济学类（0201）、财政学类（0202）；
研究生：经济学（02）。",38周岁及以下；学位：学士及以上,,,,,,,,
2026,事业单位,蚌埠市,市,,公益一类,,陈集镇财政所,507051.0,专业技术岗位,,社会科学专技类(B类),3,1,本科及以上,"本科：会计学（120203K）、财务管理（120204）；
研究生：会计学（120201）、企业管理（财务管理方向）（120202）、会计（1253）",38周岁及以下；学位：学士及以上,,,,,,,,
2026,事业单位,蚌埠市,市,,公益一类,,魏庄镇农业发展服务中心,507053.0,专业技术岗位,,社会科学专技类(B类),3,1,本科及以上,"本科：会计学（120203K）、财务管理（120204）；
研究生：会计学（120201）、企业管理（财务管理方向）（120202）、会计（1253）",38周岁及以下；仅限怀远县户籍，需在本乡镇服务5年,,,,,,,,
2026,事业单位,蚌埠市,市,,公益一类,,魏庄镇农业发展服务中心,507054.0,专业技术岗位,,自然科学专技类(C类),3,1,本科及以上,"本科：农学（09）；
研究生：农学（09）",38周岁及以下；仅限怀远县户籍，需在本乡镇服务5年,,,,,,,,
2026,事业单位,蚌埠市,市,,公益一类,,魏庄镇综合执法队,507052.0,管理岗位,,综合管理类(A类),3,1,本科及以上,"本科：公共管理类（1204）、法学类（0301）、社会学类（0303）、城乡规划（082802）；
研究生：公共管理（学）（1204、1252）、法学（0301）、法律（0351）、社会学（0303）、社会工作（0352）、城乡规划学（0833）、城市（乡）规划（0853）",38周岁及以下,,,,,,,,
2026,事业单位,蚌埠市,市,,公益一类,,龙亢镇农业发展服务中心,507040.0,管理岗位,,综合管理类(A类),3,1,本科及以上,"本科：畜牧业类（2103）、农学（09）、农业水利工程（082305）、农业工程（082301）、会计学（120203K）；
研究生：农学（09）、水利工程（0815）、农业工程（0828）、会计学（120201）、会计（1253）",38周岁及以下,,,,,,,,
2026,事业单位,蚌埠市,市,,公益一类,,龙亢镇财政所,507039.0,管理岗位,,综合管理类(A类),3,1,本科及以上,"本科：经济学（020101）、会计学（120203K）、财务管理(120204)、审计学(120207)；
研究生：会计（1253）、工商管理(学)（1202、1251）、审计（1257、0257）、经济学（02）",38周岁及以下,,,,,,,,
2026,事业单位,铜陵市,市,,,,中共铜陵市郊区区委党校,1405001.0,管理,,自然科学专技类(C类),3,1,本科及以上,"本科：计算机类（0809）
研究生：计算机科学与技术类（0812）",38周岁以下；学位：学士及以上；中共党员,,,,,,,,
2026,事业单位,铜陵市,市,,,,五松镇社区卫生服务中心,1404012.0,专技,,,3,1,,,,,,,,,,,
2026,事业单位,铜陵市,市,,,,便民服务中心,1404017.0,专技,,,3,1,,,,,,,,,,,
2026,事业单位,铜陵市,市,,,,便民服务中心,1404023.0,专技,,,3,1,,,,,,,,,,,
2026,事业单位,铜陵市,市,,,,便民服务中心,1405011.0,管理,,综合管理类(A类),3,1,本科及以上,"本科：财务管理专业（120204)
硕士研究生：工商管理类（1202）",38周岁以下；学位：不限,,,,,,,,
2026,事业单位,铜陵市,市,,,,农业农村综合服务中心,1404019.0,专技,,,3,1,,,,,,,,,,,
2026,事业单位,铜陵市,市,,,,区人民医院,1404013.0,专技,,,3,1,,,,,,,,,,,
2026,事业单位,铜陵市,市,,,,区人民医院,1404014.0,专技,,,3,3,,,,,,,,,,,
2026,事业单位,铜陵市,市,,,,区人民医院,1404015.0,专技,,,3,3,,,,,,,,,,,
2026,事业单位,铜陵市,市,,,,区人民医院,1404016.0,专技,,,3,1,,,,,,,,,,,
2026,事业单位,铜陵市,市,,,,区会计核算中心,1404003.0,专技,,,3,1,,,,,,,,,,,
2026,事业单位,铜陵市,市,,,,区党风廉政教育中心,1404002.0,管理,,,3,1,,,,,,,,,,,
2026,事业单位,铜陵市,市,,,,区农业技术推广中心,1404007.0,专技,,,3,1,,,,,,,,,,,
2026,事业单位,铜陵市,市,,,,区农业技术推广中心,1404008.0,专技,,,3,1,,,,,,,,,,,
2026,事业单位,铜陵市,市,,,,区医疗保障管理服务中心,1404006.0,专技,,,3,1,,,,,,,,,,,
2026,事业单位,铜陵市,市,,,,区建设工程安全质量监督站,1404005.0,专技,,,3,1,,,,,,,,,,,
2026,事业单位,铜陵市,市,,,,区机电管理站,1404010.0,专技,,,3,1,,,,,,,,,,,
2026,事业单位,铜陵市,市,,,,区殡葬管理所,1404011.0,专技,,,3,1,,,,,,,,,,,
2026,事业单位,铜陵市,市,,,,区电子商务促进中心,1404004.0,专技,,,3,1,,,,,,,,,,,
2026,事业单位,铜陵市,市,,,,区知识产权中心,1404009.0,管理,,,3,1,,,,,,,,,,,
2026,事业单位,铜陵市,市,,,,区融媒体中心,1404001.0,专技,,,3,1,,,,,,,,,,,
2026,事业单位,铜陵市,市,,,,周潭镇自然资源和规划所,1401038.0,专技,本岗位为基层一线岗位，工作强度大，汛期和森林火灾易发期需经常加班。,社会科学专技类(B类),3,1,本科及以上,"本科：土地资源管理专业（120404）
硕士研究生: 土地资源管理专业(120405)",38周岁以下；学位：学士及以上,,,,,,,,
2026,事业单位,铜陵市,市,,,,大通镇自然资源和规划所,1401036.0,专技,本岗位为基层一线岗位，工作强度大，汛期和森林火灾易发期需经常加班。,自然科学专技类(C类),3,1,本科及以上,"本科：城乡规划专业（082802）、人文地理与城乡规划专业（070503）、林学类（0905）
硕士研究生：城市规划与设计专业（081303）、城乡规划学类（0833）、城乡规划类（0853）、林学类（0907）",38周岁以下；学位：学士及以上,,,,,,,,
2026,事业单位,铜陵市,市,,,,天门镇自然资源和规划所,1401034.0,专技,本岗位为基层一线岗位，工作强度大，汛期和森林火灾易发期需经常加班。,社会科学专技类(B类),3,1,本科及以上,"本科:汉语言文学专业(050101)、汉语言专业(050102)
硕士研究生:中国语言文学类(0501)",38周岁以下；学位：学士及以上,,,,,,,,
2026,事业单位,铜陵市,市,,,,市专用通信局,1401003.0,专技,,自然科学专技类(C类),3,1,本科及以上,"本科：电子信息类(0807)、计算机类(0809)
硕士研究生：电子科学与技术类(0809)、信息与通信工程类(0810)、计算机科学与技术类(0812)",38周岁以下；学位：学士及以上；中共党员,,,,,,,,
2026,事业单位,铜陵市,市,,,,市中医医院,1401066.0,专技,,医疗卫生类(E类),3,1,研究生及以上,硕士研究生：外科学专业（105111）、中医外科学专业（100507）,"38周岁以下；学位：硕士及以上；1.具有执业医师资格及住院医师规范化培训合格证书；
2.一年及以上本专业工作经历。",,,,,,,,
2026,事业单位,铜陵市,市,,,,市中医医院,1401067.0,专技,,医疗卫生类(E类),3,1,研究生及以上,硕士研究生：超声医学专业（105124）,"38周岁以下；学位：硕士及以上；1.具有执业医师资格及住院医师规范化培训合格证书；
2.一年及以上本专业工作经历。",,,,,,,,
2026,事业单位,铜陵市,市,,,,市中医医院,1401068.0,专技,,医疗卫生类(E类),3,3,研究生及以上,硕士研究生：中医内科学专业（100506）、中医五官科学专业（100511）、民族医学专业(100513)、中西医结合临床专业（100602）,"38周岁以下；学位：硕士及以上；1.具有执业医师资格及住院医师规范化培训合格证书；
2.一年及以上本专业工作经历。",,,,,,,,
2026,事业单位,铜陵市,市,,,,市中心血站,1401077.0,专技,,医疗卫生类(E类),3,1,本科及以上,"本科：临床医学专业（100201K）
硕士研究生：临床医学类（1002）、临床医学（1051）",38周岁以下；学位：学士及以上；具有执业医师资格证书,,,,,,,,
2026,事业单位,铜陵市,市,,,,市交通运输综合行政执法支队,1401048.0,管理,主要从事道路、水路等一线执法工作，工作强度大，需值夜班且经常加班,综合管理类(A类),3,2,本科及以上,"本科：法学专业（030101k）
硕士研究生：法学类（0301）、法律（0351）",38周岁以下；学位：不限；须通过国家统一法律职业资格考试，取得法律职业资格证书（A证）,,,,,,,,
2026,事业单位,铜陵市,市,,,,市交通运输综合行政执法支队,1401049.0,管理,主要从事道路、水路等一线执法工作，工作强度大，需值夜班且经常加班,综合管理类(A类),3,1,本科及以上,"本科：法学专业（030101k）
硕士研究生：法学类（0301）、法律（0351）",38周岁以下；学位：不限,,,,,,,,
2026,事业单位,铜陵市,市,,,,市人力资源培训中心,1401030.0,专技,,社会科学专技类(B类),3,1,本科及以上,"本科：经济学专业(020101)、经济统计学专业(020102)、财务管理专业（120204）
研究生：应用经济学类(0202)、企业管理专业( 120202 )（含：财务管理、市场营销、人力资源管理）",38周岁以下；学位：学士及以上,,,,,,,,
2026,事业单位,铜陵市,市,,,,市人力资源考试院,1401029.0,专技,,社会科学专技类(B类),3,1,本科及以上,"本科：财务管理专业（120204）、会计学专业（120203K）、财务会计教育专业(120213T)
硕士研究生：会计学专业（120201）、会计（1253）",38周岁以下；学位：学士及以上；具有2年以上财务工作经历，持有会计专业初级及以上资格证书，周末常态化加班，有时值夜班。,,,,,,,,
2026,事业单位,铜陵市,市,,,,市人才综合服务中心,1401028.0,专技,,社会科学专技类(B类),3,1,本科及以上,"本科：行政管理专业（120402）
硕士研究生：行政管理专业（120401）",38周岁以下；学位：学士及以上；具有2年以上工作经历,,,,,,,,
2026,事业单位,铜陵市,市,,,,市住房公积金管理中心,1401015.0,管理,在枞阳县工作,综合管理类(A类),3,1,本科及以上,"本科：新闻传播学类（0503）、法学专业（030101k）、汉语言文学专业（050101）、财务管理专业（120204）、会计学专业（120203K） 、财务会计教育专业(120213T)
硕士研究生：法学类（0301）、法律（0351）、汉语言文字学专业（050103）、新闻学专业（050301）、会计学专业（120201）、会计（1253）",38周岁以下；学位：学士及以上,,,,,,,,
2026,事业单位,铜陵市,市,,,,市公共资源交易中心,1401014.0,专技,经常值夜班,自然科学专技类(C类),3,1,本科及以上,"本科：土木类（0810）、工程管理专业（120103）、工程造价专业（120105）、工程审计专业（120109T)
硕士研究生：土木工程类（0814）、工程管理（1256）、审计（1257）。",38周岁以下；学位：学士及以上,,,,,,,,
2026,事业单位,铜陵市,市,,,,市公用事业管理处,1401047.0,专技,主要从事工程项目现场日常管理，需经常加班,自然科学专技类(C类),3,1,本科及以上,"本科：给排水科学与工程专业（081003）
硕士研究生：市政工程专业（081403）",38周岁以下；学位：学士及以上,,,,,,,,
2026,事业单位,铜陵市,市,,,,市农产品质量安全检验检测中心,1401050.0,专技,,自然科学专技类(C类),3,1,本科及以上,"本科：农学专业（090101）、园艺专业（090102）、植物科学与技术专业（090104）、种子科学与工程专业（090105）、设施农业科学与工程专业（090106）、茶学专业（090107T）、菌物科学与工程专业（090113T）、生物育种科学专业（090116TK）、生物育种技术专业（090117TK）
硕士研究生：作物学类（0901）、园艺学类（0902）、农业类（0951）",38周岁以下；学位：学士及以上,,,,,,,,
2026,事业单位,铜陵市,市,,,,市医院管理中心,1401078.0,专技,限男性报考,医疗卫生类(E类),3,1,本科及以上,"本科：临床医学类（1002）
硕士研究生：临床医学类（1002）、临床医学（1051）",38周岁以下；学位：学士及以上,,,,,,,,
2026,事业单位,铜陵市,市,,,,市医院管理中心,1401079.0,专技,限女性报考,医疗卫生类(E类),3,1,本科及以上,"本科：临床医学类（1002）
硕士研究生：临床医学类（1002）、临床医学（1051）",38周岁以下；学位：学士及以上,,,,,,,,
2026,事业单位,铜陵市,市,,,,市博物馆,1401053.0,专技,,社会科学专技类(B类),3,1,本科及以上,"本科：会计学专业（120203K）、财务管理专业（120204）、财务会计教育专业(120213T）
硕士研究生：会计学专业（120201）、会计（1253）",38周岁以下；学位：学士及以上；需具有会计专业中级及以上资格证书,,,,,,,,
2026,事业单位,铜陵市,市,,,,市图书馆,1401052.0,专技,,社会科学专技类(B类),3,1,本科及以上,"本科：播音与主持艺术专业（130309）
硕士研究生：广播电视艺术学专业（050407）、广播电视专业（135105）",38周岁以下；学位：学士及以上,,,,,,,,
2026,事业单位,铜陵市,市,,,,市土地储备发展中心,1401031.0,管理,,综合管理类(A类),3,1,本科及以上,"本科：法学专业（030101K）
硕士研究生: 法学类(0301)",38周岁以下；学位：学士及以上,,,,,,,,
2026,事业单位,铜陵市,市,,,,市城市建设项目管理处,1401044.0,专技,需要长期在项目一线工作，条件艰苦。,自然科学专技类(C类),3,1,本科及以上,"本科：土木类（0810）
硕士研究生：土木工程类（0814）",38周岁以下；学位：学士及以上,,,,,,,,
2026,事业单位,铜陵市,市,,,,市天井湖景区管理处,1401045.0,管理,定向招聘随军未就业家属,社会科学专技类(B类),3,1,大专及以上,不限,40周岁以下；学位：不限,,,,,,,,
2026,事业单位,铜陵市,市,,,,市妇幼保健计划生育服务中心,1401069.0,专技,,医疗卫生类(E类),3,1,研究生及以上,硕士研究生：中医妇科专业(100519)、中西医结合临床专业（100602）,38周岁以下；学位：硕士及以上；具有执业医师资格及住院医师规范化培训合格证书,,,,,,,,
2026,事业单位,铜陵市,市,,,,市妇幼保健计划生育服务中心,1401070.0,专技,,医疗卫生类(E类),3,1,本科及以上,"本科：临床医学专业（100201K）
硕士研究生：内科学专业（105101）、神经病学专业（105104）","38周岁以下；学位：学士及以上；1.具有执业医师资格及住院医师规范化培训合格证书；
2.最高学历为本科学历须具有内科中级职称。",,,,,,,,
2026,事业单位,铜陵市,市,,,,市妇幼保健计划生育服务中心,1401071.0,专技,,医疗卫生类(E类),3,2,本科及以上,"本科：医学影像学专业（100203TK）
硕士研究生：影像医学与核医学专业（100207）","38周岁以下；学位：学士及以上；1.具有执业医师资格证书；
2.2020年以后毕业生需具有住院医师规范化培训合格证；
3.最高学历为本科学历须具有中级职称。",,,,,,,,
2026,事业单位,铜陵市,市,,,,市妇幼保健计划生育服务中心,1401072.0,专技,,社会科学专技类(B类),3,1,本科及以上,"本科：会计学专业（120203K）、财务管理专业（120204）、财务会计教育专业(120213T)
硕士研究生：会计学专业（120201）",38周岁以下；学位：学士及以上；具有初级会计师资格证书,,,,,,,,
2026,事业单位,铜陵市,市,,,,市委党校,1401001.0,专技,教学岗位,社会科学专技类(B类),3,2,博士及以上,博士研究生：政治学类（0302）、社会学类（0303）、马克思主义理论类（0305）、中共党史党建学类（0307）、马克思主义哲学专业（010101）  ,38周岁以下；学位：博士,,,,,,,,
2026,事业单位,铜陵市,市,,,,市市场监管综合行政执法支队,1401083.0,专技,,社会科学专技类(B类),3,1,本科及以上,"本科：法学专业（030101K）
硕士研究生：法学类（0301）",38周岁以下；学位：学士及以上；具有法律职业资格证书A类,,,,,,,,
2026,事业单位,铜陵市,市,,,,市市场监管综合行政执法支队,1401084.0,专技,,自然科学专技类(C类),3,1,本科及以上,"本科：食品质量与安全专业（082702）、食品科学与工程专业（082701）
硕士研究生：食品科学与工程类（0832）",38周岁以下；学位：学士及以上,,,,,,,,
2026,事业单位,铜陵市,市,,,,市市场监管综合行政执法支队,1401085.0,专技,,医疗卫生类(E类),3,1,本科及以上,"本科：药学专业（100701）、药事管理专业（100704T）、中药学专业（100801）
硕士研究生：药学类（1007） 、药学（1055）、中药学（1008）",38周岁以下；学位：学士及以上,,,,,,,,
2026,事业单位,铜陵市,市,,,,市市场监管综合行政执法支队,1401086.0,专技,,自然科学专技类(C类),3,1,本科及以上,"本科：机械工程专业（080201）、机械设计制造及其自动化专业（080202）、机械电子工程专业（080204）、软件工程专业（080902）、电子与计算机工程专业（080909T）
硕士研究生：机械（0855）、机械制造及其自动化专业（080201）、机械电子工程专业（080202）、软件工程（0835）、计算机科学与技术类（0812）",38周岁以下；学位：学士及以上,,,,,,,,
2026,事业单位,铜陵市,市,,,,市市政工程管理处,1401043.0,管理,主要从事综合文字业务工作及党建业务工作。,综合管理类(A类),3,1,本科及以上,"本科：汉语言文学专业（050101）、汉语言专业（050102）
硕士研究生：中国语言文学类（0501）",38周岁以下；学位：学士及以上,,,,,,,,
2026,事业单位,铜陵市,市,,,,市广播电视台,1401016.0,专技,,社会科学专技类(B类),3,1,本科及以上,不限,38周岁以下；取得新闻、播音、广播影视工程、广播电视工程初级及以上专业技术资格,,,,,,,,
2026,事业单位,铜陵市,市,,,,市广播电视台,1401017.0,专技,,社会科学专技类(B类),3,1,本科及以上,"本科：新闻传播学类（0503）汉语言文学专业（050101）摄影专业（130404）影视摄影与制作专业（130311T）广播电视编导专业（130305 ）
硕士研究生：新闻传播学（0503）汉语言文学专业(050103 ) 新闻与传播 （0552）艺术学（0504）",38周岁以下,,,,,,,,
2026,事业单位,铜陵市,市,,,,市建筑工程管理局,1401041.0,专技,,社会科学专技类(B类),3,1,本科及以上,"本科：财务管理专业（120204）、会计学专业（120203K） 、财务会计教育专业(120213T)
硕士研究生：会计学专业（120201）、会计（1253）",38周岁以下；学位：学士及以上；须具有两年以上本专业工作经历,,,,,,,,
2026,事业单位,铜陵市,市,,,,市建筑工程管理局,1401042.0,专技,,自然科学专技类(C类),3,1,本科及以上,"本科：建筑电气与智能化专业（081004）
硕士研究生：电气工程类（0808）",38周岁以下；学位：学士及以上,,,,,,,,
2026,事业单位,铜陵市,市,,,,市心理卫生中心,1401065.0,专技,,医疗卫生类(E类),3,2,本科及以上,"本科：精神医学专业（100205TK）、临床医学专业（100201K）
硕士研究生：精神病与精神卫生学专业（100205）",38周岁以下；学位：学士及以上；本科须具有中级职称，且执业及规培证范围为精神卫生方向；研究生须具有执业医师资格及住院医师规范化培训合格证书,,,,,,,,
2026,事业单位,铜陵市,市,,,,市房地产市场管理处,1401046.0,专技,,自然科学专技类(C类),3,1,本科及以上,"本科：土木工程专业（081001）
硕士研究生：土木工程类（0814 ）",38周岁以下；学位：学士及以上,,,,,,,,
2026,事业单位,铜陵市,市,,,,市文化馆,1401054.0,专技,,社会科学专技类(B类),3,1,本科及以上,"本科：音乐表演专业（130201）、表演专业（130301）
硕士研究生：音乐学专业（050402）、戏剧戏曲学专业（050405）
",38周岁以下；学位：学士及以上,,,,,,,,
2026,事业单位,铜陵市,市,,,,市林业技术管理站,1401032.0,管理,,综合管理类(A类),3,1,本科及以上,"本科：计算机类（0809）
硕士研究生：计算机科学与技术类(0812)",38周岁以下；学位：学士及以上,,,,,,,,
2026,事业单位,铜陵市,市,,,,市殡葬管理所,1401026.0,管理,,综合管理类(A类),3,1,本科及以上,"本科：中国语言文学类（0501）、法学类（0301）
硕士研究生：中国语言文学类（0501）、 法学类（0301）、法律（0351）",38周岁以下；学位：学士及以上,,,,,,,,
2026,事业单位,铜陵市,市,,,,市水旱灾害防御中心,1401051.0,专技,参与水上行政执法,自然科学专技类(C类),3,1,本科及以上,"本科:水利类（0811）
硕士研究生:水利工程类(0815）",38周岁以下；学位：学士及以上,,,,,,,,
2026,事业单位,铜陵市,市,,,,市流浪乞讨人员救助站,1401025.0,专技,持有助理社会工作师或以上专业技术资格,社会科学专技类(B类),3,1,本科及以上,"本科：社会工作专业（030302）
硕士研究生：社会工作（0352）",38周岁以下；学位：学士及以上,,,,,,,,
2026,事业单位,铜陵市,市,,,,市物业管理处,1401040.0,专技,,自然科学专技类(C类),3,1,本科及以上,"本科：土木工程专业（081001）、给排水科学与工程专业（081003）
硕士研究生：土木工程类（0814）",38周岁以下；学位：学士及以上；须具有两年以上本专业工作经历,,,,,,,,
2026,事业单位,铜陵市,市,,,,市特种设备监督检验中心,1401082.0,专技,,自然科学专技类(C类),3,2,本科及以上,"本科：过程装备与控制工程专业（080206）、金属材料工程专业（080405）、焊接技术与工程专业（080411T）、机械工程专业（080201）、机械设计制造及其自动化专业（080202）、机械电子工程专业（080204）
硕士研究生：热能工程专业（080702） 、化工过程机械专业（080706） 、材料物理与化学专业（080501） 、材料学专业（080502） 、材料加工工程专业（080503）、机械制造及其自动化专业（080201）、机械电子工程专业（080202）",38周岁以下；学位：学士及以上,,,,,,,,
2026,事业单位,铜陵市,市,,,,市生态环境局开发区分局,1401039.0,专技,,自然科学专技类(C类),3,1,本科及以上,"本科:环境科学与工程类（0825）
硕士研究生:环境科学与工程类（0830）",38周岁以下；学位：学士及以上,,,,,,,,
2026,事业单位,铜陵市,市,,,,市疾病预防控制中心,1401073.0,专技,,医疗卫生类(E类),3,1,大专及以上,"专科：临床医学专业（520101K）
本科：临床医学专业（100201K）
硕士研究生：内科学专业（105101）、皮肤病与性病学专业（105106）",38周岁以下；学位：不限；具有执业医师资格证书,,,,,,,,
2026,事业单位,铜陵市,市,,,,市疾病预防控制中心,1401074.0,专技,,医疗卫生类(E类),3,1,本科及以上,"本科：预防医学专业（100401K）
硕士研究生：流行病与卫生统计学专业（100401）、劳动卫生与环境卫生学专业（100402）、营养与食品卫生学专业(100403)、儿少卫生与妇幼保健学专业（100404）、卫生毒理学专业（100405）",38周岁以下；学位：学士及以上,,,,,,,,
2026,事业单位,铜陵市,市,,,,市疾病预防控制中心,1401075.0,专技,,医疗卫生类(E类),3,1,本科及以上,"本科：医学检验技术专业（101001)
硕士研究生：病原生物学专业（100103）、病理学与病理生理学专业（100104 ）",38周岁以下；学位：学士及以上,,,,,,,,
2026,事业单位,铜陵市,市,,,,市直机关后勤服务中心,1401087.0,管理,,综合管理类(A类),3,1,本科及以上,不限,38周岁以下；学位：学士及以上,,,,,,,,
2026,事业单位,铜陵市,市,,,,市社会保险事业管理服务中心,1401027.0,专技,,自然科学专技类(C类),3,1,本科及以上,"本科：计算机类（0809）
研究生：计算机科学与技术类（0812）",38周岁以下；学位：学士及以上,,,,,,,,
2026,事业单位,铜陵市,市,,,,市第三人民医院,1401063.0,专技,,医疗卫生类(E类),3,2,本科及以上,"本科：精神医学专业（100205TK）、临床医学专业（100201K）
硕士研究生：精神病与精神卫生学专业（100205）",38周岁以下；学位：学士及以上；本科须具有中级职称，且执业及规培证范围为精神卫生方向；研究生须具有执业医师资格及住院医师规范化培训合格证书,,,,,,,,
2026,事业单位,铜陵市,市,,,,市第三人民医院,1401064.0,专技,,医疗卫生类(E类),3,2,研究生及以上,硕士研究生：精神病与精神卫生学专业（105105）,38周岁以下；学位：硕士及以上；具有执业医师资格及住院医师规范化培训合格证书,,,,,,,,
2026,事业单位,铜陵市,市,,,,市第二人民医院,1401057.0,专技,,医疗卫生类(E类),3,1,研究生及以上,硕士研究生：康复医学与理疗学专业（105110）,38周岁以下；学位：硕士及以上；具有执业医师资格及住院医师规范化培训合格证书,,,,,,,,
2026,事业单位,铜陵市,市,,,,市第二人民医院,1401058.0,专技,,医疗卫生类(E类),3,1,研究生及以上,硕士研究生：老年医学专业（105103）,38周岁以下；学位：硕士及以上；具有执业医师资格及住院医师规范化培训合格证,,,,,,,,
2026,事业单位,铜陵市,市,,,,市第二人民医院,1401059.0,专技,,医疗卫生类(E类),3,1,研究生及以上,硕士研究生：内科学专业（105101）,38周岁以下；学位：硕士及以上；具有执业医师资格及住院医师规范化培训合格证,,,,,,,,
2026,事业单位,铜陵市,市,,,,市第二人民医院,1401060.0,专技,,医疗卫生类(E类),3,1,本科及以上,"本科：临床医学专业（100201K）
硕士研究生：内科学专业（105101）","38周岁以下；学位：学士及以上；1.具有执业医师资格及住院医师规范化培训合格证书，规培方向为内科；
2.硕士研究生年龄可放宽至38周岁",,,,,,,,
2026,事业单位,铜陵市,市,,,,市第二人民医院,1401061.0,专技,,医疗卫生类(E类),3,1,本科及以上,"本科：医学影像学专业（100203TK）
硕士研究生：放射影像学专业（105123）","38周岁以下；学位：学士及以上；1.具有执业医师资格及住院医师规范化培训合格证书；
2.硕士研究生年龄可放宽至38周岁",,,,,,,,
2026,事业单位,铜陵市,市,,,,市第二人民医院,1401062.0,专技,,医疗卫生类(E类),3,2,本科及以上,"本科：中医学专业（100501K）
硕士研究生：中医内科学专业（105701）、中医骨伤科学专业（105703）","38周岁以下；学位：学士及以上；1.具有执业医师资格及住院医师规范化培训合格证书；
2.硕士研究生年龄可放宽至38周岁",,,,,,,,
2026,事业单位,铜陵市,市,,,,市紧急救援中心,1401076.0,专技,,医疗卫生类(E类),3,1,本科及以上,"本科：临床医学专业（100201K）
硕士研究生：临床医学类（1002）、临床医学（1051）",38周岁以下；学位：学士及以上；具有执业医师资格证书,,,,,,,,
2026,事业单位,铜陵市,市,,,,市纪委监委信息中心,1401002.0,管理,,综合管理类(A类),3,1,本科及以上,"本科：电子信息类（0807）、计算机类（0809）
硕士研究生：电子科学与技术（0809）、信息与通信工程（0810）、计算机科学与技术（0812）、软件工程（0835）、安全科学与工程（0837）、公安技术（0838）、网络空间安全（0839）、电子信息（0854）",38周岁以下；学位：学士及以上；中共党员,,,,,,,,
2026,事业单位,铜陵市,市,,,,市肿瘤防治研究所,1401055.0,专技,,医疗卫生类(E类),3,2,博士及以上,博士研究生：内科学专业（100201）、老年医学专业（100203）、神经病学专业（100204）、肿瘤学专业（100214）、康复医学与理疗学专业（100215）、影像医学与核医学专业（100207）、临床检验诊断学专业（100208）,38周岁以下；学位：博士,,,,,,,,
2026,事业单位,铜陵市,市,,,,市肿瘤防治研究所,1401056.0,专技,,医疗卫生类(E类),3,2,博士及以上,博士研究生：外科学专业（100210）、眼科学专业（100212）、耳鼻咽喉科学专业（100213）、运动医学专业（100216）、麻醉学专业（100217）、急诊医学专业（100218）,38周岁以下；学位：博士,,,,,,,,
2026,事业单位,铜陵市,市,,,,市计量测试研究所,1401080.0,专技,,自然科学专技类(C类),3,1,本科及以上,"本科：测控技术与仪器专业（080301）、自动化专业（080801）、电气工程及其自动化专业（080601）、电子信息工程专业（080701）、工程力学专业（080102）
硕士研究生：仪器科学与技术类（0804）、检测技术与自动化装置专业（081102）、电气工程类（0808）、通信与信息系统专业（081001）、工程力学专业（080104）",38周岁以下；学位：学士及以上,,,,,,,,
2026,事业单位,铜陵市,市,,,,市食品药品检验中心,1401081.0,专技,,医疗卫生类(E类),3,1,研究生及以上,硕士研究生：药学类（1007）,38周岁以下；学位：硕士及以上,,,,,,,,
2026,事业单位,铜陵市,市,,,,枞阳县信访局,1402004.0,专业技术,,,3,1,,,,,,,,,,,
2026,事业单位,铜陵市,市,,,,枞阳县信访局,1402005.0,专业技术,,,3,1,,,,,,,,,,,
2026,事业单位,铜陵市,市,,,,枞阳县农业农村局,1402012.0,专业技术,,,3,1,,,,,,,,,,,
2026,事业单位,铜陵市,市,,,,枞阳县农业农村局,1402013.0,专业技术,,,3,1,,,,,,,,,,,
2026,事业单位,铜陵市,市,,,,枞阳县农业农村局,1402014.0,专业技术,,,3,1,,,,,,,,,,,
2026,事业单位,铜陵市,市,,,,枞阳县农业农村局,1402015.0,专业技术,,,3,1,,,,,,,,,,,
2026,事业单位,铜陵市,市,,,,"枞阳县卫生健康
委员会",1402027.0,专业技术,汤沟镇中心卫生院、项铺镇中心卫生院、白梅乡卫生院各1名，从高分到低分选岗。,,3,3,,,,,,,,,,,
2026,事业单位,铜陵市,市,,,,"枞阳县卫生健康
委员会",1402028.0,专业技术,,,3,1,,,,,,,,,,,
2026,事业单位,铜陵市,市,,,,"枞阳县卫生健康
委员会",1402029.0,专业技术,,,3,1,,,,,,,,,,,
2026,事业单位,铜陵市,市,,,,枞阳县城市管理局,1402016.0,管理,,,3,1,,,,,,,,,,,
2026,事业单位,铜陵市,市,,,,枞阳县城市管理局,1402017.0,管理,,,3,1,,,,,,,,,,,
2026,事业单位,铜陵市,市,,,,枞阳县工业和信息化局,1402006.0,专业技术,,,3,1,,,,,,,,,,,
2026,事业单位,铜陵市,市,,,,枞阳县工业和信息化局,1402007.0,专业技术,,,3,1,,,,,,,,,,,
2026,事业单位,铜陵市,市,,,,枞阳县工业和信息化局,1402008.0,专业技术,,,3,1,,,,,,,,,,,
2026,事业单位,铜陵市,市,,,,枞阳县工业和信息化局,1402009.0,专业技术,,,3,1,,,,,,,,,,,
2026,事业单位,铜陵市,市,,,,枞阳县市场监督管理局,1402019.0,管理,开展食品安全市场监管工作,,3,1,,,,,,,,,,,
2026,事业单位,铜陵市,市,,,,枞阳县市场监督管理局,1402020.0,管理,开展网络交易市场监管工作,,3,1,,,,,,,,,,,
2026,事业单位,铜陵市,市,,,,枞阳县应急管理局,1402018.0,专业技术,,,3,1,,,,,,,,,,,
2026,事业单位,铜陵市,市,,,,枞阳县文化和旅游局,1402010.0,专业技术,从事图书管理工作,,3,1,,,,,,,,,,,
2026,事业单位,铜陵市,市,,,,枞阳县文化和旅游局,1402011.0,专业技术,,,3,1,,,,,,,,,,,
2026,事业单位,铜陵市,市,,,,枞阳县机关事务管理服务中心,1402023.0,专业技术,,,3,1,,,,,,,,,,,
2026,事业单位,铜陵市,市,,,,枞阳县机关事务管理服务中心,1402024.0,专业技术,,,3,1,,,,,,,,,,,
2026,事业单位,铜陵市,市,,,,枞阳县机关事务管理服务中心,1402025.0,专业技术,,,3,1,,,,,,,,,,,
2026,事业单位,铜陵市,市,,,,枞阳县机关事务管理服务中心,1402026.0,专业技术,,,3,1,,,,,,,,,,,
2026,事业单位,铜陵市,市,,,,枞阳县民政局,1402021.0,管理,主要从事殡仪服务工作，需参与24小时值班。,,3,1,,,,,,,,,,,
2026,事业单位,铜陵市,市,,,,枞阳县民政局,1402022.0,专业技术,主要从事殡仪服务工作，需参与24小时值班。,,3,1,,,,,,,,,,,
2026,事业单位,铜陵市,市,,,,综合行政执法队,1404020.0,管理,,,3,1,,,,,,,,,,,
2026,事业单位,铜陵市,市,,,,综合行政执法队,1405009.0,专技,,自然科学专技类(C类),3,1,本科及以上,"本科：土木类（0810）、水利类（0811）、管理科学与工程类（1201）
硕士研究生：土木工程类（0814）、水利工程类（0815）、管理科学与工程类（1201）",38周岁以下；学位：学士及以上,,,,,,,,
2026,事业单位,铜陵市,市,,,,综合行政执法队,1405010.0,专技,定向招聘随军未就业家属,综合管理类(A类),3,1,大专及以上,不限,"40周岁以下；学位：不限；特殊情况（烈士遗属、因公牺牲军人遗属,战时荣立二等功以上奖励、上校军官（四级文员）、四级及以上残疾，在抢险救灾和处置突发事件等急难险重任务中受到省部级以上表彰的军人家属)年龄可放宽至45周岁",,,,,,,,
2026,事业单位,铜陵市,市,,,,综合行政执法队,1405012.0,管理,,综合管理类(A类),3,1,本科及以上,"本科：汉语言文学专业（050101）、网络与新媒体专业（050306T）
硕士研究生：中国语言文学类（0501）、新闻传播学类（0503）",38周岁以下；学位：不限,,,,,,,,
2026,事业单位,铜陵市,市,,,,西湖镇卫生院,1403008.0,专技,,医疗卫生类(E类),3,1,本科及以上,"本科：中医学专业（100501K）
硕士研究生：中医学类（1005）",38周岁以下；学位：学士及以上；具有执业医师资格,,,,,,,,
2026,事业单位,铜陵市,市,,,,西湖镇卫生院,1403009.0,专技,,医疗卫生类(E类),3,1,本科及以上,"本科专业：医学影像学专业（100203TK）
硕士研究生：影像医学与核医学专业（100207）",38周岁以下；学位：学士及以上；具有执业医师资格,,,,,,,,
2026,事业单位,铜陵市,市,,,,西联镇自然资源和规划所,1401033.0,专技,本岗位为基层一线岗位，工作强度大，汛期和森林火灾易发期需经常加班。,自然科学专技类(C类),3,1,本科及以上,"本科:地质工程专业(081401)、勘查技术与工程专业(081402)、资源勘查工程专业(081403K)、林学类（0905）
硕士研究生:地质资源与地质工程类(0818)、林学类（0907）",38周岁以下；学位：学士及以上,,,,,,,,
2026,事业单位,铜陵市,市,,,,财政资产管理中心,1404018.0,专技,,,3,1,,,,,,,,,,,
2026,事业单位,铜陵市,市,,,,财政资产管理中心,1404021.0,专技,,,3,1,,,,,,,,,,,
2026,事业单位,铜陵市,市,,,,财政资产管理中心,1404022.0,专技,,,3,1,,,,,,,,,,,
2026,事业单位,铜陵市,市,,,,钟鸣镇自然资源和规划所,1401035.0,专技,本岗位为基层一线岗位，工作强度大，汛期和森林火灾易发期需经常加班。,社会科学专技类(B类),3,1,本科及以上,不限,38周岁以下；学位：学士及以上,,,,,,,,
2026,事业单位,铜陵市,市,,,,铜官区农业综合行政执法大队,1403003.0,专技,,自然科学专技类(C类),3,2,本科及以上,"本科：水利类（0811）、土木类（0810）、农业工程类（0823）
硕士研究生：水利工程类（0815）、土木工程类（0814）、农业工程类（0828）",38周岁以下；学位：学士及以上,,,,,,,,
2026,事业单位,铜陵市,市,,,,铜官区城乡居（村）民最低生活保障管理中心,1403005.0,管理,,综合管理类(A类),3,1,本科及以上,"本科：社会学类（0303）、汉语言文学专业（050101）、秘书学专业（050107T）、法学专业（030101K）、人力资源管理专业（120206）、公共事业管理专业（120401） 
硕士研究生：社会学类（0303）、政治学类（0302）、中国语言文学类（0501）、公共管理类（1204）、法学类（0301）",38周岁以下；学位：学士及以上,,,,,,,,
2026,事业单位,铜陵市,市,,,,铜官区城市管理综合行政执法大队,1403006.0,管理,城管执法岗位，周末及节假日常态化值夜班、加班,综合管理类(A类),3,1,本科及以上,"本科：法学专业（030101K）
硕士研究生：法学类（0301）、法律（0351）",38周岁以下；学位：学士及以上,,,,,,,,
2026,事业单位,铜陵市,市,,,,铜官区城市管理综合行政执法大队,1403007.0,管理,,综合管理类(A类),3,1,本科及以上,"本科：会计学专业（120203K）
硕士研究生：会计学专业（120201）、会计（1253）",38周岁以下；学位：学士及以上,,,,,,,,
2026,事业单位,铜陵市,市,,,,铜官区应急管理综合行政执法大队,1403002.0,管理,需从事应急值班值守、下井作业检查工作,综合管理类(A类),3,1,本科及以上,"本科：采矿工程专业（081501）、应急管理专业（120111T）
硕士研究生：矿业工程类（0819）",38周岁以下；学位：学士及以上,,,,,,,,
2026,事业单位,铜陵市,市,,,,铜官区廉政教育中心,1403001.0,管理,需经常加班出差,综合管理类(A类),3,1,本科及以上,"本科：计算机类（0809）
硕士研究生：计算机科学与技术类（0812）",38周岁以下；学位：学士及以上；中共党员,,,,,,,,
2026,事业单位,铜陵市,市,,,,铜官区经济调查队,1403004.0,专技,,自然科学专技类(C类),3,1,本科及以上,"本科：经济统计学专业（020102），统计学专业（071201），应用统计学专业（071202），会计学专业（120203K）
硕士研究生：统计学专业（020208），会计学专业（120201）",38周岁以下；学位：学士及以上,,,,,,,,
2026,事业单位,铜陵市,市,,,,铜山镇自然资源和规划所,1401037.0,专技,本岗位为基层一线岗位，工作强度大，汛期和森林火灾易发期需经常加班。,自然科学专技类(C类),3,1,本科及以上,"本科：地质类（0814）、地质学专业（070901）、林学类（0905）
硕士研究生：地质资源与地质工程类（0818）、林学类（0907）",38周岁以下；学位：学士及以上,,,,,,,,
2026,事业单位,铜陵市,市,,,,铜陵市郊区党员教育中心,1405002.0,管理,限男性,自然科学专技类(C类),3,1,本科及以上,"本科：理学门类（07）
研究生：理学门类（07）",38周岁以下；学位：学士及以上；中共党员,,,,,,,,
2026,事业单位,铜陵市,市,,,,铜陵市郊区党员教育中心,1405003.0,管理,限女性,自然科学专技类(C类),3,1,本科及以上,"本科：理学门类（07）
研究生：理学门类（07）",38周岁以下；学位：学士及以上；中共党员,,,,,,,,
2026,事业单位,铜陵市,市,,,,铜陵市郊区大通镇卫生院,1405015.0,专技,,医疗卫生类(E类),3,1,大专及以上,"专科：医学影像技术专业（620403）
本科：放射医学专业（100206TK）、医学影像学专业（100203TK）、医学影像技术专业（101003)
研究生：放射医学专业（100106)  ",38周岁以下；学位：不限；须取得执业（助理）医师资格或执业技师（技士）资格,,,,,,,,
2026,事业单位,铜陵市,市,,,,铜陵市郊区建设工程消防中心  ,1405006.0,管理,,自然科学专技类(C类),3,1,本科及以上,"本科：给排水科学与工程专业（081003）、建筑学专业（082801）
硕士研究生：市政工程专业（081403）、建筑技术科学专业（081304）",38周岁以下；学位：学士及以上,,,,,,,,
2026,事业单位,铜陵市,市,,,,铜陵市郊区文化馆,1405008.0,管理,,社会科学专技类(B类),3,1,本科及以上,"本科：音乐与舞蹈学类（1302）、戏剧与影视学类（1303）、设计学类（1305）
研究生：音乐学专业（050402）、设计艺术学专业（050404）、广播电视艺术学专业（050407）、舞蹈学专业（050408）",38周岁以下；学位：学士及以上,,,,,,,,
2026,事业单位,铜陵市,市,,,,铜陵市郊区灰河乡卫生院,1405013.0,专技,,医疗卫生类(E类),3,2,本科及以上,"本科：临床医学专业（100201K）、中西医临床医学专业（100601K）
研究生：中西医结合类（1006）、外科学专业（105111）、急诊医学专业（105107）、骨科学专业（105113)","38周岁以下；学位：不限；须取得执业医师资格,执业范围含外科专业",,,,,,,,
2026,事业单位,铜陵市,市,,,,铜陵市郊区灰河乡卫生院,1405014.0,专技,,医疗卫生类(E类),3,1,本科及以上,"本科：医学影像学专业（100203TK）
研究生：超声医学专业（105124）、核医学专业（105125)、 影像医学与核医学专业（100207）",38周岁以下；学位：不限；须取得执业医师资格，执业范围含医学影像和放射治疗专业,,,,,,,,
2026,事业单位,铜陵市,市,,,,铜陵市郊区畜牧兽医技术管理服务中心,1405007.0,专技,,自然科学专技类(C类),3,1,本科及以上,"本科：动物医学专业（090401）、动物药学专业（090402）；
研究生：畜牧学类（0905）、兽医学类（0906）、兽医（0952）",38周岁以下；学位：学士及以上,,,,,,,,
2026,事业单位,铜陵市,市,,,,铜陵市郊区科技创新服务中心,1405004.0,管理,,自然科学专技类(C类),3,1,本科及以上,"本科：材料类(0804)
研究生：材料学与工程类 (0805)",38周岁以下；学位：学士及以上,,,,,,,,
2026,事业单位,铜陵市,市,,,,铜陵市郊区老龄工作中心,1405005.0,管理,,综合管理类(A类),3,1,本科及以上,"本科：公共管理类（1204）、汉语言文学专业（050101）
硕士研究生：中国语言文学类（0501）、公共管理类（1204）",38周岁以下；学位：不限,,,,,,,,
2026,事业单位,铜陵市,市,,,,铜陵市郊区陈瑶湖镇中心卫生院,1405016.0,专技,,医疗卫生类(E类),3,1,本科及以上,"本科：临床医学专业（100201K）、中西医临床医学专业（100601K）
研究生：临床医学类（1002）、 中西医结合类（1006）、临床医学（1051）",38周岁以下；学位：不限；须取得执业医师资格，执业范围含内科或全科专业,,,,,,,,
2026,事业单位,铜陵市,市,,,,铜陵开放大学,1401013.0,专技,,社会科学专技类(B类),3,1,博士及以上,博士研究生：马克思主义理论类（0305）,38周岁以下；学位：博士,,,,,,,,
2026,事业单位,铜陵市,市,,,,铜陵理工学校,1401018.0,专技,参加教师招聘专业测试,自然科学专技类(C类),3,1,研究生及以上,硕士研究生：机械制造及其自动化专业（080201）、机械电子工程专业（080202）,38周岁以下；学位：硕士及以上,,,,,,,,
2026,事业单位,铜陵市,市,,,,铜陵理工学校,1401019.0,专技,参加教师招聘专业测试,自然科学专技类(C类),3,1,研究生及以上,硕士研究生：电机与电器专业（080801）、电工理论与新技术专业（080805）,38周岁以下；学位：硕士及以上,,,,,,,,
2026,事业单位,铜陵市,市,,,,铜陵理工学校,1401020.0,专技,参加教师招聘专业测试,自然科学专技类(C类),3,1,研究生及以上,硕士研究生：车辆工程专业（080204）,38周岁以下；学位：硕士及以上,,,,,,,,
2026,事业单位,铜陵市,市,,,,铜陵理工学校,1401021.0,专技,参加教师招聘专业测试,社会科学专技类(B类),3,1,研究生及以上,硕士研究生：会计学专业（120201）、会计（1253）,38周岁以下；学位：硕士及以上,,,,,,,,
2026,事业单位,铜陵市,市,,,,铜陵理工学校,1401022.0,专技,参加教师招聘专业测试,社会科学专技类(B类),3,1,本科及以上,本科：电子商务专业（120801）,38周岁以下；学位：学士及以上,,,,,,,,
2026,事业单位,铜陵市,市,,,,铜陵理工学校,1401023.0,专技,参加教师招聘专业测试,自然科学专技类(C类),3,1,本科及以上,"本科：高分子材料与工程专业（080407）
硕士研究生：材料与化工（0856 ）",38周岁以下；学位：学士及以上,,,,,,,,
2026,事业单位,铜陵市,市,,,,铜陵理工学校,1401024.0,管理,,综合管理类(A类),3,1,本科及以上,"本科：会计学专业（120203K）
硕士研究生：会计学专业（120201）、会计（1253）",38周岁以下；学位：学士及以上；具有初级及以上会计专业技术资格,,,,,,,,
2026,事业单位,铜陵市,市,,,,铜陵职业技术学院,1401004.0,专技,,自然科学专技类(C类),3,3,博士及以上,博士研究生：机械工程类（0802）、机械类（0855）、电气工程类（0808）、控制科学与工程类（0811）,38周岁以下；学位：博士,,,,,,,,
2026,事业单位,铜陵市,市,,,,铜陵职业技术学院,1401005.0,专技,,自然科学专技类(C类),3,3,博士及以上,博士研究生：材料科学与工程类（0805）、材料与化工类（0856）、化学工程与技术类（0817）,38周岁以下；学位：博士,,,,,,,,
2026,事业单位,铜陵市,市,,,,铜陵职业技术学院,1401006.0,专技,,自然科学专技类(C类),3,3,博士及以上,博士研究生：电子科学与技术类（0809）、电子信息类(0854)、信息与通信工程类(0810),38周岁以下；学位：博士,,,,,,,,
2026,事业单位,铜陵市,市,,,,铜陵职业技术学院,1401007.0,专技,,自然科学专技类(C类),3,3,博士及以上,博士研究生：计算机科学与技术类（0812）、软件工程类（0835）、网络空间安全类（0839）,38周岁以下；学位：博士,,,,,,,,
2026,事业单位,铜陵市,市,,,,铜陵职业技术学院,1401008.0,专技,,社会科学专技类(B类),3,1,博士及以上,博士研究生：艺术学类（0504）,38周岁以下；学位：博士,,,,,,,,
2026,事业单位,铜陵市,市,,,,铜陵职业技术学院,1401009.0,专技,,社会科学专技类(B类),3,1,博士及以上,博士研究生：设计类（1357）、设计学类（1403）,38周岁以下；学位：博士,,,,,,,,
2026,事业单位,铜陵市,市,,,,铜陵职业技术学院,1401010.0,专技,,社会科学专技类(B类),3,2,博士及以上,博士研究生：管理科学与工程类（1201）、工商管理学类（1202）、旅游管理类(1254),38周岁以下；学位：博士,,,,,,,,
2026,事业单位,铜陵市,市,,,,铜陵职业技术学院,1401011.0,专技,,医疗卫生类(E类),3,1,博士及以上,博士研究生：中医学类（1005）,38周岁以下；学位：博士,,,,,,,,
2026,事业单位,铜陵市,市,,,,铜陵职业技术学院,1401012.0,专技,,医疗卫生类(E类),3,1,博士及以上,博士研究生：护理学类（1011）,38周岁以下；学位：博士,,,,,,,,
2026,事业单位,阜阳市,市,,,,中共界首市委党校,606001.0,专业技术,,,3,1,,结构化面试,,,,,,,,,
2026,事业单位,阜阳市,市,,,,中共阜南县委党校,607007.0,专业技术岗位,,,3,2,,,,,,,,,,,
2026,事业单位,阜阳市,市,,,,中共阜阳市委党校,601001.0,专业技术岗位,,,3,1,,试讲、结构化面试,,,,,,,,,
2026,事业单位,阜阳市,市,,,,中共阜阳市委党校,601002.0,专业技术岗位,,,3,1,,试讲、结构化面试,,,,,,,,,
2026,事业单位,阜阳市,市,,,,中共颍上县委党校,605003.0,专业技术,,,3,1,,结构化面试,,,,,,,,,
2026,事业单位,阜阳市,市,,,,中岗镇政务服务中心,607025.0,专业技术岗位,,,3,1,,,,,,,,,,,
2026,事业单位,阜阳市,市,,,,临泉县交通运输综合行政执法大队,608009.0,管理岗位,,,3,1,,结构化面试,,,,,,,,,
2026,事业单位,阜阳市,市,,,,临泉县交通运输综合行政执法大队,608010.0,管理岗位,,,3,1,,结构化面试,,,,,,,,,
2026,事业单位,阜阳市,市,,,,临泉县关庙镇农业农村和规划建设服务中心,608032.0,专业技术岗位,,,3,1,,结构化面试,,,,,,,,,
2026,事业单位,阜阳市,市,,,,临泉县关庙镇综合行政执法队,608031.0,专业技术岗位,,,3,1,,结构化面试,,,,,,,,,
2026,事业单位,阜阳市,市,,,,临泉县关心下一代事务中心,608001.0,管理岗位,,,3,1,,结构化面试,,,,,,,,,
2026,事业单位,阜阳市,市,,,,临泉县单桥镇农业农村和规划建设服务中心,608029.0,管理岗位,,,3,1,,结构化面试,,,,,,,,,
2026,事业单位,阜阳市,市,,,,临泉县吕寨镇卫生院,608084.0,专业技术岗位,,,3,1,,结构化面试,,,,,,,,,
2026,事业单位,阜阳市,市,,,,临泉县吕寨镇卫生院,608085.0,专业技术岗位,,,3,1,,结构化面试,,,,,,,,,
2026,事业单位,阜阳市,市,,,,临泉县吕寨镇综合行政执法队,608033.0,管理岗位,,,3,1,,结构化面试,,,,,,,,,
2026,事业单位,阜阳市,市,,,,临泉县商贸发展促进中心,608011.0,管理岗位,,,3,1,,结构化面试,,,,,,,,,
2026,事业单位,阜阳市,市,,,,临泉县土陂乡卫生院,608073.0,专业技术岗位,,,3,1,,结构化面试,,,,,,,,,
2026,事业单位,阜阳市,市,,,,临泉县土陂乡卫生院,608074.0,专业技术岗位,,,3,1,,结构化面试,,,,,,,,,
2026,事业单位,阜阳市,市,,,,临泉县城东街道农业农村和规划建设服务中心,608024.0,专业技术岗位,,,3,1,,结构化面试,,,,,,,,,
2026,事业单位,阜阳市,市,,,,临泉县城东街道卫生院,608079.0,专业技术岗位,,,3,1,,结构化面试,,,,,,,,,
2026,事业单位,阜阳市,市,,,,临泉县城乡居民养老保险基金管理中心,608005.0,管理岗位,,,3,1,,结构化面试,,,,,,,,,
2026,事业单位,阜阳市,市,,,,临泉县城关街道卫生院,608060.0,专业技术岗位,,,3,1,,结构化面试,,,,,,,,,
2026,事业单位,阜阳市,市,,,,临泉县城关街道卫生院,608061.0,专业技术岗位,,,3,1,,结构化面试,,,,,,,,,
2026,事业单位,阜阳市,市,,,,临泉县城关街道综合行政执法队,608022.0,专业技术岗位,,,3,1,,结构化面试,,,,,,,,,
2026,事业单位,阜阳市,市,,,,临泉县城南街道经济发展和财经服务中心,608023.0,管理岗位,,,3,1,,结构化面试,,,,,,,,,
2026,事业单位,阜阳市,市,,,,临泉县城市管理综合行政执法大队,608017.0,管理岗位,,,3,1,,结构化面试,,,,,,,,,
2026,事业单位,阜阳市,市,,,,临泉县城市管理综合行政执法大队,608018.0,管理岗位,,,3,1,,结构化面试,,,,,,,,,
2026,事业单位,阜阳市,市,,,,临泉县妇幼保健计划生育服务中心,608055.0,专业技术岗位（中级）,,,3,1,,结构化面试,,,,,,,,,
2026,事业单位,阜阳市,市,,,,临泉县妇幼保健计划生育服务中心,608056.0,专业技术岗位（中级）,,,3,2,,结构化面试,,,,,,,,,
2026,事业单位,阜阳市,市,,,,临泉县妇幼保健计划生育服务中心,608057.0,专业技术岗位（中级）,,,3,1,,结构化面试,,,,,,,,,
2026,事业单位,阜阳市,市,,,,临泉县妇幼保健计划生育服务中心,608058.0,专业技术岗位,,,3,1,,结构化面试,,,,,,,,,
2026,事业单位,阜阳市,市,,,,临泉县姜寨中心卫生院,608070.0,专业技术岗位,,,3,1,,结构化面试,,,,,,,,,
2026,事业单位,阜阳市,市,,,,临泉县姜寨中心卫生院,608071.0,专业技术岗位,,,3,1,,结构化面试,,,,,,,,,
2026,事业单位,阜阳市,市,,,,临泉县姜寨中心卫生院,608072.0,专业技术岗位,,,3,1,,结构化面试,,,,,,,,,
2026,事业单位,阜阳市,市,,,,临泉县姜寨镇农业农村和规划建设服务中心,608050.0,管理岗位,,,3,1,,结构化面试,,,,,,,,,
2026,事业单位,阜阳市,市,,,,临泉县姜寨镇政务服务中心,608049.0,管理岗位,,,3,1,,结构化面试,,,,,,,,,
2026,事业单位,阜阳市,市,,,,临泉县宋集中心卫生院,608062.0,专业技术岗位,,,3,1,,结构化面试,,,,,,,,,
2026,事业单位,阜阳市,市,,,,临泉县宋集中心卫生院,608063.0,专业技术岗位,,,3,1,,结构化面试,,,,,,,,,
2026,事业单位,阜阳市,市,,,,临泉县宋集中心卫生院,608064.0,专业技术岗位,,,3,1,,结构化面试,,,,,,,,,
2026,事业单位,阜阳市,市,,,,临泉县宋集镇农业农村综合服务中心,608044.0,专业技术岗位,,,3,1,,结构化面试,,,,,,,,,
2026,事业单位,阜阳市,市,,,,临泉县宋集镇综合行政执法队,608043.0,专业技术岗位,,,3,1,,结构化面试,,,,,,,,,
2026,事业单位,阜阳市,市,,,,临泉县宋集镇规划建设服务中心,608045.0,专业技术岗位,,,3,1,,结构化面试,,,,,,,,,
2026,事业单位,阜阳市,市,,,,临泉县巡察信息中心,608002.0,管理岗位,,,3,1,,结构化面试,,,,,,,,,
2026,事业单位,阜阳市,市,,,,临泉县市场监督检验所,608016.0,专业技术岗位,最低服务年限3年。,,3,2,,结构化面试,,,,,,,,,
2026,事业单位,阜阳市,市,,,,临泉县应急管理综合行政执法大队,608013.0,专业技术岗位,聘用后从事应急处置工作，需24小时值班。,,3,1,,结构化面试,,,,,,,,,
2026,事业单位,阜阳市,市,,,,临泉县庙岔镇综合行政执法队,608040.0,专业技术岗位,,,3,1,,结构化面试,,,,,,,,,
2026,事业单位,阜阳市,市,,,,临泉县张新镇卫生院,608076.0,专业技术岗位,,,3,1,,结构化面试,,,,,,,,,
2026,事业单位,阜阳市,市,,,,临泉县张新镇综合行政执法队,608035.0,管理岗位,,,3,1,,结构化面试,,,,,,,,,
2026,事业单位,阜阳市,市,,,,临泉县文物管理中心,608012.0,专业技术岗位,,,3,1,,结构化面试,,,,,,,,,
2026,事业单位,阜阳市,市,,,,临泉县湿地管理服务中心,608007.0,管理岗位,,,3,1,,结构化面试,,,,,,,,,
2026,事业单位,阜阳市,市,,,,临泉县滑集中心卫生院,608068.0,专业技术岗位,,,3,1,,结构化面试,,,,,,,,,
2026,事业单位,阜阳市,市,,,,临泉县滑集镇农业农村综合服务中心,608047.0,专业技术岗位,,,3,1,,结构化面试,,,,,,,,,
2026,事业单位,阜阳市,市,,,,临泉县滑集镇综合行政执法队,608046.0,管理岗位,,,3,1,,结构化面试,,,,,,,,,
2026,事业单位,阜阳市,市,,,,临泉县滑集镇规划建设服务中心,608048.0,管理岗位,,,3,1,,结构化面试,,,,,,,,,
2026,事业单位,阜阳市,市,,,,临泉县滑集镇谢集卫生院,608081.0,专业技术岗位,,,3,1,,结构化面试,,,,,,,,,
2026,事业单位,阜阳市,市,,,,临泉县滑集镇谢集卫生院,608082.0,专业技术岗位,,,3,1,,结构化面试,,,,,,,,,
2026,事业单位,阜阳市,市,,,,临泉县瓦店镇卫生院,608083.0,专业技术岗位,,,3,1,,结构化面试,,,,,,,,,
2026,事业单位,阜阳市,市,,,,临泉县田桥街道政务服务中心,608026.0,管理岗位,,,3,1,,结构化面试,,,,,,,,,
2026,事业单位,阜阳市,市,,,,临泉县疾病预防控制中心,608059.0,专业技术岗位,因专业有长期野外及夜晚工作特殊性，适合男性报考。,,3,2,,结构化面试,,,,,,,,,
2026,事业单位,阜阳市,市,,,,临泉县白庙镇综合行政执法队,608030.0,管理岗位,,,3,1,,结构化面试,,,,,,,,,
2026,事业单位,阜阳市,市,,,,临泉县社会保险费征缴和信息管理中心,608006.0,专业技术岗位,,,3,1,,结构化面试,,,,,,,,,
2026,事业单位,阜阳市,市,,,,临泉县社会（儿童）福利中心,608004.0,管理岗位,,,3,1,,结构化面试,,,,,,,,,
2026,事业单位,阜阳市,市,,,,临泉县经济责任审计事务中心,608014.0,专业技术岗位,,,3,1,,结构化面试,,,,,,,,,
2026,事业单位,阜阳市,市,,,,临泉县经济责任审计事务中心,608015.0,专业技术岗位,,,3,1,,结构化面试,,,,,,,,,
2026,事业单位,阜阳市,市,,,,临泉县老集镇政务服务中心,608037.0,专业技术岗位,,,3,1,,结构化面试,,,,,,,,,
2026,事业单位,阜阳市,市,,,,临泉县耕地保护和土地开发复垦整理中心,608008.0,管理岗位,需在野外从事耕地保护和土地综合整治等工作，工作强度大，适合男性报考。,,3,1,,结构化面试,,,,,,,,,
2026,事业单位,阜阳市,市,,,,临泉县融媒体中心,608019.0,专业技术岗位,,,3,1,,结构化面试,,,,,,,,,
2026,事业单位,阜阳市,市,,,,临泉县融媒体中心,608020.0,专业技术岗位,工作强度大，适合男性报考。,,3,1,,结构化面试,,,,,,,,,
2026,事业单位,阜阳市,市,,,,临泉县谭棚镇综合行政执法队,608053.0,管理岗位,,,3,1,,结构化面试,,,,,,,,,
2026,事业单位,阜阳市,市,,,,临泉县财政投资评审中心,608003.0,管理岗位,,,3,1,,结构化面试,,,,,,,,,
2026,事业单位,阜阳市,市,,,,临泉县迎仙中心卫生院,608075.0,专业技术岗位,,,3,1,,结构化面试,,,,,,,,,
2026,事业单位,阜阳市,市,,,,临泉县迎仙镇经济发展和财经服务中心,608034.0,管理岗位,,,3,1,,结构化面试,,,,,,,,,
2026,事业单位,阜阳市,市,,,,临泉县邢塘街道卫生院,608066.0,专业技术岗位,,,3,1,,结构化面试,,,,,,,,,
2026,事业单位,阜阳市,市,,,,临泉县邢塘街道经济发展和财经服务中心,608025.0,管理岗位,,,3,1,,结构化面试,,,,,,,,,
2026,事业单位,阜阳市,市,,,,临泉县长官中心卫生院,608080.0,专业技术岗位,,,3,1,,结构化面试,,,,,,,,,
2026,事业单位,阜阳市,市,,,,临泉县长官镇政务服务管理局,608038.0,管理岗位,,,3,1,,结构化面试,,,,,,,,,
2026,事业单位,阜阳市,市,,,,临泉县陈集镇农业农村和规划建设服务中心,608036.0,管理岗位,,,3,1,,结构化面试,,,,,,,,,
2026,事业单位,阜阳市,市,,,,临泉县陈集镇卫生院,608065.0,专业技术岗位,,,3,1,,结构化面试,,,,,,,,,
2026,事业单位,阜阳市,市,,,,临泉县陶老乡卫生院,608069.0,专业技术岗位,,,3,1,,结构化面试,,,,,,,,,
2026,事业单位,阜阳市,市,,,,临泉县陶老乡政务服务中心,608028.0,管理岗位,,,3,1,,结构化面试,,,,,,,,,
2026,事业单位,阜阳市,市,,,,临泉县陶老乡综合行政执法队,608027.0,管理岗位,,,3,1,,结构化面试,,,,,,,,,
2026,事业单位,阜阳市,市,,,,临泉县韦寨镇农业农村和规划建设服务中心,608041.0,专业技术岗位,,,3,1,,结构化面试,,,,,,,,,
2026,事业单位,阜阳市,市,,,,临泉县韦寨镇卫生院,608077.0,专业技术岗位,,,3,1,,结构化面试,,,,,,,,,
2026,事业单位,阜阳市,市,,,,临泉县韦寨镇经济发展和财经服务中心,608042.0,专业技术岗位,,,3,1,,结构化面试,,,,,,,,,
2026,事业单位,阜阳市,市,,,,临泉县高塘镇农业农村和规划建设服务中心,608052.0,专业技术岗位,,,3,2,,结构化面试,,,,,,,,,
2026,事业单位,阜阳市,市,,,,临泉县高塘镇卫生院,608078.0,专业技术岗位,,,3,1,,结构化面试,,,,,,,,,
2026,事业单位,阜阳市,市,,,,临泉县高塘镇政务服务中心,608051.0,专业技术岗位,,,3,1,,结构化面试,,,,,,,,,
2026,事业单位,阜阳市,市,,,,临泉县高塘镇范兴集卫生院,608067.0,专业技术岗位,,,3,1,,结构化面试,,,,,,,,,
2026,事业单位,阜阳市,市,,,,临泉县鲖城镇综合行政执法队,608054.0,管理岗位,,,3,1,,结构化面试,,,,,,,,,
2026,事业单位,阜阳市,市,,,,临泉县黄岭镇经济发展和财经服务中心,608039.0,专业技术岗位,,,3,1,,结构化面试,,,,,,,,,
2026,事业单位,阜阳市,市,,,,乡镇事业单位,609046.0,专业技术,,,3,3,,,,,,,,,,,
2026,事业单位,阜阳市,市,,,,乡镇事业单位,609047.0,专业技术,,,3,3,,,,,,,,,,,
2026,事业单位,阜阳市,市,,,,乡镇事业单位,609048.0,专业技术,,,3,3,,,,,,,,,,,
2026,事业单位,阜阳市,市,,,,乡镇事业单位,609049.0,专业技术,,,3,3,,,,,,,,,,,
2026,事业单位,阜阳市,市,,,,乡镇事业单位,609050.0,专业技术,,,3,4,,,,,,,,,,,
2026,事业单位,阜阳市,市,,,,乡镇事业单位,609051.0,专业技术,,,3,2,,,,,,,,,,,
2026,事业单位,阜阳市,市,,,,乡镇事业单位,609052.0,专业技术,,,3,3,,,,,,,,,,,
2026,事业单位,阜阳市,市,,,,乡镇事业单位,609053.0,专业技术,,,3,3,,,,,,,,,,,
2026,事业单位,阜阳市,市,,,,乡镇事业单位,609054.0,专业技术,,,3,2,,,,,,,,,,,
2026,事业单位,阜阳市,市,,,,乡镇事业单位,609055.0,专业技术,,,3,2,,,,,,,,,,,
2026,事业单位,阜阳市,市,,,,乡镇事业单位,609056.0,专业技术,,,3,3,,,,,,,,,,,
2026,事业单位,阜阳市,市,,,,乡镇事业单位,609057.0,专业技术,,,3,4,,,,,,,,,,,
2026,事业单位,阜阳市,市,,,,乡镇事业单位,609058.0,专业技术,,,3,2,,,,,,,,,,,
2026,事业单位,阜阳市,市,,,,乡镇事业单位,609059.0,专业技术,,,3,2,,,,,,,,,,,
2026,事业单位,阜阳市,市,,,,乡镇卫生院,609034.0,专业技术,,,3,2,,,,,,,,,,,
2026,事业单位,阜阳市,市,,,,乡镇卫生院,609035.0,专业技术,,,3,2,,,,,,,,,,,
2026,事业单位,阜阳市,市,,,,乡镇卫生院,609040.0,专业技术,,,3,2,,,,,,,,,,,
2026,事业单位,阜阳市,市,,,,乡镇卫生院：六十铺1人、杨湖1人,605017.0,专业技术,,,3,2,,结构化面试,,,,,,,,,
2026,事业单位,阜阳市,市,,,,乡镇卫生院：六十铺1人、谢桥1人,605018.0,专业技术,,,3,2,,结构化面试,,,,,,,,,
2026,事业单位,阜阳市,市,,,,乡镇卫生院：耿棚1人、夏桥1人,605020.0,专业技术,,,3,2,,结构化面试,,,,,,,,,
2026,事业单位,阜阳市,市,,,,乡镇所属事业单位（半岗镇1人、古城镇1人、黄坝乡2人、关屯乡1人、建颍乡1人）,605025.0,管理,,,3,6,,结构化面试,,,,,,,,,
2026,事业单位,阜阳市,市,,,,乡镇所属事业单位（慎城镇1人、杨湖镇1人、王岗镇1人、鲁口镇1人、黄坝乡2人）,605023.0,专业技术,,,3,6,,结构化面试,,,,,,,,,
2026,事业单位,阜阳市,市,,,,乡镇所属事业单位（慎城镇1人、陈桥镇1人、南照镇1人、耿棚镇1人、红星镇1人、鲁口镇1人、谢桥镇1人、新集镇1人）,605024.0,专业技术,,,3,8,,结构化面试,,,,,,,,,
2026,事业单位,阜阳市,市,,,,乡镇所属事业单位（慎城镇1人、鲁口镇1人、关屯乡1人）,605022.0,专业技术,,,3,3,,结构化面试,,,,,,,,,
2026,事业单位,阜阳市,市,,,,公桥乡经济发展和财经服务中心,607028.0,专业技术岗位,,,3,1,,,,,,,,,,,
2026,事业单位,阜阳市,市,,,,农业农村和规划建设服务中心,606043.0,管理,,,3,1,,结构化面试,,,,,,,,,
2026,事业单位,阜阳市,市,,,,地城镇农业农村和规划建设服务中心,607033.0,专业技术岗位,,,3,1,,,,,,,,,,,
2026,事业单位,阜阳市,市,,,,基层医疗卫生机构,606041.0,专业技术,,,3,2,,结构化面试,,,,,,,,,
2026,事业单位,阜阳市,市,,,,大新中心卫生院,609032.0,专业技术,,,3,1,,,,,,,,,,,
2026,事业单位,阜阳市,市,,,,太和县三堂镇卫生院,609041.0,专业技术,,,3,1,,,,,,,,,,,
2026,事业单位,阜阳市,市,,,,太和县交通运输综合行政执法大队,609010.0,专业技术,,,3,1,,,,,,,,,,,
2026,事业单位,阜阳市,市,,,,太和县交通运输综合行政执法大队,609011.0,专业技术,,,3,1,,,,,,,,,,,
2026,事业单位,阜阳市,市,,,,太和县价格认证中心,609013.0,专业技术,,,3,1,,,,,,,,,,,
2026,事业单位,阜阳市,市,,,,太和县倪邱镇中心卫生院,609037.0,专业技术,,,3,1,,,,,,,,,,,
2026,事业单位,阜阳市,市,,,,太和县农业综合行政执法大队,609016.0,专业技术,,,3,1,,,,,,,,,,,
2026,事业单位,阜阳市,市,,,,太和县农村饮水管理站,609021.0,专业技术,,,3,1,,,,,,,,,,,
2026,事业单位,阜阳市,市,,,,太和县动物疫病预防与控制中心,609017.0,专业技术,,,3,1,,,,,,,,,,,
2026,事业单位,阜阳市,市,,,,太和县劳动人事争议仲裁院,609003.0,专业技术,,,3,1,,,,,,,,,,,
2026,事业单位,阜阳市,市,,,,太和县医药产业发展中心,609022.0,专业技术,,,3,1,,,,,,,,,,,
2026,事业单位,阜阳市,市,,,,太和县医药产业发展中心,609023.0,专业技术,,,3,1,,,,,,,,,,,
2026,事业单位,阜阳市,市,,,,太和县双浮镇卫生院,609043.0,专业技术,,,3,1,,,,,,,,,,,
2026,事业单位,阜阳市,市,,,,太和县国库集中支付中心,609008.0,专业技术,,,3,1,,,,,,,,,,,
2026,事业单位,阜阳市,市,,,,太和县地方金融监管事务中心,609006.0,专业技术,,,3,1,,,,,,,,,,,
2026,事业单位,阜阳市,市,,,,太和县坟台中心卫生院,609033.0,专业技术,,,3,1,,,,,,,,,,,
2026,事业单位,阜阳市,市,,,,太和县城乡建设安全事务中心,609005.0,专业技术,,,3,1,,,,,,,,,,,
2026,事业单位,阜阳市,市,,,,太和县城关镇卫生院,609031.0,专业技术,,,3,2,,,,,,,,,,,
2026,事业单位,阜阳市,市,,,,太和县妇幼保健计划生育服务中心,609028.0,专业技术,,,3,1,,,,,,,,,,,
2026,事业单位,阜阳市,市,,,,太和县应急管理综合行政执法大队,609014.0,专业技术,,,3,1,,,,,,,,,,,
2026,事业单位,阜阳市,市,,,,太和县接诉即办工作中心,609002.0,专业技术,,,3,1,,,,,,,,,,,
2026,事业单位,阜阳市,市,,,,太和县政府非税收入管理中心,609007.0,专业技术,,,3,1,,,,,,,,,,,
2026,事业单位,阜阳市,市,,,,太和县桑营镇卫生院,609042.0,专业技术,,,3,1,,,,,,,,,,,
2026,事业单位,阜阳市,市,,,,太和县殡仪馆,609019.0,管理,,,3,1,,,,,,,,,,,
2026,事业单位,阜阳市,市,,,,太和县水产发展服务中心,609015.0,专业技术,,,3,1,,,,,,,,,,,
2026,事业单位,阜阳市,市,,,,太和县法律援助中心,609012.0,专业技术,,,3,1,,,,,,,,,,,
2026,事业单位,阜阳市,市,,,,太和县清浅镇卫生院,609038.0,专业技术,,,3,1,,,,,,,,,,,
2026,事业单位,阜阳市,市,,,,太和县申请救助家庭经济状况核对中心,609020.0,专业技术,,,3,1,,,,,,,,,,,
2026,事业单位,阜阳市,市,,,,太和县科技成果转化服务中心,609024.0,专业技术,,,3,1,,,,,,,,,,,
2026,事业单位,阜阳市,市,,,,太和县第二人民医院,609027.0,专业技术,,,3,1,,,,,,,,,,,
2026,事业单位,阜阳市,市,,,,太和县经济责任审计事务中心,609004.0,专业技术,,,3,1,,,,,,,,,,,
2026,事业单位,阜阳市,市,,,,太和县网络安全和信息化事务中心,609001.0,专业技术,,,3,1,,,,,,,,,,,
2026,事业单位,阜阳市,市,,,,太和县美丽乡村建设推进中心,609018.0,专业技术,,,3,1,,,,,,,,,,,
2026,事业单位,阜阳市,市,,,,太和县肖口镇卫生院,609044.0,专业技术,,,3,1,,,,,,,,,,,
2026,事业单位,阜阳市,市,,,,太和县苗老集镇卫生院,609036.0,专业技术,,,3,1,,,,,,,,,,,
2026,事业单位,阜阳市,市,,,,太和县血站,609029.0,专业技术,,,3,1,,,,,,,,,,,
2026,事业单位,阜阳市,市,,,,太和县赵庙镇中心卫生院,609045.0,专业技术,,,3,1,,,,,,,,,,,
2026,事业单位,阜阳市,市,,,,太和县道路运输管理服务中心,609009.0,专业技术,,,3,1,,,,,,,,,,,
2026,事业单位,阜阳市,市,,,,太和县银杏社区卫生服务中心,609030.0,专业技术,,,3,1,,,,,,,,,,,
2026,事业单位,阜阳市,市,,,,太和县阮桥镇卫生院,609039.0,专业技术,,,3,1,,,,,,,,,,,
2026,事业单位,阜阳市,市,,,,安徽临泉国家农业科技园区管理服务中心,608021.0,专业技术岗位,,,3,1,,结构化面试,,,,,,,,,
2026,事业单位,阜阳市,市,,,,安徽太和经济开发区管理委员会,609025.0,专业技术,,,3,1,,,,,,,,,,,
2026,事业单位,阜阳市,市,,,,安徽太和经济开发区管理委员会,609026.0,专业技术,,,3,1,,,,,,,,,,,
2026,事业单位,阜阳市,市,,,,安徽颍上经济开发区管理委员会,605014.0,专业技术,,,3,2,,结构化面试,,,,,,,,,
2026,事业单位,阜阳市,市,,,,安徽颍上经济开发区管理委员会,605015.0,专业技术,,,3,1,,结构化面试,,,,,,,,,
2026,事业单位,阜阳市,市,,,,市乡村振兴局信息监测中心,606036.0,专业技术,,,3,1,,结构化面试,,,,,,,,,
2026,事业单位,阜阳市,市,,,,市事业单位登记管理中心,606004.0,管理,,,3,1,,结构化面试,,,,,,,,,
2026,事业单位,阜阳市,市,,,,市交通运输综合行政执法大队,606025.0,管理,,,3,2,,结构化面试,,,,,,,,,
2026,事业单位,阜阳市,市,,,,市光武科技园管理服务中心,606008.0,管理,,,3,1,,结构化面试,,,,,,,,,
2026,事业单位,阜阳市,市,,,,市公共资源交易中心,606039.0,管理,,,3,1,,结构化面试,,,,,,,,,
2026,事业单位,阜阳市,市,,,,市农业综合行政执法大队,606037.0,管理,,,3,1,,结构化面试,,,,,,,,,
2026,事业单位,阜阳市,市,,,,市动物卫生监督所,606038.0,专业技术,,,3,3,,结构化面试,,,,,,,,,
2026,事业单位,阜阳市,市,,,,市劳动保障维权中心,606032.0,管理,,,3,1,,结构化面试,,,,,,,,,
2026,事业单位,阜阳市,市,,,,市北城科技园管理服务中心,606009.0,管理,,,3,2,,结构化面试,,,,,,,,,
2026,事业单位,阜阳市,市,,,,市医疗保障基金管理中心,606029.0,专业技术,,,3,2,,结构化面试,,,,,,,,,
2026,事业单位,阜阳市,市,,,,市图书馆,606028.0,专业技术,,,3,1,,结构化面试,,,,,,,,,
2026,事业单位,阜阳市,市,,,,市土地发展服务中心,606018.0,专业技术,,,3,1,,结构化面试,,,,,,,,,
2026,事业单位,阜阳市,市,,,,市城市管理综合行政执法大队,606019.0,管理,,,3,1,,结构化面试,,,,,,,,,
2026,事业单位,阜阳市,市,,,,市城市管理综合行政执法大队,606020.0,管理,,,3,1,,结构化面试,,,,,,,,,
2026,事业单位,阜阳市,市,,,,市城市管理综合行政执法大队,606021.0,管理,,,3,1,,结构化面试,,,,,,,,,
2026,事业单位,阜阳市,市,,,,市城市管理综合行政执法大队,606022.0,管理,,,3,1,,结构化面试,,,,,,,,,
2026,事业单位,阜阳市,市,,,,市巡察信息中心,606005.0,专业技术,,,3,1,,结构化面试,,,,,,,,,
2026,事业单位,阜阳市,市,,,,市工伤保险事务管理中心,606031.0,管理,,,3,1,,结构化面试,,,,,,,,,
2026,事业单位,阜阳市,市,,,,市市场发展服务中心,606023.0,管理,,,3,1,,结构化面试,,,,,,,,,
2026,事业单位,阜阳市,市,,,,市市场监督检验所,606016.0,管理,,,3,1,,结构化面试,,,,,,,,,
2026,事业单位,阜阳市,市,,,,市市场监管综合行政执法大队,606010.0,管理,,,3,1,,结构化面试,,,,,,,,,
2026,事业单位,阜阳市,市,,,,市市场监管综合行政执法大队,606011.0,专业技术,,,3,1,,结构化面试,,,,,,,,,
2026,事业单位,阜阳市,市,,,,市市场监管综合行政执法大队,606012.0,管理,,,3,1,,结构化面试,,,,,,,,,
2026,事业单位,阜阳市,市,,,,市市场监管综合行政执法大队,606013.0,专业技术,,,3,1,,结构化面试,,,,,,,,,
2026,事业单位,阜阳市,市,,,,市市场监管综合行政执法大队,606014.0,专业技术,,,3,1,,结构化面试,,,,,,,,,
2026,事业单位,阜阳市,市,,,,市市场监管综合行政执法大队,606015.0,专业技术,,,3,1,,结构化面试,,,,,,,,,
2026,事业单位,阜阳市,市,,,,市技工学校,606033.0,专业技术,,,3,1,,结构化面试,,,,,,,,,
2026,事业单位,阜阳市,市,,,,市政府政策研究中心,606006.0,专业技术,,,3,1,,结构化面试,,,,,,,,,
2026,事业单位,阜阳市,市,,,,市文明城市创建督导中心,606003.0,管理,,,3,1,,结构化面试,,,,,,,,,
2026,事业单位,阜阳市,市,,,,市殡葬管理所,606030.0,管理,,,3,1,,结构化面试,,,,,,,,,
2026,事业单位,阜阳市,市,,,,市水政水资源管理中心,606027.0,专业技术,,,3,1,,结构化面试,,,,,,,,,
2026,事业单位,阜阳市,市,,,,市河道管理处,606026.0,专业技术,,,3,1,,结构化面试,,,,,,,,,
2026,事业单位,阜阳市,市,,,,市法律援助中心,606017.0,管理,,,3,1,,结构化面试,,,,,,,,,
2026,事业单位,阜阳市,市,,,,市统计调查中心,606024.0,专业技术,,,3,1,,结构化面试,,,,,,,,,
2026,事业单位,阜阳市,市,,,,市网络安全和信息化事务中心,606002.0,专业技术,,,3,1,,结构化面试,,,,,,,,,
2026,事业单位,阜阳市,市,,,,市融媒体中心,606007.0,管理,,,3,1,,结构化面试,,,,,,,,,
2026,事业单位,阜阳市,市,,,,市行政审批服务中心,606035.0,管理,,,3,1,,结构化面试,,,,,,,,,
2026,事业单位,阜阳市,市,,,,政务服务中心,606042.0,专业技术,,,3,1,,结构化面试,,,,,,,,,
2026,事业单位,阜阳市,市,,,,政务服务中心4人（曹集镇、王化镇、王堰镇、于集乡各1人）、农业农村和规划建设服务中心2人（段郢乡、张寨镇各1人）,607049.0,管理岗位,,,3,6,,,,,,,,,,,
2026,事业单位,阜阳市,市,,,,文化和社会事务服务中心2人（老观乡、新村镇各1人）,607050.0,管理岗位,,,3,2,,,,,,,,,,,
2026,事业单位,阜阳市,市,,,,文化和社会事务服务中心4人（公桥乡、王化镇、王堰镇、会龙镇各1人）、综合行政执法队2人（会龙镇、王化镇各1人）,607051.0,管理岗位,,,3,6,,,,,,,,,,,
2026,事业单位,阜阳市,市,,,,方集镇经济发展和财经服务中心、老观乡农业农村和规划建设服务中心各1人,607048.0,专业技术岗位,,,3,2,,,,,,,,,,,
2026,事业单位,阜阳市,市,,,,曹集镇农业农村和规划建设服务中心,607038.0,管理岗位,,,3,1,,,,,,,,,,,
2026,事业单位,阜阳市,市,,,,曹集镇经济发展和财经服务中心,607037.0,管理岗位,,,3,1,,,,,,,,,,,
2026,事业单位,阜阳市,市,,,,朱寨镇政务服务中心,607044.0,管理岗位,,,3,1,,,,,,,,,,,
2026,事业单位,阜阳市,市,,,,柳沟镇经济发展和财经服务中心,607026.0,专业技术岗位,,,3,1,,,,,,,,,,,
2026,事业单位,阜阳市,市,,,,柴集镇经济发展和财经服务中心,607027.0,专业技术岗位,,,3,1,,,,,,,,,,,
2026,事业单位,阜阳市,市,,,,焦陂镇经济发展和财经服务中心,607045.0,管理岗位,,,3,1,,,,,,,,,,,
2026,事业单位,阜阳市,市,,,,王堰镇经济发展和财经服务中心,607029.0,管理岗位,,,3,1,,,,,,,,,,,
2026,事业单位,阜阳市,市,,,,王家坝镇综合行政执法队,607035.0,专业技术岗位,,,3,1,,,,,,,,,,,
2026,事业单位,阜阳市,市,,,,王家坝镇综合行政执法队,607036.0,专业技术岗位,,,3,1,,,,,,,,,,,
2026,事业单位,阜阳市,市,,,,王店孜乡经济发展和财经服务中心,607024.0,专业技术岗位,,,3,1,,,,,,,,,,,
2026,事业单位,阜阳市,市,,,,界首市实验幼儿园,606040.0,专业技术,,,3,1,,结构化面试,,,,,,,,,
2026,事业单位,阜阳市,市,,,,经济发展和财经服务中心,606044.0,管理,,,3,1,,结构化面试,,,,,,,,,
2026,事业单位,阜阳市,市,,,,经济发展和财经服务中心、农业农村和规划建设服务中心、政务服务中心各1人,607039.0,管理岗位,,,3,3,,,,,,,,,,,
2026,事业单位,阜阳市,市,,,,老观乡综合行政执法队,607041.0,管理岗位,,,3,1,,,,,,,,,,,
2026,事业单位,阜阳市,市,,,,赵集镇农业农村和规划建设服务中心,607047.0,专业技术岗位,,,3,1,,,,,,,,,,,
2026,事业单位,阜阳市,市,,,,赵集镇综合行政执法队,607046.0,管理岗位,,,3,1,,,,,,,,,,,
2026,事业单位,阜阳市,市,,,,郜台乡文化和社会事务服务中心,607032.0,管理岗位,,,3,1,,,,,,,,,,,
2026,事业单位,阜阳市,市,,,,郜台乡经济发展和财经服务中心,607031.0,专业技术岗位,,,3,1,,,,,,,,,,,
2026,事业单位,阜阳市,市,,,,郜台乡综合行政执法队,607030.0,管理岗位,,,3,1,,,,,,,,,,,
2026,事业单位,阜阳市,市,,,,阜南县人大代表履职服务中心,607003.0,专业技术岗位,,,3,1,,,,,,,,,,,
2026,事业单位,阜阳市,市,,,,阜南县传染病院,607020.0,专业技术岗位,,,3,1,,,,,,,,,,,
2026,事业单位,阜阳市,市,,,,阜南县农业技术推广中心,607011.0,专业技术岗位,,,3,1,,,,,,,,,,,
2026,事业单位,阜阳市,市,,,,阜南县农村饮水安全工程管理站,607012.0,管理岗位,,,3,1,,,,,,,,,,,
2026,事业单位,阜阳市,市,,,,阜南县动物卫生监督所,607010.0,专业技术岗位,,,3,1,,,,,,,,,,,
2026,事业单位,阜阳市,市,,,,阜南县园林管理处,607005.0,管理岗位,,,3,1,,,,,,,,,,,
2026,事业单位,阜阳市,市,,,,阜南县图书馆,607009.0,管理岗位,,,3,1,,,,,,,,,,,
2026,事业单位,阜阳市,市,,,,阜南县城乡居民社会养老保险管理中心,607018.0,管理岗位,,,3,1,,,,,,,,,,,
2026,事业单位,阜阳市,市,,,,阜南县妇幼保健计划生育服务中心,607022.0,专业技术岗位,,,3,1,,,,,,,,,,,
2026,事业单位,阜阳市,市,,,,阜南县委办公室综合服务中心,607001.0,管理岗位,,,3,1,,,,,,,,,,,
2026,事业单位,阜阳市,市,,,,阜南县巡察信息中心,607004.0,专业技术岗位,,,3,1,,,,,,,,,,,
2026,事业单位,阜阳市,市,,,,阜南县市场监督检验所,607006.0,专业技术岗位,,,3,1,,,,,,,,,,,
2026,事业单位,阜阳市,市,,,,阜南县招商投资促进中心,607014.0,管理岗位,,,3,1,,,,,,,,,,,
2026,事业单位,阜阳市,市,,,,阜南县数据资源管理中心,607015.0,专业技术岗位,,,3,1,,,,,,,,,,,
2026,事业单位,阜阳市,市,,,,阜南县疾病预防控制中心,607021.0,专业技术岗位,,,3,1,,,,,,,,,,,
2026,事业单位,阜阳市,市,,,,阜南县精神病院,607019.0,专业技术岗位,,,3,1,,,,,,,,,,,
2026,事业单位,阜阳市,市,,,,阜南县纺织制造产业园管理服务中心,607023.0,管理岗位,,,3,1,,,,,,,,,,,
2026,事业单位,阜阳市,市,,,,阜南县网络安全和信息化事务中心,607002.0,专业技术岗位,,,3,1,,,,,,,,,,,
2026,事业单位,阜阳市,市,,,,阜南县老龄工作事务中心,607008.0,管理岗位,,,3,1,,,,,,,,,,,
2026,事业单位,阜阳市,市,,,,阜南县联合接访中心,607016.0,管理岗位,,,3,1,,,,,,,,,,,
2026,事业单位,阜阳市,市,,,,阜南县自然资源保护中心,607017.0,专业技术岗位,,,3,1,,,,,,,,,,,
2026,事业单位,阜阳市,市,,,,阜南县融媒体中心,607013.0,专业技术岗位,,,3,1,,,,,,,,,,,
2026,事业单位,阜阳市,市,,,,阜阳市企业社会保险基金中心,601008.0,专业技术岗位,,,3,1,,结构化面试,,,,,,,,,
2026,事业单位,阜阳市,市,,,,阜阳市党风廉政教育中心,601005.0,专业技术岗位,,,3,1,,结构化面试,,,,,,,,,
2026,事业单位,阜阳市,市,,,,阜阳市巡察信息中心,601006.0,专业技术岗位,,,3,1,,结构化面试,,,,,,,,,
2026,事业单位,阜阳市,市,,,,阜阳市技能人才管理服务中心,601009.0,专业技术岗位,,,3,1,,结构化面试,,,,,,,,,
2026,事业单位,阜阳市,市,,,,阜阳市投诉受理中心,601015.0,管理岗位,,,3,1,,结构化面试,,,,,,,,,
2026,事业单位,阜阳市,市,,,,阜阳市新闻传媒中心,601003.0,专业技术岗位,,,3,1,,技能操作,,,,,,,,,
2026,事业单位,阜阳市,市,,,,阜阳市新闻传媒中心,601004.0,专业技术岗位,,,3,1,,技能操作,,,,,,,,,
2026,事业单位,阜阳市,市,,,,阜阳市机构编制评估中心,601007.0,专业技术岗位,,,3,1,,结构化面试,,,,,,,,,
2026,事业单位,阜阳市,市,,,,阜阳市联合接访中心,601014.0,专业技术岗位,,,3,1,,结构化面试,,,,,,,,,
2026,事业单位,阜阳市,市,,,,阜阳市自然资源和规划局颍州分局中心所,601010.0,专业技术岗位,,,3,1,,结构化面试,,,,,,,,,
2026,事业单位,阜阳市,市,,,,阜阳市邮政业安全中心,601012.0,管理岗位,,,3,1,,结构化面试,,,,,,,,,
2026,事业单位,阜阳市,市,,,,阜阳市邮政业安全中心,601013.0,管理岗位,,,3,1,,结构化面试,,,,,,,,,
2026,事业单位,阜阳市,市,,,,阜阳市颍上县生态环境分局环境应急中心,601011.0,专业技术岗位,,,3,1,,"结构化
面试",,,,,,,,,
2026,事业单位,阜阳市,市,,,,颍上县不动产登记中心,605004.0,专业技术,,,3,1,,结构化面试,,,,,,,,,
2026,事业单位,阜阳市,市,,,,颍上县交通运输综合行政执法大队,605009.0,管理,,,3,1,,结构化面试,,,,,,,,,
2026,事业单位,阜阳市,市,,,,颍上县交通运输综合行政执法大队,605010.0,管理,,,3,1,,结构化面试,,,,,,,,,
2026,事业单位,阜阳市,市,,,,颍上县公共资源交易中心,605005.0,专业技术,,,3,1,,结构化面试,,,,,,,,,
2026,事业单位,阜阳市,市,,,,颍上县十八里铺镇卫生院,605021.0,专业技术,,,3,1,,结构化面试,,,,,,,,,
2026,事业单位,阜阳市,市,,,,颍上县半岗镇中心卫生院,605016.0,专业技术,,,3,1,,结构化面试,,,,,,,,,
2026,事业单位,阜阳市,市,,,,颍上县古城镇卫生院,605019.0,专业技术,,,3,1,,结构化面试,,,,,,,,,
2026,事业单位,阜阳市,市,,,,颍上县固定资产投资审计中心,605006.0,专业技术,,,3,1,,结构化面试,,,,,,,,,
2026,事业单位,阜阳市,市,,,,颍上县固定资产投资审计中心,605007.0,专业技术,,,3,1,,结构化面试,,,,,,,,,
2026,事业单位,阜阳市,市,,,,颍上县城市管理综合行政执法大队,605012.0,管理,,,3,2,,结构化面试,,,,,,,,,
2026,事业单位,阜阳市,市,,,,颍上县应急管理综合行政执法大队,605013.0,专业技术,,,3,1,,结构化面试,,,,,,,,,
2026,事业单位,阜阳市,市,,,,颍上县接诉即办工作中心,605001.0,管理,,,3,1,,结构化面试,,,,,,,,,
2026,事业单位,阜阳市,市,,,,颍上县民族宗教事务服务中心,605002.0,管理,,,3,2,,结构化面试,,,,,,,,,
2026,事业单位,阜阳市,市,,,,颍上县水利工程建设中心,605011.0,专业技术,,,3,2,,结构化面试,,,,,,,,,
2026,事业单位,阜阳市,市,,,,颍上县金融发展服务中心,605008.0,专业技术,,,3,1,,结构化面试,,,,,,,,,
2026,事业单位,阜阳市,市,,,,鹿城镇规划建设服务中心,607040.0,专业技术岗位,,,3,1,,,,,,,,,,,
2026,事业单位,阜阳市,市,,,,黄岗镇财政金融和资产管理局,607034.0,专业技术岗位,,,3,1,,,,,,,,,,,
2026,事业单位,阜阳市,市,,,,龙王乡农业农村和规划建设服务中心,607043.0,专业技术岗位,,,3,1,,,,,,,,,,,
2026,事业单位,阜阳市,市,,,,龙王乡经济发展和财经服务中心,607042.0,专业技术岗位,,,3,1,,,,,,,,,,,
2026,事业单位,马鞍山市,市,,公益一类,,中共含山县委党校,1007001.0,专业技术岗,,社会科学专技类(B类),3,1,研究生及以上,法学理论（二级学科，030101）、法律史（二级学科，030102）、宪法学与行政法学（二级学科，030103）、经济法学（二级学科，030107）、政治学理论（二级学科，030201）、中共党史（含：党的学说与党的建设）（二级学科，030204）、行政管理（二级学科，120401）、社会保障（二级学科，120404）,38周岁以下；学位：硕士学位及以上,,,,,,,,
2026,事业单位,马鞍山市,市,,公益一类,,中共马鞍山市委党校,1001002.0,专业技术岗,,社会科学专技类(B类),3,2,本科及以上,"本科：文学门类（05）、管理学门类（12）
研究生：文学（05）、管理学（12）",38周岁以下；学位：学士学位及以上；中共党员,,,,,,,,
2026,事业单位,马鞍山市,市,,公益一类,,中国共产党和县委员会党校,1006001.0,专业技术岗,,社会科学专技类(B类),3,1,研究生及以上,理论经济学（一级学科，0201）、应用经济学（一级学科，0202）、法学（一级学科，0301）、政治学（一级学科，0302）、社会学（一级学科，0303）,38周岁以下；学位：硕士学位及以上；中共党员,,,,,,,,
2026,事业单位,马鞍山市,市,,公益一类,,博望区丹阳镇中心卫生院（丹阳镇妇幼保健计划生育服务站）,1004018.0,专业技术岗,,医疗卫生类(E类),3,1,本科及以上,"本科：临床医学类（1002）
研究生：临床医学（一级学科，1002）、临床医学专业硕士（1051）",38周岁以下，硕士以上研究生、副高级及以上职称可放宽至40周岁以下；学位：/；此岗位是丹阳镇中心卫生院薛津分院招聘，报考者需具有执业助理医师及以上资格证,,,,,,,,
2026,事业单位,马鞍山市,市,,公益一类,,博望区丹阳镇便民服务中心（退役军人服务站）,1004014.0,专业技术岗,,社会科学专技类(B类),3,1,本科及以上,"本科：哲学门类（01）、经济学门类（02）、法学门类（03）、法律专业、中国语言文学类（0501）、心理学类（0711）、工商管理类（1202）、公共管理类（1204）、物流管理与工程类（1206）
研究生：哲学门类（01）、经济学门类（02）、法学门类（03）、中国语言文学（一级学科，0501）、心理学（一级学科，0402）、工商管理学（一级学科，1202）、公共管理学（一级学科，1204）、法律专业硕士（0351）、应用心理专业硕士（0454）、工商管理专业硕士（1251）、公共管理专业硕士（1252）、物流工程与管理专业硕士（125604）",38周岁以下；学位：学士学位及以上,,,,,,,,
2026,事业单位,马鞍山市,市,,公益一类,,博望区丹阳镇村镇建设服务中心,1004013.0,专业技术岗,,自然科学专技类(C类),3,1,本科及以上,"本科：土木工程专业（081001）、测绘工程专业（081201）、地质工程专业（081401）、建筑类（0828）、交叉工程类（0832）、工程管理专业（120103）、工程造价专业（120105）、工程审计专业（120109T）、工业工程类（1207）、环境设计专业（130503）
研究生：建筑学（一级学科，0813）、土木工程（一级学科，0814）、测绘科学与技术（一级学科，0816）、地质工程（二级学科，081803）、建筑专业硕士（0851）、土木工程专业硕士（085901）、工程管理专业硕士（1256）",38周岁以下；学位：学士学位及以上,,,,,,,,
2026,事业单位,马鞍山市,市,,公益一类,,博望区丹阳镇综合行政执法大队,1004015.0,专业技术岗,定向招聘“服务基层项目”人员,社会科学专技类(B类),3,1,本科及以上,专业不限,38周岁以下；学位：学士学位及以上,,,,,,,,
2026,事业单位,马鞍山市,市,,公益一类,,博望区农业服务站,1004005.0,专业技术岗,,自然科学专技类(C类),3,1,本科及以上,"本科 ：园艺专业（090102）、设施农业科学与工程专业（090106）
研究生：蔬菜学（二级学科，090202）、农业工程（一级学科，0828）、农业专业硕士（0951）",38周岁以下；学位：学士学位及以上,,,,,,,,
2026,事业单位,马鞍山市,市,,公益一类,,博望区劳动人事争议仲裁院（博望区劳动保障维权调处中心、博望区社会保险费征缴管理中心）,1004003.0,专业技术岗,,社会科学专技类(B类),3,1,本科及以上,"本科：经济学专业（020101）、法学专业（030101K）、法律专业、人力资源管理专业（120206）                                        
研究生：应用经济学（一级学科，0202）、民商法学(含：劳动法学、社会保障法学)（二级学科，030105）、企业管理（含：人力资源管理）（二级学科，120202）、法律专业硕士（0351）",38周岁以下；学位：学士学位及以上；2年及以上工作经历,,,,,,,,
2026,事业单位,马鞍山市,市,,公益一类,,博望区博望镇中心卫生院（博望镇妇幼保健计划生育服务站）,1004019.0,专业技术岗,,医疗卫生类(E类),3,2,本科及以上,"本科：临床医学专业（100201K）
研究生：内科学（二级学科，100201）、内科学专业硕士（105101）",38周岁以下，硕士以上研究生、副高级及以上职称可放宽至40周岁以下；学位：/；报考者需具有执业助理医师及以上资格证且执业范围为内科专业,,,,,,,,
2026,事业单位,马鞍山市,市,,公益一类,,博望区博望镇中心卫生院（博望镇妇幼保健计划生育服务站）,1004020.0,专业技术岗,,医疗卫生类(E类),3,1,大专及以上,"大专：临床医学专业（520101K）                        
本科：临床医学专业（100201K）、医学影像学专业（100203TK）
研究生：临床医学（一级学科，1002）、临床医学专业硕士（1051）、超声医学专业硕士（105124）、放射影像学专业硕士（105123）",38周岁以下，硕士以上研究生、副高级及以上职称可放宽至40周岁以下；学位：/；报考者需具有执业医师资格证且执业范围为医学影像和放射治疗专业,,,,,,,,
2026,事业单位,马鞍山市,市,,公益一类,,博望区博望镇农业综合服务中心,1004010.0,专业技术岗,,自然科学专技类(C类),3,1,本科及以上,"本科：土木类（0810）、水利类（0811）、农业工程类（0823）、农业经济管理类（1203）
研究生：土木工程（一级学科，0814）、水利工程（一级学科，0815）、农业工程（一级学科，0828）、农林经济管理（一级学科，1203）、土木水利专业硕士（0859）、农业工程与信息技术专业硕士（095136）、农业管理专业硕士（095137）",38周岁以下；学位：学士学位及以上,,,,,,,,
2026,事业单位,马鞍山市,市,,公益一类,,博望区博望镇综合行政执法大队,1004011.0,专业技术岗,,社会科学专技类(B类),3,1,本科及以上,"本科：法学类（0301）、法律专业
研究生：法学（一级学科，0301），法律专业硕士（0351）",38周岁以下；学位：/,,,,,,,,
2026,事业单位,马鞍山市,市,,公益一类,,博望区博望镇综合行政执法大队,1004012.0,专业技术岗,定向招聘“服务基层项目”人员,社会科学专技类(B类),3,1,本科及以上,专业不限,38周岁以下；学位：学士学位及以上,,,,,,,,
2026,事业单位,马鞍山市,市,,公益一类,,博望区国库集中支付中心,1004002.0,专业技术岗,,社会科学专技类(B类),3,1,本科及以上,"本科：财政学专业(020201k)、金融学专业（020301k)、会计学专业(120203k)、会计专业、财务管理专业(120204)、审计学专业(120207)
研究生：会计学（二级学科，120201）、财政学（含税收学）(二级学科，020203)、金融学（含：保险学）(二级学科，020204) 、会计专业硕士（1253）、审计专业硕士（1257）、金融专业硕士（0251）       ",38周岁以下；学位：学士学位及以上,,,,,,,,
2026,事业单位,马鞍山市,市,,公益一类,,博望区应急管理综合行政执法大队,1004004.0,专业技术岗,,自然科学专技类(C类),3,1,本科及以上,"本科：安全科学与工程类（0829）
研究生：安全科学与工程（一级学科，0837）",38周岁以下；学位：学士学位及以上,,,,,,,,
2026,事业单位,马鞍山市,市,,公益一类,,博望区新市镇便民服务中心（退役军人服务站）,1004016.0,专业技术岗,,自然科学专技类(C类),3,1,本科及以上,"本科：土木工程专业（081001）、测绘工程专业（081201）、建筑学专业（082801）、城乡规划专业（082802）、工程管理专业（120103）
研究生：土木工程（一级学科，0814）、测绘科学与技术（一级学科，0816）、工程管理专业硕士（1256）、建筑专业硕士（0851）、城乡规划专业硕士（0853）、土木工程专业硕士（085901）",38周岁以下；学位：学士学位及以上,,,,,,,,
2026,事业单位,马鞍山市,市,,公益一类,,博望区疾病预防控制中心（卫生监督所）,1004017.0,专业技术岗,,医疗卫生类(E类),3,1,本科及以上,"本科：预防医学专业（100401K）
研究生：公共卫生与预防医学（一级学科,1004）",38周岁以下；学位：学士学位及以上；需经常应急加班值守,,,,,,,,
2026,事业单位,马鞍山市,市,,公益二类,,含山县中医医院,1007051.0,专业技术岗,,社会科学专技类(B类),3,2,本科及以上,"本科：会计学专业（120203k）、会计专业、财务管理专业（120204）
研究生：会计学（二级学科，120201）、会计专业硕士（1253）、工商管理（一级学科，1202）",38周岁以下,,,,,,,,
2026,事业单位,马鞍山市,市,,公益二类,,含山县中医医院,1007052.0,专业技术岗,,医疗卫生类(E类),3,2,研究生及以上,外科学专业硕士（105111）,38周岁以下；学位：硕士学位及以上；专硕研究生，整形外科方向，具有规培证、毕业证、学位证、执业证,,,,,,,,
2026,事业单位,马鞍山市,市,,公益二类,,含山县中医医院,1007053.0,专业技术岗,,医疗卫生类(E类),3,1,研究生及以上,眼科学专业硕士（105116）,38周岁以下；学位：硕士学位及以上；专硕研究生，具有规培证、毕业证、学位证、执业证,,,,,,,,
2026,事业单位,马鞍山市,市,,公益二类,,含山县中医医院,1007054.0,专业技术岗,,医疗卫生类(E类),3,1,研究生及以上,口腔医学专业硕士（1052）,38周岁以下；学位：硕士学位及以上；专硕研究生，具有规培证、毕业证、学位证、执业证,,,,,,,,
2026,事业单位,马鞍山市,市,,公益一类,,含山县中小企业服务中心,1007020.0,专业技术岗,,自然科学专技类(C类),3,1,本科及以上,"本科：电子信息类（0807）、计算机类（0809）
研究生：电子科学与技术（一级学科，0809）、电子信息专业硕士（0854）、计算机科学与技术（一级学科，0812）",38周岁以下；学位：学士学位及以上,,,,,,,,
2026,事业单位,马鞍山市,市,,公益一类,,含山县交通运输综合行政执法大队,1007040.0,专业技术岗,,自然科学专技类(C类),3,2,本科及以上,本科：软件工程专业（080902）、电子与计算机工程专业（080909T）、交通运输专业（081801）                                                                                                                     研究生：软件工程（一级学科，0835）、计算机科学与技术（一级学科，0812）、交通运输工程（一级学科，0823）,38周岁以下；学位：学士学位及以上,,,,,,,,
2026,事业单位,马鞍山市,市,,公益一类,,含山县交通运输综合行政执法大队,1007041.0,管理岗,定向招聘以普通高校毕业生身份入伍的退役士兵,综合管理类(A类),3,1,本科及以上,专业不限,38周岁以下；学位：学士学位及以上,,,,,,,,
2026,事业单位,马鞍山市,市,,公益一类,,含山县仙踪镇自然资源和规划管理所,1007030.0,专业技术岗,,自然科学专技类(C类),3,1,本科及以上,"本科：地理科学类（0705）、土地整治工程专业（082306T）、土地资源管理专业（120404）、城乡规划专业（082802）、测绘工程专业（081201）
研究生：测绘科学与技术（一级学科，0816）、地图学与地理信息系统（二级学科，070503）、土地资源管理（二级学科，120405）、城市规划与设计（含：风景园林规划与设计）（二级学科，081303）",38周岁以下；学位：学士学位及以上,,,,,,,,
2026,事业单位,马鞍山市,市,,公益一类,,含山县公路管理服务中心,1007039.0,专业技术岗,,自然科学专技类(C类),3,1,本科及以上,"本科：土木工程专业（081001）、道路桥梁与渡河工程专业（081006T）
研究生：桥梁与隧道工程（二级学科，081406 ）",38周岁以下；学位：学士学位及以上,,,,,,,,
2026,事业单位,马鞍山市,市,,公益一类,,含山县农业技术服务中心,1007043.0,专业技术岗,,自然科学专技类(C类),3,1,本科及以上,本科：农学门类（09）                                                                                                        研究生：农学（09）,38周岁以下；学位：学士学位及以上,,,,,,,,
2026,事业单位,马鞍山市,市,,公益一类,,含山县农业综合开发中心,1007042.0,专业技术岗,,自然科学专技类(C类),3,1,本科及以上,"本科：地理信息科学专业（070504）、水利水电工程专业（081101）
研究生：地图学与地理信息系统（二级学科，070503）、水利工程（一级学科，0815）",38周岁以下；学位：学士学位及以上,,,,,,,,
2026,事业单位,马鞍山市,市,,公益一类,,含山县农业综合行政执法大队,1007045.0,管理岗,定向招聘以普通高校毕业生身份入伍的退役士兵,综合管理类(A类),3,1,本科及以上,专业不限,38周岁以下；学位：学士学位及以上,,,,,,,,
2026,事业单位,马鞍山市,市,,公益一类,,含山县农业综合行政执法大队,1007046.0,管理岗,,综合管理类(A类),3,1,本科及以上,"本科：汉语言文学专业（050101）、秘书学专业（050107T）、农学门类（09）
研究生：中国语言文学（一级学科，0501）、农学（09）",38周岁以下；学位：学士学位及以上,,,,,,,,
2026,事业单位,马鞍山市,市,,公益一类,,含山县农村安全饮水总站,1007047.0,专业技术岗,,自然科学专技类(C类),3,1,本科及以上,"本科：水利水电工程专业（081101）
研究生：水利工程（一级学科，0815）",38周岁以下；学位：学士学位及以上,,,,,,,,
2026,事业单位,马鞍山市,市,,公益一类,,含山县凌家滩文化研究院,1007072.0,专业技术岗,,社会科学专技类(B类),3,1,研究生及以上,考古学（一级学科，0601）、中国史（一级学科，0602）,38周岁以下；学位：硕士学位及以上,,,,,,,,
2026,事业单位,马鞍山市,市,,公益一类,,含山县凌家滩遗址博物馆,1007071.0,专业技术岗,,社会科学专技类(B类),3,2,本科及以上,本科：文物与博物馆学专业（060104）、设计学类（1305）                                   研究生：考古学及博物馆学（二级学科，060102）、设计学（一级学科，1403）,38周岁以下；学位：学士学位及以上,,,,,,,,
2026,事业单位,马鞍山市,市,,公益一类,,含山县医疗保障基金监督管理中心,1007066.0,管理岗,,综合管理类(A类),3,1,本科及以上,"本科：法学专业（030101K）、法律专业、医疗保险专业（120413T）
研究生：法学理论（二级学科，030101）、法律专业硕士（0351）、社会医学与卫生事业管理（二级学科，120402）",38周岁以下；学位：学士学位及以上,,,,,,,,
2026,事业单位,马鞍山市,市,,公益一类,,含山县医疗保障服务中心,1007065.0,专业技术岗,,医疗卫生类(E类),3,1,本科及以上,"本科：中医学专业（100501K）
研究生：中医内科学（二级学科，100506）",38周岁以下；学位：学士学位及以上,,,,,,,,
2026,事业单位,马鞍山市,市,,公益一类,,含山县医疗保障结算中心,1007064.0,专业技术岗,,医疗卫生类(E类),3,1,本科及以上,"本科：临床医学专业（100201K）
研究生：内科学（二级学科，100201）",38周岁以下；学位：学士学位及以上,,,,,,,,
2026,事业单位,马鞍山市,市,,公益一类,,含山县双拥工作服务中心,1007056.0,管理岗,,综合管理类(A类),3,1,本科及以上,本科：法学类（0301）                                                                                                        研究生：法学（一级学科，0301）、法律专业硕士（0351）,38周岁以下；学位：学士学位及以上,,,,,,,,
2026,事业单位,马鞍山市,市,,公益一类,,含山县土地和房屋征收管理中心,1007013.0,管理岗,,综合管理类(A类),3,1,本科及以上,"本科：法学专业（030101K）、法律专业
研究生：法学（一级学科，0301）、法律专业硕士（0351）",38周岁以下；学位：学士学位及以上；具有法律职业资格证书,,,,,,,,
2026,事业单位,马鞍山市,市,,公益一类,,含山县土地和房屋征收管理中心,1007014.0,专业技术岗,,自然科学专技类(C类),3,1,本科及以上,"本科：资产评估专业（120208)、工程审计专业（120109T）
研究生：资产评估专业硕士（0256）、管理科学与工程（一级学科，1201）",38周岁以下；学位：学士学位及以上,,,,,,,,
2026,事业单位,马鞍山市,市,,公益一类,,含山县土地开发复垦整理中心,1007029.0,专业技术岗,,社会科学专技类(B类),3,1,本科及以上,"本科：会计学专业（120203K）、会计专业、财务管理专业（120204）、经济与金融专业（020307T）
研究生：金融学（二级学科，020204）、会计学（二级学科，120201）",38周岁以下；学位：学士学位及以上,,,,,,,,
2026,事业单位,马鞍山市,市,,公益一类,,含山县地方农村抽样调查队,1007063.0,管理岗,,综合管理类(A类),3,1,本科及以上,本科：经济统计学专业（020102）、计算机科学与技术专业（080901）、网络工程专业（080903）、信息安全专业（080904K）、会计学专业（120203K）、会计专业、财务管理专业（120204）                                                                                                  研究生：统计学（二级学科，020208）、计算机科学与技术（一级学科，0812）、会计学（二级学科，120201）、会计专业硕士（1253）,38周岁以下；学位：学士学位及以上,,,,,,,,
2026,事业单位,马鞍山市,市,,公益一类,,含山县城市管理综合行政执法大队,1007068.0,专业技术岗,,自然科学专技类(C类),3,1,本科及以上,本科：土木工程专业（081001）、给排水科学与工程专业（081003）                         研究生：土木工程（一级学科，0814）,38周岁以下；学位：学士学位及以上,,,,,,,,
2026,事业单位,马鞍山市,市,,公益一类,,含山县城市管理综合行政执法大队,1007069.0,管理岗,,综合管理类(A类),3,1,本科及以上,"本科：法学类（0301）、社会工作专业（030302）、中国语言文学类（0501）、人力资源管理专业（120206）
研究生：法学（一级学科，0301）、法律专业硕士（0351）、社会工作专业硕士（0352）、中国语言文学（一级学科，0501）、工商管理（一级学科，1202）",38周岁以下；学位：学士学位及以上,,,,,,,,
2026,事业单位,马鞍山市,市,,公益一类,,含山县城市管理综合行政执法大队,1007070.0,管理岗,定向招聘以普通高校毕业生身份入伍的退役士兵,综合管理类(A类),3,1,本科及以上,专业不限,38周岁以下；学位：学士学位及以上,,,,,,,,
2026,事业单位,马鞍山市,市,,公益一类,,含山县大城墩遗址管理处,1007050.0,专业技术岗,,社会科学专技类(B类),3,1,本科及以上,"本科：历史学专业（060101）、考古学专业（060103）、文物与博物馆学专业（060104）、文物保护技术专业（060105T）、历史建筑保护工程专业（082804T）
研究生：考古学及博物馆学（二级学科，060102）",38周岁以下；学位：学士学位及以上,,,,,,,,
2026,事业单位,马鞍山市,市,,公益一类,,含山县大数据中心,1007067.0,专业技术岗,,自然科学专技类(C类),3,1,本科及以上,"本科：数字经济专业（020109T）、人工智能专业（080717T）、计算机科学与技术专业（080901）、软件工程专业（080902）、网络工程专业（080903）、信息安全专业（080904K）、智能科学与技术专业（080907T）、数据科学与大数据技术专业（080910T）、网络空间安全专业（080911TK）、信息管理与信息系统专业（120102）、大数据管理与应用专业（120108T）
研究生：数字经济专业硕士（0258）、计算机科学与技术（一级学科，0812）、计算机技术专业硕士（085404）、软件工程（一级学科，0835）、网络空间安全（一级学科，0839）、人工智能专业硕士（085410）、大数据技术与工程专业硕士（085411）、网络与信息安全专业硕士（085412）",38周岁以下；学位：学士学位及以上,,,,,,,,
2026,事业单位,马鞍山市,市,,公益二类,,含山县市场监督检验所,1007060.0,管理岗,,综合管理类(A类),3,1,本科及以上,"本科：经济与金融专业（020307T）、会计学专业（120203K）、会计专业、食品安全与检测（082709T）、药物分析专业（100705T）
研究生：会计学（二级学科，120201）、会计专业硕士（1253）、食品科学与工程（一级学科，0832）、药学（一级学科，1007）",38周岁以下；学位：学士学位及以上,,,,,,,,
2026,事业单位,马鞍山市,市,,公益一类,,含山县市场监管综合行政执法大队,1007061.0,管理岗,,综合管理类(A类),3,1,本科及以上,"本科：法学门类（03）
研究生：法学（03）",38周岁以下；学位：学士学位及以上,,,,,,,,
2026,事业单位,马鞍山市,市,,公益一类,,含山县市场监管综合行政执法大队,1007062.0,管理岗,定向招聘以普通高校毕业生身份入伍的退役士兵,综合管理类(A类),3,1,本科及以上,专业不限,38周岁以下；学位：学士学位及以上,,,,,,,,
2026,事业单位,马鞍山市,市,,公益一类,,含山县应急指挥中心,1007059.0,专业技术岗,应届毕业生,自然科学专技类(C类),3,1,本科及以上,本科：水利水电工程专业（081101）                                                                              研究生：水利工程（一级学科，0815）,38周岁以下；学位：学士学位及以上,,,,,,,,
2026,事业单位,马鞍山市,市,,公益一类,,含山县应急管理综合行政执法大队,1007057.0,管理岗,,综合管理类(A类),3,1,本科及以上,本科：法学类（0301）                                                                                                        研究生：法学（03）,38周岁以下；学位：学士学位及以上,,,,,,,,
2026,事业单位,马鞍山市,市,,公益一类,,含山县应急管理综合行政执法大队,1007058.0,专业技术岗,应届毕业生,自然科学专技类(C类),3,1,本科及以上,本科：化学专业（070301）                                                                                               研究生：化学（一级学科，0703）,38周岁以下；学位：学士学位及以上,,,,,,,,
2026,事业单位,马鞍山市,市,,公益一类,,含山县建筑业发展服务中心,1007035.0,管理岗,,综合管理类(A类),3,1,本科及以上,"本科：土木类（0810）、档案学专业（120502）
研究生：土木工程（一级学科，0814）、档案学（二级学科，120503)",38周岁以下；学位：学士学位及以上,,,,,,,,
2026,事业单位,马鞍山市,市,,公益一类,,含山县建设工程消防监督管理服务中心,1007033.0,管理岗,,综合管理类(A类),3,1,本科及以上,"本科：法学类（0301）、汉语言文学专业（050101）、化学类（0703）、土木类（0810）
研究生：法学（一级学科，0301）、法律专业硕士（0351）、中国语言文学（一级学科，0501）、化学（一级学科，0703）、土木工程（一级学科，0814）",38周岁以下；学位：学士学位及以上,,,,,,,,
2026,事业单位,马鞍山市,市,,公益一类,,含山县建设工程消防监督管理服务中心,1007034.0,管理岗,定向招聘服务基层项目人员,综合管理类(A类),3,1,本科及以上,专业不限,38周岁以下；学位：学士学位及以上,,,,,,,,
2026,事业单位,马鞍山市,市,,公益一类,,含山县教研室,1007016.0,专业技术岗,,中小学教师类(D类),3,1,本科及以上,"本科：历史学专业（060101）、世界史专业（060102）
研究生：历史学（一级学科，0601）",38周岁以下；学位：学士学位及以上；取得初中及以上相应专业教师资格证及相应专业一级教师及以上职称资格,,,,,,,,
2026,事业单位,马鞍山市,市,,公益一类,,含山县教育会计核算中心,1007018.0,专业技术岗,,社会科学专技类(B类),3,2,本科及以上,"本科：经济学专业（020101）、财政学专业（020201K）、金融学专业（020301K）、经济与金融专业（020307T）、金融审计专业（020311TK）、会计学专业（120203K）、会计专业、财务管理专业（120204）、审计学专业（120207）、财务会计教育专业（120213T）、内部审计专业（120218T）
研究生：应用经济学（一级学科，0202）、会计学（二级学科，120201）、会计专业硕士（1253）、审计专业硕士（1257）",38周岁以下；学位：学士学位及以上,,,,,,,,
2026,事业单位,马鞍山市,市,,公益一类,,含山县文化馆,1007048.0,管理岗,,综合管理类(A类),3,1,本科及以上,"本科：汉语言文学专业（050101）、工商管理专业（120201K）
研究生：中国语言文学（一级学科，0501）、企业管理(二级学科，120202)",38周岁以下；学位：学士学位及以上,,,,,,,,
2026,事业单位,马鞍山市,市,,公益一类,,含山县文物管理中心,1007049.0,专业技术岗,,社会科学专技类(B类),3,1,本科及以上,"本科：历史学专业（060101）、考古学专业（060103）、文物与博物馆学专业（060104）、文物保护技术专业（060105T）、历史建筑保护工程专业（082804T）
研究生：考古学及博物馆学（二级学科，060102）",38周岁以下；学位：学士学位及以上,,,,,,,,
2026,事业单位,马鞍山市,市,,公益一类,,含山县机构编制实名制管理中心,1007007.0,管理岗,,综合管理类(A类),3,1,本科及以上,"本科：法学类（0301）、计算机类（0809）、会计学专业（120203K）、会计专业
研究生：法学（一级学科，0301）、法律专业硕士（0351）、计算机科学与技术（一级学科，0812）、会计学（二级学科，120201）、会计专业硕士（1253）",38周岁以下；中共党员,,,,,,,,
2026,事业单位,马鞍山市,市,,公益一类,,含山县林业发展中心,1007015.0,管理岗,,综合管理类(A类),3,1,本科及以上,"本科：法学专业（030101K）、法律专业、消防指挥专业（030608TK）、防灾减灾科学与工程专业（070803T）、消防工程专业（083102K）、抢险救援指挥与技术专业（083106TK）
研究生：法学（一级学科，0301）、法律专业硕士（0351）、防灾减灾工程及防护工程（二级学科，081405）",38周岁以下；学位：学士学位及以上,,,,,,,,
2026,事业单位,马鞍山市,市,,公益一类,,含山县法律援助中心,1007026.0,管理岗,,综合管理类(A类),3,1,本科及以上,"本科：法学专业（030101K）、法律专业、汉语言文学专业（050101）
研究生：法学（一级学科，0301）、法律专业硕士（0351）、中国语言文学（一级学科，0501）",38周岁以下；学位：学士学位及以上,,,,,,,,
2026,事业单位,马鞍山市,市,,公益一类,,含山县生态环境保护综合行政执法大队,1001018.0,专业技术岗,定向招聘服务基层项目人员,自然科学专技类(C类),3,1,本科及以上,"本科：环境科学与工程类（0825）、化学类（0703）、法学类（0301）、材料类（0804）、化学工程与工艺专业（081301）
研究生：环境科学与工程（一级学科，0830）、化学（一级学科，0703）、法学（一级学科，0301）、法律专业硕士（0351）、材料科学与工程（一级学科，0805）、冶金工程（一级学科，0806）、化学工程与技术（一级学科，0817）",38周岁以下；学位：学士学位及以上；需在野外爬高监测,,,,,,,,
2026,事业单位,马鞍山市,市,,公益一类,,含山县生态环境监测站,1001019.0,专业技术岗,,自然科学专技类(C类),3,1,本科及以上,"本科：环境科学与工程类（0825）
研究生：环境科学与工程（一级学科，0830）",38周岁以下；学位：学士学位及以上；需在野外爬高监测,,,,,,,,
2026,事业单位,马鞍山市,市,,公益一类,,含山县畜牧技术服务中心,1007044.0,专业技术岗,,自然科学专技类(C类),3,1,本科及以上,本科：动物科学专业（090301）、动物医学专业（090401）                                    研究生：兽医学（一级学科，0906）、兽医专业硕士（0952）,38周岁以下；学位：学士学位及以上,,,,,,,,
2026,事业单位,马鞍山市,市,,公益一类,,含山县疾病预防控制中心,1007055.0,专业技术岗,,社会科学专技类(B类),3,1,本科及以上,"本科：会计学专业（120203k）、会计专业、财务管理专业（120204）
研究生：会计学（二级学科，120201）、会计专业硕士（1253）、工商管理（一级学科，1202）",38周岁以下,,,,,,,,
2026,事业单位,马鞍山市,市,,公益一类,,含山县社会工作综合服务中心,1007006.0,管理岗,,综合管理类(A类),3,1,本科及以上,"本科：社会学专业（030301）、社会工作专业（030302）、汉语言文学专业（050101）、新闻传播学类（0503）、人力资源管理专业（120206）
研究生：社会学（二级学科，030301）、社会工作专业硕士（0352）、汉语言文字学（二级学科，050103）、新闻传播学（一级学科，0503）、企业管理（二级学科，120202）",38周岁以下；学位：学士学位及以上,,,,,,,,
2026,事业单位,马鞍山市,市,,公益一类,,含山县社会救助管理中心,1007022.0,管理岗,,综合管理类(A类),3,1,本科及以上,本科：计算机类（0809）、法学门类（03）                                                                 研究生：不限,38周岁以下；学位：学士学位及以上,,,,,,,,
2026,事业单位,马鞍山市,市,,公益一类,,含山县社会救助管理中心,1007023.0,专业技术岗,,社会科学专技类(B类),3,1,本科及以上,本科：会计学专业（120203K）、会计专业、财务管理专业（120204）                                   研究生：会计学（二级学科，120201）、会计专业硕士（1253）,38周岁以下；学位：学士学位及以上,,,,,,,,
2026,事业单位,马鞍山市,市,,公益一类,,含山县社会福利院,1007024.0,管理岗,,综合管理类(A类),3,1,本科及以上,"本科：经济学门类（02）、法学门类（03）、中国语言文学类（0501）、管理学门类（12）
研究生：不限",38周岁以下；学位：学士学位及以上,,,,,,,,
2026,事业单位,马鞍山市,市,,公益一类,,含山县社会福利院,1007025.0,管理岗,定向招聘服务基层项目人员,综合管理类(A类),3,1,本科及以上,专业不限,38周岁以下；学位：学士学位及以上,,,,,,,,
2026,事业单位,马鞍山市,市,,公益一类,,含山县科学技术信息中心,1007074.0,管理岗,,综合管理类(A类),3,1,本科及以上,"本科：科学教育专业（040102）、信息管理与信息系统专业（120102）
研究生：教育学（一级学科，0401）、管理科学与工程（一级学科，1201）",38周岁以下；学位：学士学位及以上,,,,,,,,
2026,事业单位,马鞍山市,市,,公益一类,,含山县科技创新与成果转化管理服务中心,1007019.0,专业技术岗,,自然科学专技类(C类),3,1,本科及以上,本科：机械类（0802）、电子信息类（0807）、计算机类（0809）                       研究生：机械工程（一级学科，0802）、电子科学与技术（一级学科，0809）、电子信息专业硕士（0854）、计算机科学与技术（一级学科，0812）,38周岁以下；学位：学士学位及以上,,,,,,,,
2026,事业单位,马鞍山市,市,,公益一类,,含山县纪委监委信息中心,1007002.0,专业技术岗,,社会科学专技类(B类),3,1,本科及以上,本科：会计学专业（120203K）、会计专业、财务管理专业（120204）、审计学专业（120207）                                                                                                                             研究生：会计学（二级学科，120201）、会计专业硕士（1253）、审计专业硕士（1257）,38周岁以下；学位：学士学位及以上；中共党员,,,,,,,,
2026,事业单位,马鞍山市,市,,公益一类,,含山县统一战线服务中心,1007004.0,专业技术岗,,社会科学专技类(B类),3,1,本科及以上,"本科：会计学专业（120203K）、会计专业、财务管理专业（120204）
研究生：会计学（二级学科，120201）、会计专业硕士（1253）、工商管理（一级学科，1202）",38周岁以下；学位：学士学位及以上,,,,,,,,
2026,事业单位,马鞍山市,市,,公益一类,,含山县统一战线服务中心,1007005.0,管理岗,,综合管理类(A类),3,1,本科及以上,"本科：法学专业（030101K）、法律专业、汉语言文学专业（050101）
研究生：法学（一级学科，0301）、法律专业硕士（0351）、中国语言文学（一级学科，0501）",38周岁以下；学位：学士学位及以上；中共党员,,,,,,,,
2026,事业单位,马鞍山市,市,,公益一类,,含山县网络安全应急指挥中心,1007003.0,专业技术岗,,社会科学专技类(B类),3,1,本科及以上,"本科：新闻传播学类（0503）、电子信息类（0807）、计算机类（0809）、旅游管理类（1209）
研究生：新闻传播学（一级学科，0503）、电子信息专业硕士（0854）、计算机科学与技术（一级学科，0812）、旅游管理（二级学科，120203）、旅游管理专业硕士（1254）",38周岁以下；学位：学士学位及以上,,,,,,,,
2026,事业单位,马鞍山市,市,,公益一类,,含山县自然保护地管理中心,1007073.0,专业技术岗,,自然科学专技类(C类),3,1,本科及以上,"本科：地理科学专业（070501）、人文地理与城乡规划专业（070503）、环境科学与工程专业（082501）、环境生态工程专业（082504）、野生动物与自然保护区管理专业（090202）
研究生：地理学（一级学科，0705）、环境科学与工程（一级学科，0830）",38周岁以下；学位：学士学位及以上,,,,,,,,
2026,事业单位,马鞍山市,市,,公益一类,,含山县节能监察中心,1007021.0,管理岗,,综合管理类(A类),3,1,本科及以上,"本科：经济学门类（02）、中国语言文学类（0501）
研究生：经济学（02）、中国语言文学（一级学科，0501）",38周岁以下；学位：学士学位及以上,,,,,,,,
2026,事业单位,马鞍山市,市,,公益二类,,含山县融媒体中心,1007008.0,专业技术岗,,社会科学专技类(B类),3,1,本科及以上,"本科：经济统计学专业（020102）、财务管理专业（120204）
研究生：会计学（二级学科，120201）、会计专业硕士（1253）、企业管理（二级学科，120202）",38周岁以下；学位：学士学位及以上,,,,,,,,
2026,事业单位,马鞍山市,市,,公益二类,,含山县融媒体中心,1007009.0,专业技术岗,,社会科学专技类(B类),3,1,本科及以上,"本科：新闻学专业（050301）、广播电视学专业（050302）、传播学专业（050304）、广播电视编导专业（130305）
研究生：新闻传播学（一级学科，0503）",38周岁以下,,,,,,,,
2026,事业单位,马鞍山市,市,,公益二类,,含山县融媒体中心,1007010.0,管理岗,,综合管理类(A类),3,1,本科及以上,"本科：汉语言文学专业（050101）、新闻学专业（050301）、传播学专业（050304）、动画专业（130310）、广播电视编导专业（130305）、视觉传达设计专业（130502）、新媒体艺术专业（130511T）
研究生：汉语言文字学（二级学科，050103）、新闻传播学（一级学科，0503）、设计艺术学（二级学科，050404）、广播电视艺术学（二级学科，050407）",38周岁以下,,,,,,,,
2026,事业单位,马鞍山市,市,,公益二类,,含山县融媒体中心,1007011.0,专业技术岗,应届毕业生,自然科学专技类(C类),3,1,本科及以上,"本科：电子信息工程专业（080701）、广播电视工程专业（080707T）、计算机科学与技术专业（080901）、软件工程专业（080902）、网络工程专业（080903）、信息安全专业（080904K）、网络空间安全专业（080911TK）、新媒体技术专业（080912T）
研究生：计算机科学与技术（一级学科，0812）、电子信息专业硕士（0854）",38周岁以下,,,,,,,,
2026,事业单位,马鞍山市,市,,公益二类,,含山县融媒体中心,1007012.0,专业技术岗,,社会科学专技类(B类),3,1,本科及以上,"本科：市场营销专业（120202）、影视摄影与制作专业（130311T）、艺术设计学专业（130501）、视觉传达设计专业（130502）、新媒体艺术专业（130511T）、美术学类（1304）
研究生：企业管理（二级学科，120202）、广播电视艺术学（二级学科，050407）",38周岁以下,,,,,,,,
2026,事业单位,马鞍山市,市,,公益一类,,含山县道路运输管理服务中心,1007037.0,管理岗,,综合管理类(A类),3,1,本科及以上,"本科：交通运输类（0818）、会计学专业（120203K）、会计专业
研究生：交通运输工程（一级学科，0823）、会计学（二级专业、120201）、会计专业硕士（1253）",38周岁以下；学位：学士学位及以上,,,,,,,,
2026,事业单位,马鞍山市,市,,公益一类,,含山县道路运输管理服务中心,1007038.0,专业技术岗,,自然科学专技类(C类),3,1,本科及以上,"本科：交通运输类（0818）
研究生：交通运输工程（一级学科，0823）",38周岁以下；学位：学士学位及以上,,,,,,,,
2026,事业单位,马鞍山市,市,,公益一类,,含山县重点项目推进中心,1007036.0,专业技术岗,,自然科学专技类(C类),3,1,本科及以上,"本科：土木类（0810）、油气储运工程专业（081504）、物业管理专业（120209）
研究生：供热、供燃气、通风及空调工程（二级学科，081404）、油气储运工程（二级学科，082003）",38周岁以下；学位：学士学位及以上,,,,,,,,
2026,事业单位,马鞍山市,市,,公益一类,,含山县铜闸镇自然资源和规划管理所,1007032.0,专业技术岗,,自然科学专技类(C类),3,1,本科及以上,"本科：地理科学类（0705）、土地整治工程专业（082306T）、土地资源管理专业（120404）、城乡规划专业（082802）、测绘工程专业（081201）
研究生：测绘科学与技术（一级学科，0816）、地图学与地理信息系统（二级学科，070503）、土地资源管理（二级学科，120405）、城市规划与设计（含：风景园林规划与设计）（二级学科，081303）",38周岁以下；学位：学士学位及以上,,,,,,,,
2026,事业单位,马鞍山市,市,,公益一类,,含山县陶厂镇自然资源和规划管理所,1007031.0,专业技术岗,,自然科学专技类(C类),3,1,本科及以上,"本科：地理科学类（0705）、土地整治工程专业（082306T）、土地资源管理专业（120404）、城乡规划专业（082802）、测绘工程专业（081201）
研究生：测绘科学与技术（一级学科，0816）、地图学与地理信息系统（二级学科，070503）、土地资源管理（二级学科，120405）、城市规划与设计（含：风景园林规划与设计）（二级学科，081303）",38周岁以下；学位：学士学位及以上,,,,,,,,
2026,事业单位,马鞍山市,市,,公益一类,,含山县青少年活动中心,1007017.0,管理岗,,综合管理类(A类),3,1,本科及以上,"本科：汉语言文学专业（050101）、汉语言专业（050102）、公共事业管理专业（120401）、行政管理专业（120402）、艺术设计学专业（130501）、公共艺术专业（130506）、数字媒体艺术专业（130508）、新媒体艺术专业（130511T）
研究生：中国语言文学（一级学科，0501）、公共管理（一级学科，1204）、艺术学（一级学科，0504）",38周岁以下；学位：学士学位及以上,,,,,,,,
2026,事业单位,马鞍山市,市,,公益一类,,含山县非税收入管理中心,1007027.0,专业技术岗,,社会科学专技类(B类),3,3,本科及以上,"本科：财政学专业（020201K）、金融学专业（020301K）、会计学专业（120203K）、会计专业、财务管理专业（120204）、审计学专业（120207）
研究生：财政学（二级学科，020203）、金融学（二级学科，020204）、会计学（二级学科，120201）",38周岁以下；学位：学士学位及以上,,,,,,,,
2026,事业单位,马鞍山市,市,,公益一类,,含山经济开发区财政所,1007028.0,专业技术岗,,社会科学专技类(B类),3,1,本科及以上,"本科：财政学专业（020201K）、金融学专业（020301K）、会计学专业（120203K）、会计专业、财务管理专业（120204）、审计学专业（120207）
研究生：财政学（二级学科，020203）、金融学（二级学科，020204）、会计学（二级学科，120201）",38周岁以下；学位：学士学位及以上,,,,,,,,
2026,事业单位,马鞍山市,市,,公益一类,,和县不动产登记中心,1006013.0,管理岗,,综合管理类(A类),3,1,本科及以上,"本科：会计专业、会计学专业（120203K）
研究生：会计学（二级学科，120201）",38周岁以下；学位：学士学位及以上；需具有初级及以上会计专业技术资格证书,,,,,,,,
2026,事业单位,马鞍山市,市,,公益一类,,和县乌江镇综合行政执法大队,1006042.0,专业技术岗,,社会科学专技类(B类),3,1,本科及以上,"本科：计算机类（0809）、经济学门类（02）
研究生：计算机科学与技术（一级学科，0812）、电子科学与技术（一级学科，0809）、经济学门类（02）",38周岁以下；学位：学士学位及以上,,,,,,,,
2026,事业单位,马鞍山市,市,,公益一类,,和县交通运输综合行政执法大队,1006019.0,管理岗,定向招聘以普通高校毕业生身份入伍的退役士兵,综合管理类(A类),3,1,本科及以上,专业不限,38周岁以下；学位：学士学位及以上,,,,,,,,
2026,事业单位,马鞍山市,市,,公益一类,,和县住房保障中心,1006017.0,管理岗,,综合管理类(A类),3,1,本科及以上,"本科：管理科学与工程类（1201）、工商管理类（1202）、中国语言文学类（0501）
研究生：管理科学与工程（一级学科，1201）、工商管理学（一级学科，1202）、中国语言文学（一级学科，0501）",38周岁以下；学位：学士学位及以上,,,,,,,,
2026,事业单位,马鞍山市,市,,公益一类,,和县公共资源交易中心,1006007.0,管理岗,,综合管理类(A类),3,1,本科及以上,"本科：工程造价专业（120105）
研究生：管理科学与工程（一级学科，1201）",38周岁以下；学位：学士学位及以上,,,,,,,,
2026,事业单位,马鞍山市,市,,公益二类,,和县公证处,1006009.0,专业技术岗,,社会科学专技类(B类),3,1,本科及以上,"本科：法律专业、法学专业（030101K）、知识产权专业（030102T)、司法鉴定学专业（030110TK)
研究生：法学（一级学科，0301）",38周岁以下；学位：学士学位及以上；需取得法律职业资格证书A类，从事公证业务,,,,,,,,
2026,事业单位,马鞍山市,市,,公益一类,,和县公路管理服务中心,1006018.0,专业技术岗,,自然科学专技类(C类),3,2,本科及以上,"本科：道路桥梁与渡河工程专业（081006T）、土木工程专业（081001）
研究生：道路与铁道工程（二级学科，082301）、桥梁与隧道工程（二级学科，081406）",38周岁以下；学位：学士学位及以上,,,,,,,,
2026,事业单位,马鞍山市,市,,公益一类,,和县农业综合行政执法大队,1006022.0,专业技术岗,,自然科学专技类(C类),3,1,本科及以上,"本科：农学门类（09）、农业工程类（0823）
研究生：农学门类（09）、农业工程（一级学科，0828）",38周岁以下；学位：学士学位及以上,,,,,,,,
2026,事业单位,马鞍山市,市,,公益一类,,和县农村抽样调查队,1006030.0,专业技术岗,,社会科学专技类(B类),3,1,本科及以上,"本科：工商管理类（1202）、经济学类（0201）、统计学类（0712）、法学类（0301）
研究生：统计学（一级学科，0714）、理论经济学（一级学科，0201）、应用经济学（一级学科，0202）、工商管理学（一级学科，1202）、法学（一级学科，0301）",38周岁以下；学位：学士学位及以上,,,,,,,,
2026,事业单位,马鞍山市,市,,公益一类,,和县农村能源管理站,1006021.0,专业技术岗,,自然科学专技类(C类),3,1,本科及以上,"本科：农业建筑环境与能源工程专业（082304）、农业资源与环境专业（090201）
研究生：农业生物环境与能源工程（二级学科，082803）、农业资源与环境（一级学科，0903）",38周岁以下；学位：学士学位及以上,,,,,,,,
2026,事业单位,马鞍山市,市,,公益一类,,和县功桥镇便民服务中心,1006038.0,专业技术岗,,社会科学专技类(B类),3,2,本科及以上,"本科：土木类（0810）
研究生：土木工程（一级学科，0814）",38周岁以下；学位：学士学位及以上,,,,,,,,
2026,事业单位,马鞍山市,市,,公益一类,,和县功桥镇综合行政执法大队,1006039.0,管理岗,定向招聘“服务基层项目”人员,综合管理类(A类),3,1,本科及以上,专业不限,38周岁以下；学位：学士学位及以上,,,,,,,,
2026,事业单位,马鞍山市,市,,公益一类,,和县功桥镇财政所,1006040.0,专业技术岗,,社会科学专技类(B类),3,1,本科及以上,"本科：税收学专业（020202）、会计专业、会计学专业（120203K）、财务管理专业（120204）、审计学专业（120207）
研究生：会计学（二级学科，120201）、财政学（含：税收学）（二级学科，020203）、审计专业硕士（1257）",38周岁以下；学位：学士学位及以上,,,,,,,,
2026,事业单位,马鞍山市,市,,公益一类,,和县历阳镇综合行政执法大队,1006041.0,管理岗,定向招聘以普通高校毕业生身份入伍的退役士兵,综合管理类(A类),3,2,本科及以上,专业不限,38周岁以下；学位：学士学位及以上,,,,,,,,
2026,事业单位,马鞍山市,市,,公益一类,,和县善厚镇便民和财经服务中心,1006043.0,专业技术岗,,社会科学专技类(B类),3,1,本科及以上,"本科：会计专业、会计学专业（120203K）、财务管理专业（120204）、审计学专业（120207）
研究生：会计学（二级学科，120201）、会计专业硕士（1253）、审计专业硕士（1257）",38周岁以下；学位：学士学位及以上,,,,,,,,
2026,事业单位,马鞍山市,市,,公益一类,,和县善厚镇便民和财经服务中心,1006044.0,专业技术岗,定向招聘应届毕业生,自然科学专技类(C类),3,1,本科及以上,"本科：土木工程专业（081001）、工程管理专业（120103）、工程造价专业（120105）、工程审计专业（120109T）                                    
研究生：土木工程（一级学科，0814）、管理科学与工程（一级学科，1201）、工程管理专业硕士（1256）",38周岁以下；学位：学士学位及以上,,,,,,,,
2026,事业单位,马鞍山市,市,,公益一类,,和县善厚镇便民和财经服务中心,1006045.0,管理岗,定向招聘“服务基层项目”人员,综合管理类(A类),3,1,本科及以上,专业不限,38周岁以下；学位：学士学位及以上,,,,,,,,
2026,事业单位,马鞍山市,市,,公益一类,,和县善厚镇综合行政执法大队,1006046.0,管理岗,,综合管理类(A类),3,1,本科及以上,专业不限,38周岁以下；学位：学士学位及以上；基层执法一线岗位，从事室外作业，需经常加班,,,,,,,,
2026,事业单位,马鞍山市,市,,公益一类,,和县善厚镇自然资源和规划所,1006015.0,专业技术岗,,社会科学专技类(B类),3,1,本科及以上,"本科：土地资源管理专业（120404）、测绘工程专业（081201）、地理信息科学专业（070504）
研究生：公共管理学（一级学科，1204）、测绘科学与技术（一级学科，0816）、地理学（一级学科，0705）",38周岁以下；学位：学士学位及以上,,,,,,,,
2026,事业单位,马鞍山市,市,,公益一类,,和县城市管理综合行政执法大队,1006031.0,管理岗,,综合管理类(A类),3,1,本科及以上,"本科：法律专业、法学专业（030101K）
研究生：法学（一级学科，0301）",38周岁以下；学位：学士学位及以上,,,,,,,,
2026,事业单位,马鞍山市,市,,公益一类,,和县城市管理综合行政执法大队,1006032.0,管理岗,,综合管理类(A类),3,1,本科及以上,"本科：土木类（0810）、建筑类（0828）
研究生：建筑学（一级学科，0813）、土木工程（一级学科，0814）",38周岁以下；学位：学士学位及以上,,,,,,,,
2026,事业单位,马鞍山市,市,,公益一类,,和县城市管理综合行政执法大队,1006033.0,管理岗,定向招聘以普通高校毕业生身份入伍的退役士兵,综合管理类(A类),3,1,本科及以上,专业不限,38周岁以下；学位：学士学位及以上,,,,,,,,
2026,事业单位,马鞍山市,市,,公益一类,,和县城市管理综合行政执法大队,1006034.0,管理岗,定向招聘退役士兵,综合管理类(A类),3,2,大专及以上,专业不限,38周岁以下,,,,,,,,
2026,事业单位,马鞍山市,市,,公益二类,,和县工人文化宫,1006036.0,专业技术岗,,社会科学专技类(B类),3,1,本科及以上,"本科：计算机类（0809）、工商管理类（1202）
研究生：计算机科学与技术（一级学科，0812）、工商管理学（一级学科，1202）",38周岁以下；学位：学士学位及以上,,,,,,,,
2026,事业单位,马鞍山市,市,,公益一类,,和县市场监管综合行政执法大队,1006028.0,专业技术岗,,自然科学专技类(C类),3,1,本科及以上,"本科：机械设计制造及其自动化专业（080202）、材料成型及控制工程专业（080203）、机械电子工程专业（080204）
研究生：机械工程（一级学科，0802）",38周岁以下；学位：学士学位及以上,,,,,,,,
2026,事业单位,马鞍山市,市,,公益一类,,和县应急管理综合行政执法大队,1006027.0,专业技术岗,,社会科学专技类(B类),3,1,本科及以上,"本科：法学门类（03）
研究生：法学门类（03）","38周岁以下；学位：学士学位及以上；参与基层一线执法,24小时值班值守",,,,,,,,
2026,事业单位,马鞍山市,市,,公益一类,,和县建筑业发展服务中心,1006016.0,专业技术岗,,社会科学专技类(B类),3,2,本科及以上,"本科：土木工程专业（081001）
研究生：结构工程（二级学科，081402）",38周岁以下；学位：学士学位及以上,,,,,,,,
2026,事业单位,马鞍山市,市,,公益一类,,和县政策研究中心,1006002.0,管理岗,,综合管理类(A类),3,1,本科及以上,"本科：马克思主义理论类（0305）、中国语言文学类（0501）、新闻传播学类（0503）
研究生：马克思主义理论（一级学科，0305）、中国语言文学（一级学科，0501）、新闻传播学（一级学科，0503）",38周岁以下；学位：学士学位及以上,,,,,,,,
2026,事业单位,马鞍山市,市,,公益一类,,和县新时代文明实践服务中心,1006004.0,管理岗,,综合管理类(A类),3,1,本科及以上,"本科：计算机类（0809）、城乡规划专业（082802）、历史建筑保护工程专业（082804T）、城市设计专业（082806T）、智慧建筑与建造专业（082807T）
研究生：计算机科学与技术（一级学科，0812）、电子信息专业硕士（0854）、城乡规划学（一级学科，0833）、城乡规划专业硕士（0853）、城市规划与设计(含：风景园林规划与设计）（二级学科，081303）",38周岁以下，硕士以上研究生可放宽至40周岁以下；学位：学士学位及以上,,,,,,,,
2026,事业单位,马鞍山市,市,,公益一类,,和县机关效能和监督中心,1006003.0,管理岗,,综合管理类(A类),3,1,本科及以上,"本科：财政学专业（020201K）、税收学专业（020202）、金融学专业（020301K）、会计专业、会计学专业（120203K）、财务管理专业（120204）、审计学专业（120207）
研究生：会计学（二级学科，120201）、财政学（含：税收学）（二级学科，020203）、金融学（含：保险学）（二级学科，020204）、审计专业硕士(1257)",38周岁以下，硕士以上研究生可放宽至40周岁以下；学位：学士学位及以上；中共党员,,,,,,,,
2026,事业单位,马鞍山市,市,,公益一类,,和县水利工程建设管理中心,1006025.0,专业技术岗,定向招聘应届毕业生,自然科学专技类(C类),3,1,本科及以上,"本科：水利水电工程专业（081101）、水文与水资源工程专业（081102）、水务工程专业（081104T)、水利科学与工程专业（081105T)
研究生：水利工程（一级学科，0815）、土木工程（一级学科，0814）、土木水利专业硕士（0859）",38周岁以下；学位：学士学位及以上,,,,,,,,
2026,事业单位,马鞍山市,市,,公益一类,,和县水利工程调度中心,1006023.0,专业技术岗,定向招聘“服务基层项目”人员,自然科学专技类(C类),3,1,本科及以上,"本科：水利类（0811）、土木类（0810）、法学类（0301)
研究生：水利工程（一级学科，0815）、土木工程（一级学科，0814）、土木水利专业硕士（0859）、法学（一级学科，0301）",38周岁以下；学位：学士学位及以上,,,,,,,,
2026,事业单位,马鞍山市,市,,公益一类,,和县猿人遗址保护中心,1006026.0,专业技术岗,,社会科学专技类(B类),3,1,本科及以上,"本科：工程管理专业（120103）、产品设计专业（130504）
研究生：工程管理专业硕士（1256）、设计专业硕士（1357）",38周岁以下；学位：学士学位及以上,,,,,,,,
2026,事业单位,马鞍山市,市,,公益一类,,和县知识产权快速维权中心,1006029.0,专业技术岗,,社会科学专技类(B类),3,1,本科及以上,"本科：知识产权专业（030102T）、机械工程专业（080201）、机械设计制造及其自动化专业（080202）、机械电子工程专业（080204）、药学专业（100701）、药事管理专业（100704T）、食品质量与安全专业（082702）
研究生：机械工程（一级学科，0802）、药学（一级学科，1007）",38周岁以下；学位：学士学位及以上,,,,,,,,
2026,事业单位,马鞍山市,市,,公益一类,,和县石杨镇便民服务中心,1006048.0,管理岗,定向招聘“服务基层项目”人员,综合管理类(A类),3,1,本科及以上,专业不限,38周岁以下；学位：学士学位及以上,,,,,,,,
2026,事业单位,马鞍山市,市,,公益一类,,和县石杨镇综合行政执法大队,1006047.0,专业技术岗,,社会科学专技类(B类),3,1,本科及以上,"本科：农业工程类（0823）、林业工程类（0824）、食品科学与工程类（0827）、城乡规划专业（082802）
研究生：农业工程（一级学科，0828）、林业工程（一级学科，0829）、食品科学与工程（一级学科，0832）、城乡规划学（一级学科，0833）、城乡规划专业硕士（0853）",38周岁以下；学位：学士学位及以上,,,,,,,,
2026,事业单位,马鞍山市,市,,公益一类,,和县石杨镇财政所,1006049.0,专业技术岗,,社会科学专技类(B类),3,1,本科及以上,"本科：会计专业、会计学专业（120203K）、审计学专业（120207）、农林经济管理专业（120301）
研究生：会计学（二级学科，120201）、农业经济管理（二级学科，120301）、会计专业硕士（1253）、审计专业硕士（1257）",38周岁以下；学位：学士学位及以上,,,,,,,,
2026,事业单位,马鞍山市,市,,公益一类,,和县社会保险管理服务中心,1006011.0,专业技术岗,,社会科学专技类(B类),3,1,本科及以上,"本科：计算机科学与技术专业（080901）、会计专业、会计学专业（120203K)
研究生：计算机科学与技术（一级学科，0812）、会计专业硕士（1253）、会计学（二级学科，120201）",38周岁以下；学位：学士学位及以上,,,,,,,,
2026,事业单位,马鞍山市,市,,公益一类,,和县社会工作综合服务中心,1006005.0,管理岗,,综合管理类(A类),3,1,本科及以上,专业不限,38周岁以下；学位：学士学位及以上,,,,,,,,
2026,事业单位,马鞍山市,市,,公益二类,,和县科技职业学校,1006008.0,专业技术岗,,中小学教师类(D类),3,2,研究生及以上,计算机科学与技术（一级学科，0812）,38周岁以下；学位：硕士学位及以上；1、具有高中或中职及以上教师资格证书（未取得相应教师资格证的，聘用时需承诺在2028年8月31日前取得相应的教师资格证书，否则作解聘处理）；2、档案完整,,,,,,,,
2026,事业单位,马鞍山市,市,,公益一类,,和县蔬菜产业发展促进中心,1006020.0,专业技术岗,,自然科学专技类(C类),3,1,本科及以上,"本科：农业工程类（0823）、植物生产类（0901）
研究生：农业工程（一级学科，0828）、作物学（一级学科，0901）、园艺学（一级学科，0902）",38周岁以下，硕士以上研究生、农业系列或农业工程系列副高级及以上职称人员可相应放宽到40周岁以下；学位：学士学位及以上,,,,,,,,
2026,事业单位,马鞍山市,市,,公益一类,,和县西埠镇综合行政执法大队,1006050.0,管理岗,定向招聘“服务基层项目”人员,综合管理类(A类),3,1,大专及以上,专业不限,38周岁以下,,,,,,,,
2026,事业单位,马鞍山市,市,,公益一类,,和县西埠镇自然资源和规划所,1006014.0,管理岗,定向招聘“服务基层项目”人员,综合管理类(A类),3,1,大专及以上,专业不限,38周岁以下,,,,,,,,
2026,事业单位,马鞍山市,市,,公益一类,,和县重点工程建设管理中心,1006006.0,专业技术岗,,社会科学专技类(B类),3,1,本科及以上,"本科：土木工程专业（081001）、给排水科学与工程专业（081003）、水务工程专业（081104T）、工程造价专业（120105）、建筑电气与智能化专业（081004）、建筑学专业（082801）
研究生：土木工程（一级学科，0814）、水利水电工程（二级学科，081504）、管理科学与工程（一级学科，1201）、建筑设计及其理论（二级学科，081302 ）",38周岁以下；学位：学士学位及以上,,,,,,,,
2026,事业单位,马鞍山市,市,,公益一类,,和县金融服务中心,1006010.0,专业技术岗,,社会科学专技类(B类),3,1,本科及以上,"本科：财政学专业（020201K）、经济学专业（020101）、金融学专业（020301K）、会计专业、会计学专业（120203K）、财务管理专业（120204）
研究生：应用经济学（一级学科，0202）、会计学（二级学科，120201）",38周岁以下；学位：学士学位及以上；一年及以上工作经历,,,,,,,,
2026,事业单位,马鞍山市,市,,公益一类,,和县长江河道管理服务中心,1006024.0,专业技术岗,定向招聘应届毕业生,自然科学专技类(C类),3,1,本科及以上,"本科：水利水电工程专业（081101）、水文与水资源工程专业（081102）、水务工程专业（081104T)、水利科学与工程专业（081105T)
研究生：水利工程（一级学科，0815）、土木工程（一级学科，0814）、土木水利专业硕士（0859）",38周岁以下；学位：学士学位及以上,,,,,,,,
2026,事业单位,马鞍山市,市,,公益一类,,和县香泉镇便民服务中心,1006037.0,专业技术岗,,自然科学专技类(C类),3,1,本科及以上,"本科：电气工程及其自动化专业（080601）、机械工程专业（080201）、林业工程类（0824）、建筑类（0828）
研究生：电气工程（一级学科，0808）、机械工程（一级学科，0802）、林业工程（一级学科，0829）、建筑学（一级学科，0813）",38周岁以下；学位：学士学位及以上,,,,,,,,
2026,事业单位,马鞍山市,市,,公益二类,,国有和县鸡笼山林场,1006012.0,专业技术岗,,社会科学专技类(B类),3,1,本科及以上,"本科：林学专业（090501）、园林专业（090502）、森林保护专业（090503）
研究生：林学（一级学科，0907）",38周岁以下；学位：学士学位及以上；中共党员,,,,,,,,
2026,事业单位,马鞍山市,市,,公益一类,,姥桥镇下属事业单位,1001063.0,管理岗,,综合管理类(A类),3,1,本科及以上,"本科：法学门类（03）、中国语言文学类（0501）、新闻传播学类（0503）
研究生：法学（03）、中国语言文学（一级学科，0501）、新闻传播学（一级学科，0503）、新闻与传播专业硕士（0552）",38周岁以下，硕士以上研究生、副高级及以上职称可放宽至40周岁以下；学位：学士学位及以上,,,,,,,,
2026,事业单位,马鞍山市,市,,公益一类,,姥桥镇下属事业单位,1001064.0,管理岗,,综合管理类(A类),3,1,本科及以上,"本科：经济学类（0201）、财政学类（0202）、金融学类（0203）、工商管理类（1202）
研究生：经济学（02）、工商管理学（一级学科，1202）、工商管理专业硕士（1251）",38周岁以下，硕士以上研究生、副高级及以上职称可放宽至40周岁以下；学位：学士学位及以上,,,,,,,,
2026,事业单位,马鞍山市,市,,公益一类,,姥桥镇下属事业单位,1001065.0,管理岗,定向招聘服务基层项目人员,综合管理类(A类),3,1,本科及以上,"本科：农学门类（09）、土木类（0810）、水利类（0811）、安全科学与工程类（0829）、环境科学与工程类（0825）
研究生：农学（09）、土木工程（一级学科，0814）、水利工程（一级学科，0815）、土木水利专业硕士（0859）、安全科学与工程（一级学科，0837）、环境科学与工程（一级学科，0830）",38周岁以下，硕士以上研究生、副高级及以上职称可放宽至40周岁以下；学位：学士学位及以上,,,,,,,,
2026,事业单位,马鞍山市,市,,公益一类,,安徽省和县台湾农民创业园管理委员会社会事务管理服务中心,1006035.0,专业技术岗,,社会科学专技类(B类),3,1,本科及以上,"本科：安全科学与工程类（0829）、环境科学与工程类（0825）、城乡规划专业（082802）、资源环境科学专业（082506T）、生物工程类（0830）、化工与制药类（0813）、管理科学与工程类（1201）
研究生：安全科学与工程（一级学科，0837）、环境科学与工程（一级学科，0830）、食品科学与工程（一级学科，0832）、资源与环境专业硕士（0857）、城乡规划学（一级学科，0833）、管理科学与工程（一级学科，1201）、生物工程（一级学科，0836）、工程管理专业硕士（1256）",38周岁以下；学位：学士学位及以上,,,,,,,,
2026,事业单位,马鞍山市,市,,公益二类,,安徽省马鞍山市为民公证处,1001013.0,专业技术岗,,社会科学专技类(B类),3,1,本科及以上,"本科：法学类（0301）
研究生：法学（一级学科，0301）、法律专业硕士（0351）",38周岁以下；学位：学士学位及以上；具有法律职业资格证书A类,,,,,,,,
2026,事业单位,马鞍山市,市,,公益一类,,安徽马鞍山博望高新技术产业开发区管理委员会,1004006.0,专业技术岗,,自然科学专技类(C类),3,1,本科及以上,"本科：地理信息科学专业（070504）、土木工程专业（081001）、建筑学专业（082801）
研究生：地图学与地理信息系统（二级学科，070503）、建筑设计及其理论（二级学科，081302）、供热、供燃气、通风及空调工程（二级学科，081404）、土木工程专业硕士（085901）、建筑专业硕士（0851）",38周岁以下；学位：学士学位及以上,,,,,,,,
2026,事业单位,马鞍山市,市,,公益一类,,安徽马鞍山博望高新技术产业开发区管理委员会,1004007.0,专业技术岗,,自然科学专技类(C类),3,1,本科及以上,"本科：机械设计制造及其自动化专业（080202）、车辆工程专业（080207）、材料化学专业（080403）、高分子材料与工程专业（080407）、计算机科学与技术专业（080901）
研究生：机械制造及其自动化（二级学科，080201）、车辆工程（二级学科，080204）、材料物理与化学（二级学科，080501）、计算机应用技术（二级学科，081203）、材料工程专业硕士（085601）",38周岁以下；学位：学士学位及以上,,,,,,,,
2026,事业单位,马鞍山市,市,,公益一类,,安徽马鞍山博望高新技术产业开发区管理委员会,1004008.0,管理岗,,综合管理类(A类),3,1,本科及以上,"本科：经济统计学专业（020102）、金融工程专业（020302)、国际经济与贸易专业（020401）
研究生：国际贸易学（二级学科，020206）、统计学（二级学科，020208）、金融专业硕士（0251）",38周岁以下；学位：学士学位及以上,,,,,,,,
2026,事业单位,马鞍山市,市,,公益一类,,安徽马鞍山博望高新技术产业开发区管理委员会,1004009.0,管理岗,定向招聘以普通高校毕业生身份入伍的退役士兵,综合管理类(A类),3,1,大专及以上,专业不限,38周岁以下；学位：/,,,,,,,,
2026,事业单位,马鞍山市,市,,公益一类,,当涂县乌溪镇事业单位,1005043.0,专业技术岗,,自然科学专技类(C类),3,1,本科及以上,本科：土木类（0810）、水利类（0811）、农业工程类（0823）、水产类（0906）                        研究生：土木工程（一级学科，0814）、水利工程（一级学科，0815）、农业工程（一级学科，0828）、水产（一级学科，0908）,38周岁以下；学位：学士学位及以上,,,,,,,,
2026,事业单位,马鞍山市,市,,公益一类,,当涂县交通运输综合行政执法大队,1005016.0,管理岗,,综合管理类(A类),3,1,本科及以上,本科：法学类（0301）、汉语言文学专业（050101）                  研究生：法学（一级学科，0301）、法律专业硕士（0351）、语言学及应用语言学（二级学科，050102）、汉语言文字学（二级学科，050103）,38周岁以下；学位：学士学位及以上,,,,,,,,
2026,事业单位,马鞍山市,市,,公益一类,,当涂县交通运输综合行政执法大队,1005017.0,专业技术岗,,自然科学专技类(C类),3,1,本科及以上,"本科：道路桥梁与渡河工程专业（081006T）、土木工程专业（081001）、土木、水利与交通工程专业（081010T）                           研究生：土木工程（一级学科,0814）、土木水利专业硕士（0859）",38周岁以下；学位：学士学位及以上,,,,,,,,
2026,事业单位,马鞍山市,市,,公益一类,,当涂县交通运输综合行政执法大队,1005018.0,管理岗,定向招聘“服务基层项目”人员,综合管理类(A类),3,1,大专及以上,专业不限,38周岁以下,,,,,,,,
2026,事业单位,马鞍山市,市,,公益一类,,当涂县人才发展研究中心,1005005.0,管理岗,,综合管理类(A类),3,1,本科及以上,本科:电气类（0806）、电子信息类（0807）、自动化类（0808）、计算机类（0809）、食品科学与工程类（0827）、生物工程类（0830）      研究生：电气工程（一级学科，0808）、电子科学与技术（一级学科，0809）、计算机科学与技术（一级学科，0812）、食品科学与工程（一级学科，0832）、生物工程（一级学科，0836）,38周岁以下；学位：学士学位及以上；中共党员,,,,,,,,
2026,事业单位,马鞍山市,市,,公益一类,,当涂县公路管理服务中心,1005014.0,专业技术岗,,自然科学专技类(C类),3,1,本科及以上,"本科：道路桥梁与渡河工程专业（081006T）、土木工程专业（081001）、土木、水利与交通工程专业（081010T）                           研究生：土木工程（一级学科,0814）、土木水利专业硕士（0859）",38周岁以下；学位：学士学位及以上,,,,,,,,
2026,事业单位,马鞍山市,市,,公益一类,,当涂县公路管理服务中心,1005015.0,管理岗,定向招聘以普通高校毕业生身份入伍的退役士兵,综合管理类(A类),3,1,大专及以上,专业不限,38周岁以下,,,,,,,,
2026,事业单位,马鞍山市,市,,公益一类,,当涂县养老保险管理服务中心,1005012.0,专业技术岗,,社会科学专技类(B类),3,1,本科及以上,本科：公共管理类（1204）          研究生：公共管理学（一级学科，1204）、公共管理专业硕士（1252）,38周岁以下；学位：学士学位及以上,,,,,,,,
2026,事业单位,马鞍山市,市,,公益一类,,当涂县农业技术推广中心,1005022.0,专业技术岗,,自然科学专技类(C类),3,1,本科及以上,本科：农学专业（090101）、植物保护专业（090103）、植物科学与技术专业（090104）、农药化肥专业（090114T）研究生：作物学（一级学科，0901）、植物保护（一级学科，0904）,38周岁以下；学位：学士学位及以上,,,,,,,,
2026,事业单位,马鞍山市,市,,公益一类,,当涂县农业综合行政执法大队,1005021.0,管理岗,定向招聘“服务基层项目”人员,综合管理类(A类),3,1,大专及以上,专业不限,38周岁以下,,,,,,,,
2026,事业单位,马鞍山市,市,,公益一类,,当涂县医疗保障服务中心,1005034.0,专业技术岗,,自然科学专技类(C类),3,1,本科及以上,"本科：计算机科学与技术专业（080901）、网络工程专业（080903）、信息安全专业（080904K）、数据科学与大数据技术专业（080910T）                       研究生：计算机科学与技术（一级学科,0812）",38周岁以下；学位：学士学位及以上,,,,,,,,
2026,事业单位,马鞍山市,市,,公益一类,,当涂县千字文文化研究所,1005024.0,专业技术岗,,社会科学专技类(B类),3,1,本科及以上,本科： 中国语言文学类（0501）                 研究生：中国语言文学（一级学科，0501）,38周岁以下；学位：学士学位及以上,,,,,,,,
2026,事业单位,马鞍山市,市,,公益一类,,当涂县国库集中支付中心,1005010.0,专业技术岗,,社会科学专技类(B类),3,1,本科及以上,本科：金融学类（0203）、财政学专业（020201K）、会计学专业（120203K）、财务管理专业（120204）、审计学专业（120207）                      研究生：财政学（二级学科，020203）、金融学（二级学科，020204）、会计学（二级学科，120201）、金融专业硕士（0251）、会计专业硕士（1253）、审计专业硕士（1257）,38周岁以下；学位：学士学位及以上,,,,,,,,
2026,事业单位,马鞍山市,市,,公益一类,,当涂县地方金融服务中心,1005011.0,专业技术岗,,社会科学专技类(B类),3,1,本科及以上,本科：金融学类（0203）、财政学专业（020201K）、会计学专业（120203K）、财务管理专业（120204）、审计学专业（120207）                      研究生：财政学（二级学科，020203）、金融学（二级学科，020204）、会计学（二级学科，120201）、金融专业硕士（0251）、会计专业硕士（1253）、审计专业硕士（1257）,38周岁以下；学位：学士学位及以上,,,,,,,,
2026,事业单位,马鞍山市,市,,公益一类,,当涂县城市管理综合行政执法大队,1005031.0,管理岗,,综合管理类(A类),3,1,本科及以上,本科：法学专业（030101K)           研究生：法学理论（二级学科，030101）、宪法学与行政法学（二级学科，030103）、法律专业硕士（0351）,38周岁以下；学位：学士学位及以上,,,,,,,,
2026,事业单位,马鞍山市,市,,公益一类,,当涂县城市管理综合行政执法大队,1005032.0,管理岗,,综合管理类(A类),3,1,本科及以上,本科：法学专业（030101K)           研究生：法学理论（二级学科，030101）、宪法学与行政法学（二级学科，030103）、法律专业硕士（0351）,38周岁以下；学位：学士学位及以上；需具有法律职业资格证书A类,,,,,,,,
2026,事业单位,马鞍山市,市,,公益一类,,当涂县城市管理综合行政执法大队,1005033.0,管理岗,定向招聘“服务基层项目”人员,综合管理类(A类),3,1,大专及以上,专业不限,38周岁以下,,,,,,,,
2026,事业单位,马鞍山市,市,,公益一类,,当涂县塘南镇事业单位,1005042.0,管理岗,,综合管理类(A类),3,1,本科及以上,专业不限,38周岁以下；学位：学士学位及以上,,,,,,,,
2026,事业单位,马鞍山市,市,,公益一类,,当涂县大公圩水利管理服务中心,1005023.0,专业技术岗,,自然科学专技类(C类),3,1,本科及以上,本科：水利类（0811）              研究生:水利工程（一级学科，0815）,38周岁以下；学位：学士学位及以上,,,,,,,,
2026,事业单位,马鞍山市,市,,公益一类,,当涂县大数据中心,1005035.0,专业技术岗,,自然科学专技类(C类),3,1,本科及以上,本科：计算机科学与技术专业（080901）、网络工程专业（080903）、信息安全专业（080904K）、数据科学与大数据技术专业（080910T）、网络空间安全专业（080911TK）            研究生：信息与通信工程（一级学科，0810）、计算机科学与技术（一级学科，0812）、网络空间安全（一级学科，0839）,38周岁以下；学位：学士学位及以上；需具有2年及以上工作经历,,,,,,,,
2026,事业单位,马鞍山市,市,,公益一类,,当涂县太白镇事业单位,1005038.0,专业技术岗,,社会科学专技类(B类),3,1,本科及以上,本科：中国语言文学类（0501）、新闻传播学类（0503）                  研究生：中国语言文学（一级学科，0501）、新闻传播学（一级学科，0503）、新闻与传播专业硕士（0552）,38周岁以下；学位：学士学位及以上,,,,,,,,
2026,事业单位,马鞍山市,市,,公益一类,,当涂县姑孰镇事业单位,1005036.0,管理岗,定向招聘“服务基层项目”人员,综合管理类(A类),3,1,大专及以上,专业不限,38周岁以下,,,,,,,,
2026,事业单位,马鞍山市,市,,公益一类,,当涂县姑孰镇事业单位,1005037.0,专业技术岗,,社会科学专技类(B类),3,1,本科及以上,"本科：经济学门类（02）、会计学专业（120203K）、财务管理专业（120204）                     研究生：应用经济学（一级学科,0202）、会计学（二级学科,120201）、会计专业硕士（1253）",38周岁以下；学位：学士学位及以上,,,,,,,,
2026,事业单位,马鞍山市,市,,公益一类,,当涂县姑孰镇卫生院,1005026.0,专业技术岗,,医疗卫生类(E类),3,1,本科及以上,本科：临床医学专业（100201K)、医学影像学专业（100203TK）            研究生：临床医学专业硕士（1051）,38周岁以下；需具有执业医师《医师执业证书》，执业范围为医学影像和放射治疗专业。,,,,,,,,
2026,事业单位,马鞍山市,市,,公益一类,,当涂县姑孰镇卫生院,1005027.0,专业技术岗,,医疗卫生类(E类),3,1,本科及以上,本科：中医学类（1005）            研究生：中医专业硕士（1057）,38周岁以下；学位：学士学位及以上；需具有执业医师《医师执业证书》，执业范围为中医专业。本岗位须从事针灸推拿工作。,,,,,,,,
2026,事业单位,马鞍山市,市,,公益一类,,当涂县姑孰镇卫生院,1005028.0,专业技术岗,,医疗卫生类(E类),3,1,本科及以上,本科：麻醉学专业（100202TK）      研究生：麻醉学专业硕士（105118）,38周岁以下；学位：学士学位及以上；未取得《医师资格证书》（临床类别），其报考学历符合《医师资格报名审核规定（2014版）》规定。,,,,,,,,
2026,事业单位,马鞍山市,市,,公益一类,,当涂县市场监管综合行政执法大队,1005030.0,专业技术岗,,自然科学专技类(C类),3,1,本科及以上,"本科：机械类（0802）、电气类（0806）                          研究生：机械工程(一级学科，0802）、电气工程（一级学科,0808）、机械专业硕士（0855）",38周岁以下；学位：学士学位及以上,,,,,,,,
2026,事业单位,马鞍山市,市,,公益一类,,当涂县护河镇事业单位,1005041.0,专业技术岗,,社会科学专技类(B类),3,1,本科及以上,"本科：法学类（0301）、管理学门类（12）                            研究生：法学（一级学科,0301）、法律专业硕士（0351）、管理学（12）",38周岁以下；学位：学士学位及以上,,,,,,,,
2026,事业单位,马鞍山市,市,,未分类,,当涂县机关事务管理中心,1005003.0,管理岗,,综合管理类(A类),3,1,本科及以上,专业不限,38周岁以下；学位：学士学位及以上,,,,,,,,
2026,事业单位,马鞍山市,市,,公益一类,,当涂县生态环境保护综合行政执法大队,1001020.0,专业技术岗,,自然科学专技类(C类),3,1,本科及以上,"本科：环境科学与工程类（0825）、法学类（0301）
研究生：环境科学与工程（一级学科，0830）、法学（一级学科，0301）、法律专业硕士（0351）",38周岁以下；学位：学士学位及以上；需在野外爬高监测,,,,,,,,
2026,事业单位,马鞍山市,市,,公益一类,,当涂县疾病预防控制中心,1005025.0,专业技术岗,,医疗卫生类(E类),3,1,本科及以上,本科：预防医学专业（100401K）     研究生：公共卫生专业硕士（1053）,38周岁以下；学位：学士学位及以上；未取得《医师资格证书》（公共卫生类别），其报考学历符合《医师资格报名审核规定（2014版）》规定。本岗位从事传染病调查处置工作。,,,,,,,,
2026,事业单位,马鞍山市,市,,公益一类,,当涂县石桥镇事业单位,1005040.0,专业技术岗,,自然科学专技类(C类),3,1,本科及以上,本科：理学门类（07）、工学门类（08）、农学门类（09）            研究生：理学（07）、工学（08）、农学（09）,38周岁以下；学位：学士学位及以上,,,,,,,,
2026,事业单位,马鞍山市,市,,公益一类,,当涂县社会保险费征缴管理中心,1005013.0,专业技术岗,定向招聘以普通高校毕业生身份入伍的退役士兵,社会科学专技类(B类),3,1,大专及以上,专业不限,38周岁以下,,,,,,,,
2026,事业单位,马鞍山市,市,,公益一类,,当涂县社会工作综合服务中心,1005008.0,管理岗,,综合管理类(A类),3,1,本科及以上,专业不限,38周岁以下；学位：学士学位及以上,,,,,,,,
2026,事业单位,马鞍山市,市,,公益一类,,当涂县科技创新与成果转化管理服务中心,1005009.0,专业技术岗,,自然科学专技类(C类),3,1,本科及以上,本科：工学门类（08）              研究生：工学（08）,38周岁以下；学位：学士学位及以上,,,,,,,,
2026,事业单位,马鞍山市,市,,公益一类,,当涂县网络安全应急指挥中心,1005006.0,管理岗,,综合管理类(A类),3,1,本科及以上,本科：新闻传播学类（0503）        研究生：新闻传播学（一级学科，0503）、新闻与传播专业硕士（0552）,38周岁以下；学位：学士学位及以上,,,,,,,,
2026,事业单位,马鞍山市,市,,公益一类,,当涂县网络安全应急指挥中心,1005007.0,管理岗,,综合管理类(A类),3,1,本科及以上,本科：计算机类（0809）            研究生：计算机科学与技术（一级学科，0812）、网络空间安全（一级学科，0839）,38周岁以下；学位：学士学位及以上,,,,,,,,
2026,事业单位,马鞍山市,市,,公益二类,,当涂县融媒体中心,1005002.0,专业技术岗,,自然科学专技类(C类),3,1,本科及以上,本科：计算机科学与技术专业(080901)、网络工程专业(080903)、信息安全专业(080904K)、数字媒体技术专业(080906)、网络空间安全专业(080911TK)、新媒体技术专业(080912T)、电子信息工程专业(080701)、通信工程专业（080703）、广播电视工程专业（080707T）                       研究生：计算机科学与技术(一级学科，0812)、网络空间安全(一级学科，0839)、通信与信息系统（二级学科，081001）、电子信息专业硕士(0854),38周岁以下；学位：学士学位及以上,,,,,,,,
2026,事业单位,马鞍山市,市,,公益一类,,当涂县道路运输管理服务中心,1005019.0,管理岗,,综合管理类(A类),3,1,本科及以上,本科:交通运输类(0818)             研究生:交通运输工程(一级学科，0823)、交通运输专业硕士(0861),38周岁以下；学位：学士学位及以上,,,,,,,,
2026,事业单位,马鞍山市,市,,公益一类,,当涂县重点工程建设管理中心,1005001.0,专业技术岗,,自然科学专技类(C类),3,1,本科及以上,"本科：土木工程专业（081001）、建筑环境与能源应用工程专业（081002）、给排水科学与工程专业（081003）、建筑电气与智能化专业（081004）、城市地下空间工程专业（081005T)、水利
水电工程专业（081101）、工程管理专业（120103）                      研究生：土木工程（一级学科，0814）、水利工程（一级学科，0815）、城市规划与设计（二级学科，081303）、市政工程（二级学科，081403）、土木水利专业硕士（0859）、工程管理专业硕士（1256）",38周岁以下；学位：学士学位及以上,,,,,,,,
2026,事业单位,马鞍山市,市,,未分类,,当涂县青山景区管理处,1005004.0,专业技术岗,,自然科学专技类(C类),3,1,本科及以上,本科：土木类（0810）  研究生：土木工程（一级学科，0814）、土木水利专业硕士（0859）,38周岁以下；学位：学士学位及以上,,,,,,,,
2026,事业单位,马鞍山市,市,,公益一类,,当涂县黄池自然资源和规划管理所,1005020.0,专业技术岗,,自然科学专技类(C类),3,1,本科及以上,本科：地理科学类（0705）、计算机类（0809）、建筑类（0828）          研究生：地理学（一级学科，0705）、信息与通信工程（一级学科，0810）、计算机科学与技术（一级学科，0812）、城乡规划学（一级学科，0833）、网络空间安全（一级学科，0839）、建筑专业硕士（0851）、城乡规划专业硕士（0853）,38周岁以下；学位：学士学位及以上,,,,,,,,
2026,事业单位,马鞍山市,市,,公益一类,,当涂县黄池镇事业单位,1005039.0,专业技术岗,,社会科学专技类(B类),3,1,本科及以上,"本科：中国语言文学类（0501）、新闻传播学类（0503）、电子商务类（1208）                          研究生：中国语言文学（一级学科，0501）、新闻传播学（一级学科,0503）、新闻与传播专业硕士（0552）",38周岁以下；学位：学士学位及以上,,,,,,,,
2026,事业单位,马鞍山市,市,,公益一类,,当涂县黄池镇卫生院,1005029.0,专业技术岗,,医疗卫生类(E类),3,1,本科及以上,本科：临床医学专业（100201K)、医学影像学专业（100203TK）            研究生：临床医学专业硕士（1051）,38周岁以下；未取得《医师资格证书》（临床类别），其报考学历符合《医师资格报名审核规定（2014版）》规定。已取得《医师执业证书》，执业范围为医学影像和放射治疗专业。,,,,,,,,
2026,事业单位,马鞍山市,市,,公益一类,,昭关镇人民政府,1007081.0,管理岗,定向招聘服务基层项目人员,综合管理类(A类),3,1,本科及以上,专业不限,38周岁以下,,,,,,,,
2026,事业单位,马鞍山市,市,,公益一类,,昭关镇人民政府,1007082.0,专业技术岗,,自然科学专技类(C类),3,1,本科及以上,"本科：土地整治工程专业（082306T）、林学类（0905）、土地资源管理专业（120404）
研究生：林学（一级学科，0907）、林业专业硕士（0954）、土地资源管理（二级学科，120405）",38周岁以下；学位：学士学位及以上,,,,,,,,
2026,事业单位,马鞍山市,市,,公益一类,,林头镇人民政府,1007079.0,专业技术岗,,社会科学专技类(B类),3,1,本科及以上,"本科：会计学专业（120203K）、会计专业、财务管理专业（120204）
研究生： 会计学（二级学科，120201）、会计专业硕士（1253）、企业管理（二级学科，120202）",38周岁以下；学位：学士学位及以上,,,,,,,,
2026,事业单位,马鞍山市,市,,未分类,,横山景区管理处（横山林场）,1004001.0,专业技术岗,,自然科学专技类(C类),3,1,本科及以上,"本科：林学类（0905）
研究生：林学（一级学科，0907）、林业专业硕士（0954）",38周岁以下；学位：学士学位及以上；该岗位需要参与森林防火、夜间巡查,,,,,,,,
2026,事业单位,马鞍山市,市,,公益一类,,清溪镇人民政府,1007083.0,专业技术岗,,自然科学专技类(C类),3,1,本科及以上,"本科：计算机类（0809）、土木类（0810）、水利类（0811）、农业工程类（0823）、建筑类（0828）、会计学专业（120203K）、会计专业
研究生：计算机科学与技术（一级学科，0812）、土木工程（一级学科，0814）、水利工程（一级学科，0815）、农业工程（一级学科，0828）、建筑学（一级学科，0813）、建筑专业硕士（0851）、会计学（二级学科，120201）、会计专业硕士（1253）",38周岁以下；学位：学士学位及以上,,,,,,,,
2026,事业单位,马鞍山市,市,,公益一类,,清溪镇人民政府,1007084.0,管理岗,定向招聘服务基层项目人员,综合管理类(A类),3,1,本科及以上,专业不限,38周岁以下；学位：学士学位及以上,,,,,,,,
2026,事业单位,马鞍山市,市,,公益一类,,环峰镇人民政府,1007075.0,专业技术岗,,社会科学专技类(B类),3,1,本科及以上,"本科：会计学专业（120203K）、会计专业、财务管理专业（120204）
研究生： 会计学（二级学科，120201）、会计专业硕士（1253）、企业管理（二级学科，120202）",38周岁以下；学位：学士学位及以上,,,,,,,,
2026,事业单位,马鞍山市,市,,公益一类,,环峰镇人民政府,1007076.0,管理岗,定向招聘服务基层项目人员,综合管理类(A类),3,1,本科及以上,专业不限,38周岁以下；学位：学士学位及以上,,,,,,,,
2026,事业单位,马鞍山市,市,,公益一类,,环峰镇人民政府,1007077.0,专业技术岗,,自然科学专技类(C类),3,1,本科及以上,"本科：水利水电工程专业（081101）、农业水利工程专业（082305）
研究生：水利工程（一级学科，0815 ）",38周岁以下；学位：学士学位及以上,,,,,,,,
2026,事业单位,马鞍山市,市,,公益一类,,环峰镇人民政府,1007078.0,管理岗,,综合管理类(A类),3,1,本科及以上,"本科：人力资源管理专业（120206）、劳动与社会保障专业（120403）
研究生：企业管理（二级学科，120202）、社会保障（二级学科，120404）",38周岁以下；学位：学士学位及以上,,,,,,,,
2026,事业单位,马鞍山市,市,,公益一类,,白桥镇下属事业单位,1001066.0,专业技术岗,,自然科学专技类(C类),3,1,本科及以上,"本科：中国语言文学类（0501）、新闻传播学类（0503）
研究生：中国语言文学（一级学科，0501）、新闻传播学（一级学科，0503）、新闻与传播专业硕士（0552）",38周岁以下，硕士以上研究生、副高级及以上职称可放宽至40周岁以下；学位：学士学位及以上,,,,,,,,
2026,事业单位,马鞍山市,市,,公益一类,,白桥镇下属事业单位,1001067.0,专业技术岗,定向招聘以普通高校毕业生身份入伍的退役士兵,自然科学专技类(C类),3,1,大专及以上,专业不限,38周岁以下，硕士以上研究生、副高级及以上职称可放宽至40周岁以下,,,,,,,,
2026,事业单位,马鞍山市,市,,公益一类,,白桥镇下属事业单位,1001068.0,管理岗,,综合管理类(A类),3,1,本科及以上,"本科：交通运输专业（081801）、交通工程专业（081802）、城乡规划专业（082802）、环境科学与工程类（0825）、安全科学与工程类（0829）
研究生：交通运输工程（一级学科，0823）、交通运输专业硕士（0861）、城乡规划学（一级学科，0833）、城乡规划专业硕士（0853）、环境科学与工程（一级学科，0830）、资源与环境专业硕士（0857）、安全科学与工程（一级学科，0837）",38周岁以下，硕士以上研究生、副高级及以上职称可放宽至40周岁以下；学位：学士学位及以上,,,,,,,,
2026,事业单位,马鞍山市,市,,公益一类,,白桥镇下属事业单位,1001069.0,管理岗,,综合管理类(A类),3,1,本科及以上,"本科：电子信息类（0807）、计算机类（0809）
研究生：电子科学与技术（一级学科，0809）、信息与通信工程（一级学科，0810）、电子信息专业硕士（0854）、计算机科学与技术（一级学科，0812）",38周岁以下，硕士以上研究生、副高级及以上职称可放宽至40周岁以下；学位：学士学位及以上,,,,,,,,
2026,事业单位,马鞍山市,市,,公益一类,,白桥镇下属事业单位,1001070.0,管理岗,,综合管理类(A类),3,1,本科及以上,"本科：管理科学与工程类（1201）、农业经济管理类（1203）
研究生：管理科学与工程（一级学科，1201）、工程管理专业硕士（1256）、农林经济管理（一级学科，1203）",38周岁以下，硕士以上研究生、副高级及以上职称可放宽至40周岁以下；学位：学士学位及以上,,,,,,,,
2026,事业单位,马鞍山市,市,,公益二类,,花山区人民医院,1002004.0,专业技术岗,,医疗卫生类(E类),3,1,本科及以上,"本科：临床医学专业（100201K）
研究生：内科学（二级学科100201）、儿科学（二级学科100202）、 眼科学 （二级学科100212）、康复医学与理疗学 （二级学科100215 ）",38周岁以下，硕士以上研究生、副高级及以上职称可放宽至40周岁以下；学位：学士学位及以上；需取得执业医师资格，以研究生学历报考者本科专业须为临床医学专业,,,,,,,,
2026,事业单位,马鞍山市,市,,公益一类,,花山区住房管理服务中心,1002002.0,专业技术岗,定向招聘以普通高校毕业生身份入伍的退役士兵,自然科学专技类(C类),3,1,本科及以上,专业不限,38周岁以下；学位：学士学位及以上,,,,,,,,
2026,事业单位,马鞍山市,市,,公益一类,,花山区住房管理服务中心,1002003.0,专业技术岗,,自然科学专技类(C类),3,1,本科及以上,"
本科：土木工程专业（081001）
研究生：结构工程（二级学科081402)
、市政工程（二级学科081403）






",38周岁以下；学位：学士学位及以上；具有二级建造师（建筑工程专业）及以上职业资格等级证书,,,,,,,,
2026,事业单位,马鞍山市,市,,公益一类,,花山区国库集中支付中心,1002001.0,专业技术岗,,社会科学专技类(B类),3,1,本科及以上,"本科：财政学类（0202）、金融学专业（020301K）、金融工程专业（020302）、会计学专业（120203K）、会计专业
研究生：财政学（二级学科020203）、金融学（二级学科020204）、会计学（二级学科120201）、金融专业硕士（0251）、税务专业硕士（0253）、会计专业硕士（1253）",38周岁以下；学位：学士学位及以上,,,,,,,,
2026,事业单位,马鞍山市,市,,未分类,,花山区桃源路街道党群服务中心,1002006.0,专业技术岗,,社会科学专技类(B类),3,1,本科及以上,"本科：会计学专业（120203K）
研究生：会计学（二级学科120201）、会计专业硕士（1253）",38周岁以下；学位：学士学位及以上；具有初级及以上会计专业技术资格证书,,,,,,,,
2026,事业单位,马鞍山市,市,,公益一类,,花山区消费维权服务中心,1002005.0,管理岗,,综合管理类(A类),3,1,本科及以上,本科：法学类(0301，不含特设专业)、法律专业                                           研究生：法学(一级学科0301)，法律专业硕士（0351）,38周岁以下；学位：学士学位及以上,,,,,,,,
2026,事业单位,马鞍山市,市,,未分类,,花山区湖东路街道党群服务中心,1002007.0,专业技术岗,,社会科学专技类(B类),3,1,本科及以上,"本科：会计学专业（120203K）
研究生：会计学（二级学科120201）、会计专业硕士（1253）",38周岁以下；学位：学士学位及以上,,,,,,,,
2026,事业单位,马鞍山市,市,,公益一类,,运漕镇人民政府,1007080.0,专业技术岗,,社会科学专技类(B类),3,1,本科及以上,本科：新闻传播学类（0503）、土木类（0810）、建筑类（0828）、工程管理专业（120103）、工程造价专业（120105）、工程审计专业（120109T）、旅游管理专业（120901K）                                                                                                              研究生：新闻传播学（一级学科，0503）、新闻与传播专业硕士（0552）、土木工程（一级学科，0814）、建筑学（一级学科，0813）、建筑专业硕士（0851）、工程管理专业硕士（1256）、审计专业硕士（1257）、旅游管理（二级学科、120203）、旅游管理专业硕士（1254）,38周岁以下；学位：学士学位及以上,,,,,,,,
2026,事业单位,马鞍山市,市,,公益一类,,铜闸镇人民政府,1007088.0,专业技术岗,,自然科学专技类(C类),3,1,本科及以上,"本科：水利水电工程专业（081101）、建筑学专业（082801）
研究生：水利工程（一级学科，0815）、建筑学（一级学科，0813）、建筑专业硕士（0851）",38周岁以下；学位：学士学位及以上；定向安排在综合行政执法大队从事综合执法工作,,,,,,,,
2026,事业单位,马鞍山市,市,,公益一类,,陶厂镇人民政府,1007085.0,管理岗,,综合管理类(A类),3,1,本科及以上,本科：管理科学与工程类（1201）                                                                                  研究生：管理科学与工程专业（一级学科，1201）,38周岁以下；学位：学士学位及以上,,,,,,,,
2026,事业单位,马鞍山市,市,,公益一类,,陶厂镇人民政府,1007086.0,管理岗,,综合管理类(A类),3,1,本科及以上,本科：旅游管理类（1209）、农学门类（09）                                                                                              研究生：旅游管理（二级学科，120203）、旅游管理专业硕士（1254）、农学（09）,38周岁以下；学位：学士学位及以上,,,,,,,,
2026,事业单位,马鞍山市,市,,公益一类,,陶厂镇人民政府,1007087.0,管理岗,定向招聘服务基层项目人员,综合管理类(A类),3,1,本科及以上,专业不限,38周岁以下；学位：学士学位及以上,,,,,,,,
2026,事业单位,马鞍山市,市,,公益二类,,雨山区人民医院,1003005.0,专业技术岗,,医疗卫生类(E类),3,2,本科及以上,"本科：临床医学专业（100201K）
研究生：内科学（二级学科，100201）、老年医学（二级学科，100203）、外科学（二级学科，100210）、内科学专业硕士（105101）、老年医学专业硕士（105103）、全科医学专业硕士（105109）、外科学专业硕士（105111）",38周岁以下；学位：学士学位及以上；须取得执业医师资格，执业类别为临床,,,,,,,,
2026,事业单位,马鞍山市,市,,公益二类,,雨山区人民医院,1003006.0,专业技术岗,,医疗卫生类(E类),3,1,本科及以上,"本科：临床医学专业（100201K）
研究生：康复医学与理疗学（二级学科，100215）、康复医学与理疗学专业硕士（105110）",38周岁以下；学位：学士学位及以上；须取得执业医师资格，执业类别为临床，执业范围为康复医学专业,,,,,,,,
2026,事业单位,马鞍山市,市,,公益二类,,雨山区人民医院,1003007.0,专业技术岗,,医疗卫生类(E类),3,1,本科及以上,"本科：医学影像学专业（100203TK）
研究生：影像医学与核医学（二级学科，100207）、放射影像学专业硕士（105123）",38周岁以下；学位：学士学位及以上；须取得执业医师资格，执业类别为临床，执业范围为医学影像和放射治疗专业,,,,,,,,
2026,事业单位,马鞍山市,市,,公益一类,,雨山区佳山乡农业农村综合服务中心,1003016.0,专业技术岗,定向招聘“服务基层项目”人员,社会科学专技类(B类),3,1,本科及以上,专业不限,38周岁以下；学位：学士学位及以上,,,,,,,,
2026,事业单位,马鞍山市,市,,公益一类,,雨山区佳山乡卫生院,1003010.0,专业技术岗,,医疗卫生类(E类),3,1,本科及以上,"本科： 针灸推拿学专业（100502K）
研究生：针灸推拿学（二级学科，100512）、针灸专业硕士（1059）",38周岁以下；学位：学士学位及以上；须取得执业医师资格，执业类别为中医,,,,,,,,
2026,事业单位,马鞍山市,市,,公益一类,,雨山区佳山乡卫生院,1003011.0,专业技术岗,,医疗卫生类(E类),3,1,本科及以上,"本科：临床医学专业（100201K）
研究生：内科学（二级学科，100201）、儿科学（二级学科，100202）、老年医学（二级学科，100203）、外科学（二级学科，100210）、康复医学与理疗学（二级学科，100215）、内科学专业硕士（105101）、儿科学专业硕士（105102）、老年医学专业硕士（105103）、全科医学专业硕士（105109）、康复医学与理疗学专业硕士（105110）、外科学专业硕士（105111）",38周岁以下；学位：学士学位及以上；须取得执业医师资格，执业类别为临床,,,,,,,,
2026,事业单位,马鞍山市,市,,公益一类,,雨山区向山镇卫生院,1003008.0,专业技术岗,,医疗卫生类(E类),3,1,本科及以上,"本科：临床医学专业（100201K）
研究生：内科学（二级学科，100201）、儿科学（二级学科，100202）、老年医学（二级学科，100203）、外科学（二级学科，100210）、康复医学与理疗学（二级学科，100215）、内科学专业硕士（105101）、儿科学专业硕士（105102）、老年医学专业硕士（105103）、全科医学专业硕士（105109）、康复医学与理疗学专业硕士（105110）、外科学专业硕士（105111）",38周岁以下；学位：学士学位及以上；须取得执业医师资格，执业类别为临床,,,,,,,,
2026,事业单位,马鞍山市,市,,公益一类,,雨山区向山镇卫生院,1003009.0,专业技术岗,,医疗卫生类(E类),3,1,本科及以上,"本科：中医学专业（100501K）
研究生：中医学（一级学科，1005）、中医专业硕士（1057）",38周岁以下；学位：学士学位及以上；须取得执业医师资格，执业类别为中医，执业范围为中医专业,,,,,,,,
2026,事业单位,马鞍山市,市,,未分类,,雨山区向山镇村镇建设综合服务中心,1003014.0,专业技术岗,,自然科学专技类(C类),3,1,本科及以上,"本科：土木类（0810）、建筑类（0828）
研究生：建筑学（一级学科，0813）、土木工程（一级学科，0814）、城乡规划学（一级学科，0833）、建筑专业硕士（0851）、城乡规划专业硕士（0853）、土木水利专业硕士（0859）",38周岁以下；学位：学士学位及以上；本岗位主要从事工程管理工作，需经常深入施工现场,,,,,,,,
2026,事业单位,马鞍山市,市,,未分类,,雨山区向山镇村镇建设综合服务中心,1003015.0,管理岗,定向招聘“服务基层项目”人员,综合管理类(A类),3,1,本科及以上,专业不限,38周岁以下；学位：学士学位及以上；中共党员，本岗位主要从事党务工作,,,,,,,,
2026,事业单位,马鞍山市,市,,未分类,,雨山区平湖街道党群服务中心,1003013.0,管理岗,定向招聘以普通高校毕业生身份入伍的退役士兵,综合管理类(A类),3,1,本科及以上,专业不限,38周岁以下；学位：学士学位及以上,,,,,,,,
2026,事业单位,马鞍山市,市,,公益一类,,雨山区粮食民生项目服务中心,1003002.0,管理岗,,综合管理类(A类),3,1,本科及以上,"本科：经济学门类（02）、能源动力类（0805）、化学工程与工艺专业（081301）、能源化学工程专业（081304T）、化学工程与工业生物工程专业（081305T）、环境科学与工程类 （0825）、粮食工程专业 （082703）
研究生：经济学门类（02）、动力工程及工程热物理（一级学科，0807）、化学工程与技术（一级学科，0817）、环境科学与工程（一级学科，0830）、粮食、油脂及植物蛋白工程 （二级学科，083202）、化学工程专业硕士（085602）、环境工程专业硕士（085701）、能源动力专业硕士（0858）",38周岁以下；学位：学士学位及以上,,,,,,,,
2026,事业单位,马鞍山市,市,,公益一类,,雨山区经济责任审计中心,1003003.0,专业技术岗,,社会科学专技类(B类),3,1,本科及以上,"本科：会计学专业（120203K）、财务管理专业（120204）、审计学专业（120207）
研究生：会计学（二级学科，120201）、企业管理（财务管理）（二级学科、120202）、会计专业硕士（1253）、审计专业硕士（1257）",38周岁以下；学位：学士学位及以上,,,,,,,,
2026,事业单位,马鞍山市,市,,公益一类,,雨山区统计局普查中心,1003004.0,专业技术岗,,社会科学专技类(B类),3,1,本科及以上,"本科：经济学门类（02）、数学类（0701）、统计学类（0712）、会计学专业（120203K）
研究生：经济学门类（02）、数学（一级学科，0701）、统计学（一级学科，0714）、会计学（二级学科，120201）、会计专业硕士（1253）",38周岁以下；学位：学士学位及以上；本岗位主要从事统计数据综合核算和数据分析工作，需经常加班,,,,,,,,
2026,事业单位,马鞍山市,市,,公益一类,,雨山区网络安全应急指挥中心,1003001.0,专业技术岗,,社会科学专技类(B类),3,1,本科及以上,"本科：新闻传播学类（0503）
研究生：新闻传播学（一级学科，0503）、新闻与传播专业硕士（0552）",38周岁以下；学位：学士学位及以上；中共党员，本岗位需经常加班和值班,,,,,,,,
2026,事业单位,马鞍山市,市,,未分类,,雨山区雨山街道党群服务中心,1003012.0,管理岗,,综合管理类(A类),3,1,本科及以上,"本科：土木类（0810）、建筑类（0828）
研究生：建筑学（一级学科，0813）、土木工程（一级学科，0814）、城乡规划学（一级学科，0833）、建筑专业硕士（0851）、城乡规划专业硕士（0853）、土木水利专业硕士（0859）",38周岁以下；学位：学士学位及以上,,,,,,,,
2026,事业单位,马鞍山市,市,,公益一类,,马鞍山市不动产登记中心,1001015.0,专业技术岗,,自然科学专技类(C类),3,1,本科及以上,"本科：计算机类（0809）、测绘类（0812）、地理信息科学专业（070504）、土地资源管理专业（120404）、自然资源登记与管理专业（120417T）
研究生：计算机科学与技术（一级学科，0812）、测绘科学与技术（一级学科，0816）、地图学与地理信息系统（二级学科，070503）、土地资源管理（二级学科，120405）",38周岁以下；学位：学士学位及以上,,,,,,,,
2026,事业单位,马鞍山市,市,,公益一类,,马鞍山市中心血站,1001049.0,专业技术岗,,自然科学专技类(C类),3,1,本科及以上,"本科：计算机科学与技术专业（080901）、软件工程专业（080902）、网络空间安全专业（080911TK）
研究生：网络空间安全（二级学科，083900）、计算机技术专业硕士（085404）、软件工程专业硕士（085405）",38周岁以下；学位：学士学位及以上,,,,,,,,
2026,事业单位,马鞍山市,市,,公益一类,,马鞍山市交通运输综合行政执法支队,1001038.0,专业技术岗,,自然科学专技类(C类),3,1,本科及以上,"本科：交通运输类（0818）
研究生：交通运输专业硕士（0861）",38周岁以下，硕士以上研究生、副高级及以上职称可放宽至40周岁以下；学位：学士学位及以上；一线执法，需经常周末加班、值夜班,,,,,,,,
2026,事业单位,马鞍山市,市,,公益一类,,马鞍山市交通运输综合行政执法支队,1001039.0,专业技术岗,定向招聘服务基层项目人员,自然科学专技类(C类),3,1,本科及以上,专业不限,38周岁以下，硕士以上研究生、副高级及以上职称可放宽至40周岁以下,,,,,,,,
2026,事业单位,马鞍山市,市,,公益二类,,马鞍山市产品质量监督检验所,1001058.0,专业技术岗,,自然科学专技类(C类),3,1,研究生及以上,机械工程（一级学科，0802）、材料加工工程（二级学科，080503）,38周岁以下，博士研究生、副高级及以上职称可放宽至40周岁以下；学位：硕士学位及以上；需经常出差外地检测,,,,,,,,
2026,事业单位,马鞍山市,市,,公益一类,,马鞍山市人才综合服务中心（市公共就业服务中心）,1001011.0,专业技术岗,,社会科学专技类(B类),3,1,本科及以上,"本科：汉语言文学专业（050101）、新闻学专业（050301）、网络与新媒体专业（050306T)
研究生：中国语言文学（一级学科，0501）、新闻传播学（一级学科，0503）、新闻与传播专业硕士（0552）",38周岁以下；学位：学士学位及以上,,,,,,,,
2026,事业单位,马鞍山市,市,,公益一类,,马鞍山市人民政府机关幼儿园,1001006.0,专业技术岗,,社会科学专技类(B类),3,1,本科及以上,"本科：会计学专业（120203K）
研究生：会计学（二级学科，120201）、会计专业硕士（1253）",38周岁以下；学位：学士学位及以上,,,,,,,,
2026,事业单位,马鞍山市,市,,公益一类,,马鞍山市住房保障和房地产开发管理中心,1001029.0,专业技术岗,,自然科学专技类(C类),3,1,本科及以上,"本科：土木工程专业（081001）、建筑类（0828）
研究生：建筑学（一级学科，0813）、土木工程（一级学科，0814）",38周岁以下；学位：学士学位及以上；具有2年及以上工作经历；需查看施工现场，经常加班,,,,,,,,
2026,事业单位,马鞍山市,市,,公益一类,,马鞍山市住房保障和房地产开发管理中心,1001030.0,管理岗,定向招聘以普通高校毕业生身份入伍的退役士兵,综合管理类(A类),3,1,本科及以上,专业不限,38周岁以下；学位：学士学位及以上,,,,,,,,
2026,事业单位,马鞍山市,市,,未分类,,马鞍山市住房公积金管理中心,1001072.0,专业技术岗,,社会科学专技类(B类),3,1,研究生及以上,计算机科学与技术（一级学科，0812）、软件工程（一级学科，0835）、网络空间安全（一级学科，0839）,40周岁以下；学位：硕士学位及以上,,,,,,,,
2026,事业单位,马鞍山市,市,,未分类,,马鞍山市住房公积金管理中心,1001073.0,专业技术岗,,社会科学专技类(B类),3,1,本科及以上,"本科：法学专业（030101K）
研究生：法学（一级学科，0301）",38周岁以下，硕士以上研究生、副高级及以上职称可放宽至40周岁以下；学位：学士学位及以上,,,,,,,,
2026,事业单位,马鞍山市,市,,公益一类,,马鞍山市保健管理中心,1001048.0,专业技术岗,,社会科学专技类(B类),3,1,研究生及以上,会计学（二级学科，120201）、会计专业硕士（1253）,38周岁以下，博士研究生、副高级及以上职称可放宽至40周岁以下；学位：硕士学位及以上,,,,,,,,
2026,事业单位,马鞍山市,市,,公益一类,,马鞍山市公路管理服务中心,1001040.0,专业技术岗,,自然科学专技类(C类),3,3,本科及以上,"本科：交通工程专业（081802）、道路桥梁与渡河工程专业（081006T）
研究生：道路与铁道工程（二级学科，082301）、桥梁与隧道工程（二级学科，081406）",38周岁以下，硕士以上研究生、副高级及以上职称可放宽至40周岁以下；学位：学士学位及以上,,,,,,,,
2026,事业单位,马鞍山市,市,,公益一类,,马鞍山市农产品质量安全管理中心,1001043.0,专业技术岗,,自然科学专技类(C类),3,1,本科及以上,"本科：生物技术专业（071002）、食品科学与工程类（0827）
研究生：生物学（一级学科，0710）、食品科学与工程（一级学科，0832）",38周岁以下，硕士以上研究生、副高级及以上职称可放宽至40周岁以下；学位：学士学位及以上,,,,,,,,
2026,事业单位,马鞍山市,市,,公益一类,,马鞍山市博望自然资源和规划管理所,1001017.0,专业技术岗,,自然科学专技类(C类),3,1,本科及以上,"本科：土木工程专业（081001）、地质工程专业（081401）、土地资源管理专业（120404）
研究生：土木工程（一级学科，0814）、地质工程专业（二级学科，081803）、土地资源管理（二级学科，120405）",38周岁以下；学位：学士学位及以上,,,,,,,,
2026,事业单位,马鞍山市,市,,公益一类,,马鞍山市博物馆,1001045.0,专业技术岗,,社会科学专技类(B类),3,1,本科及以上,"本科：传播学专业（050304）
研究生：传播学（二级学科，050302）",38周岁以下；学位：学士学位及以上；具有1年及以上文案编辑或视频制作或公众号平台运营工作经历,,,,,,,,
2026,事业单位,马鞍山市,市,,公益一类,,马鞍山市国库集中支付中心,1001009.0,专业技术岗,,社会科学专技类(B类),3,1,本科及以上,"本科：经济学门类（02）、会计学专业（120203K）、财务管理专业（120204）、审计学专业（120207）、资产评估专业（120208）
研究生：应用经济学（一级学科，0202）、金融专业硕士（0251）、应用统计专业硕士（0252）、税务专业硕士（0253）、资产评估专业硕士（0256）、会计学（二级学科，120201）、会计专业硕士（1253）、审计专业硕士（1257）",38周岁以下；学位：学士学位及以上,,,,,,,,
2026,事业单位,马鞍山市,市,,公益一类,,马鞍山市图书馆,1001046.0,专业技术岗,,社会科学专技类(B类),3,1,本科及以上,"本科：古典文献学专业（050105）、社会学专业（030301）
研究生：历史文献学（二级学科，060104）、中国古典文献学（二级学科，050104）、社会学（二级学科，030301）",38周岁以下，硕士以上研究生可放宽至40周岁以下；学位：学士学位及以上,,,,,,,,
2026,事业单位,马鞍山市,市,,公益一类,,马鞍山市图书馆,1001047.0,专业技术岗,定向招聘驻马部队随军家属,社会科学专技类(B类),3,1,大专及以上,专业不限,40周岁以下，特殊情况可放宽到45周岁,,,,,,,,
2026,事业单位,马鞍山市,市,,公益一类,,马鞍山市土地储备中心,1001014.0,专业技术岗,,社会科学专技类(B类),3,1,本科及以上,"本科：经济学类（0201）、财务管理专业（120204）、人力资源管理专业（120206）、土地资源管理专业（120404）
研究生：理论经济学（一级学科，0201）、土地资源管理（二级学科，120405）",38周岁以下；学位：学士学位及以上,,,,,,,,
2026,事业单位,马鞍山市,市,,公益一类,,马鞍山市城市建设档案馆（市城市地下管线建设管理服务中心）,1001034.0,专业技术岗,,社会科学专技类(B类),3,1,本科及以上,"本科：图书情报与档案管理类（1205）
研究生：信息资源管理（一级学科，1205）、图书情报专业硕士（1255）",38周岁以下；学位：学士学位及以上,,,,,,,,
2026,事业单位,马鞍山市,市,,公益一类,,马鞍山市城市更新发展服务中心,1001035.0,管理岗,,综合管理类(A类),3,1,本科及以上,"本科：法学门类（03）、文学门类（05）
研究生：法学（03）、文学（05）",38周岁以下；学位：学士学位及以上,,,,,,,,
2026,事业单位,马鞍山市,市,,公益一类,,马鞍山市宁马省际毗邻地区新型功能区发展服务中心,1001071.0,管理岗,,综合管理类(A类),3,1,本科及以上,"本科：马克思主义理论类（0305）
研究生：马克思主义理论（一级学科，0305）",38周岁以下，硕士以上研究生、副高级及以上职称可放宽至40周岁以下；学位：学士学位及以上；中共党员,,,,,,,,
2026,事业单位,马鞍山市,市,,公益二类,,马鞍山市工人文化宫,1001078.0,专业技术岗,,社会科学专技类(B类),3,1,本科及以上,"本科：设计学类（1305）
研究生：设计专业硕士（1357）、设计艺术学（二级学科，050404）",38周岁以下；学位：学士学位及以上,,,,,,,,
2026,事业单位,马鞍山市,市,,公益二类,,马鞍山市工人文化宫,1001079.0,专业技术岗,,社会科学专技类(B类),3,1,本科及以上,"本科：音乐与舞蹈学类（1302）
研究生：音乐专业硕士（1352）、舞蹈专业硕士（1353）、音乐学（二级学科，050402）、舞蹈学（二级学科，050408）",38周岁以下；学位：学士学位及以上,,,,,,,,
2026,事业单位,马鞍山市,市,,公益一类,,马鞍山市市场监管综合行政执法支队,1001051.0,专业技术岗,,社会科学专技类(B类),3,1,本科及以上,"本科：法学类（0301）
研究生：法学（一级学科，0301）",38周岁以下，硕士以上研究生、副高级及以上职称可放宽至40周岁以下；学位：学士学位及以上；录用后赴博望大队工作,,,,,,,,
2026,事业单位,马鞍山市,市,,公益一类,,马鞍山市市场监管综合行政执法支队,1001052.0,专业技术岗,定向招聘服务基层项目人员,社会科学专技类(B类),3,1,本科及以上,"本科：法学类（0301）
研究生：法学（一级学科，0301）",38周岁以下，硕士以上研究生、副高级及以上职称可放宽至40周岁以下；学位：学士学位及以上；录用后赴博望大队工作,,,,,,,,
2026,事业单位,马鞍山市,市,,公益一类,,马鞍山市市政管理处,1001031.0,专业技术岗,,自然科学专技类(C类),3,1,本科及以上,"本科：电气工程及其自动化专业（080601）、土木工程专业（081001）、给排水科学与工程专业（081003）、道路桥梁与渡河工程专业（081006T）、工程管理专业（120103）、工程造价专业（120105）
研究生：市政工程（二级学科，081403）、管理科学与工程（一级学科，1201）",38周岁以下；学位：学士学位及以上；具有2年及以上工作经历,,,,,,,,
2026,事业单位,马鞍山市,市,,公益一类,,马鞍山市应急指挥中心,1001050.0,专业技术岗,,自然科学专技类(C类),3,1,本科及以上,"本科：电子信息工程专业（080701）、电子科学与技术专业（080702）、通信工程专业（080703）、光电信息科学与工程专业（080705）、电子信息科学与技术专业（080714T）
研究生：信息与通信工程（一级学科，0810）",38周岁以下；学位：学士学位及以上；需参加值班值守工作,,,,,,,,
2026,事业单位,马鞍山市,市,,公益一类,,马鞍山市建筑管理处,1001021.0,专业技术岗,,社会科学专技类(B类),3,1,本科及以上,"本科：法学专业（030101K）
研究生：宪法学与行政法学（二级学科，030103）",38周岁以下；学位：学士学位及以上,,,,,,,,
2026,事业单位,马鞍山市,市,,公益一类,,马鞍山市建筑管理处,1001022.0,专业技术岗,定向招聘服务基层项目人员,自然科学专技类(C类),3,1,本科及以上,专业不限,38周岁以下；学位：学士学位及以上,,,,,,,,
2026,事业单位,马鞍山市,市,,公益一类,,马鞍山市建筑管理处,1001023.0,专业技术岗,,自然科学专技类(C类),3,1,本科及以上,"本科：土木工程专业（081001）、安全工程专业（082901）、工程管理专业（120103）
研究生：土木工程（一级学科，0814）",38周岁以下；学位：学士学位及以上,,,,,,,,
2026,事业单位,马鞍山市,市,,公益一类,,马鞍山市建设工程消防监督管理服务中心,1001027.0,专业技术岗,,自然科学专技类(C类),3,1,本科及以上,本科：建筑电气与智能化专业（081004）、电气工程及其自动化专业（080601）、消防工程专业（083102K）、安全工程专业（082901）                                                                                                               研究生：电气工程（一级学科，0808）,38周岁以下；学位：学士学位及以上,,,,,,,,
2026,事业单位,马鞍山市,市,,公益一类,,马鞍山市建设工程监督站（市建筑工程施工安全文明监察站）,1001024.0,专业技术岗,,自然科学专技类(C类),3,1,本科及以上,"本科：土木工程专业（081001）
研究生：结构工程（二级学科，081402）",38周岁以下；学位：学士学位及以上,,,,,,,,
2026,事业单位,马鞍山市,市,,公益一类,,马鞍山市建设工程监督站（市建筑工程施工安全文明监察站）,1001025.0,专业技术岗,,自然科学专技类(C类),3,1,本科及以上,"本科：给排水科学与工程专业（081003）
研究生：结构工程（二级学科，081402）",38周岁以下；学位：学士学位及以上,,,,,,,,
2026,事业单位,马鞍山市,市,,公益一类,,马鞍山市建设工程监督站（市建筑工程施工安全文明监察站）,1001026.0,专业技术岗,,自然科学专技类(C类),3,1,本科及以上,"本科：建筑电气与智能化专业（081004）
研究生：结构工程（二级学科，081402）",38周岁以下；学位：学士学位及以上,,,,,,,,
2026,事业单位,马鞍山市,市,,公益一类,,马鞍山市房地产产权市场管理处,1001032.0,专业技术岗,,社会科学专技类(B类),3,1,本科及以上,"本科：汉语言文学专业（050101）、法学专业（030101K）
研究生：中国语言文学（一级学科，0501）、法学（一级学科，0301）、法律专业硕士（0351）",38周岁以下；学位：学士学位及以上；具有2年及以上工作经历,,,,,,,,
2026,事业单位,马鞍山市,市,,公益一类,,马鞍山市房地产产权市场管理处,1001033.0,专业技术岗,,社会科学专技类(B类),3,1,本科及以上,"本科：会计学专业（120203K）
研究生：会计学（二级学科，120201）、会计专业硕士（1253）",38周岁以下；学位：学士学位及以上；具有2年及以上工作经历和中级及以上会计职称,,,,,,,,
2026,事业单位,马鞍山市,市,,公益一类,,马鞍山市政协文史资料编辑部（市政协机关信息中心）,1001077.0,管理岗,,综合管理类(A类),3,1,本科及以上,"本科：中国语言文学类（0501）、历史学类（0601）、计算机类（0809）、会计学专业（120203K）
研究生：中国语言文学（一级学科，0501）、 历史学（06）、计算机科学与技术（一级学科，0812）、会计学（二级学科，120201）、会计专业硕士（1253）",38周岁以下；学位：学士学位及以上,,,,,,,,
2026,事业单位,马鞍山市,市,,公益一类,,马鞍山市教育发展服务中心（市教师培训中心）,1001007.0,专业技术岗,,社会科学专技类(B类),3,1,本科及以上,"本科：汉语言文学专业（050101）、汉语言专业（050102）、应用语言学专业（050106T）、应用中文专业（050113T）、汉语国际教育专业（050103）
研究生：语言学及应用语言学（二级学科，050102）、汉语言文字学（二级学科，050103）、中国古代文学（二级学科，050105）、中国现当代文学（二级学科，050106）",38周岁以下，硕士以上研究生、副高级及以上职称可放宽至40周岁以下；学位：学士学位及以上,,,,,,,,
2026,事业单位,马鞍山市,市,,公益一类,,马鞍山市文化馆,1001044.0,专业技术岗,,社会科学专技类(B类),3,1,本科及以上,"本科：会计学专业（120203K）
研究生：会计学（二级学科，120201)、会计专业硕士（1253）",38周岁以下；学位：学士学位及以上；具有2年及以上会计工作经历,,,,,,,,
2026,事业单位,马鞍山市,市,,公益二类,,马鞍山市新闻传媒中心,1001003.0,专业技术岗,,社会科学专技类(B类),3,2,本科及以上,"本科：新闻学专业（050301）、广播电视学专业（050302）、广告学专业（050303）、传播学专业（050304）、编辑出版学专业（050305）、网络与新媒体专业（050306T）、国际新闻与传播专业（050309T）、电影学专业（130303）、广播电视编导专业（130305）、播音与主持艺术专业（130309）、视觉传达设计专业（130502）、数字媒体艺术专业（130508）、新媒体艺术专业（130511T）
研究生：新闻传播学（一级学科，0503）、新闻与传播专业硕士（0552）、出版专业硕士（0553）、广播电视专业硕士（135105）、艺术设计专业硕士（135108）、戏剧与影视专业硕士（1354）、设计专业硕士（1357）","38周岁以下，硕士以上研究生、具有新闻系列或播音主持系列副高级及以上职称放宽至40周岁以下；学位：学士学位及以上；主要从事全媒体内容生产工作；具有2年及以上新闻媒体采编或播音主持工作经历,同时持有《新闻记者职业资格考试成绩合格证明》或者持有《新闻采编资格培训合格证》《全国广播电视播音员主持人资格考试合格证》《全国广播电视编辑记者资格考试合格证》《广播电视编辑记者证》《播音员主持人证》《互联网新闻采编培训合格证书》6种证书其中之一",,,,,,,,
2026,事业单位,马鞍山市,市,,公益二类,,马鞍山市新闻传媒中心,1001004.0,专业技术岗,,自然科学专技类(C类),3,1,本科及以上,本科：信息与计算科学专业（070102）、电子信息工程专业（080701）、通信工程专业（080703）、广播电视工程专业（080707T）、计算机科学与技术专业（080901）、新媒体技术专业（080912T）                                                                              研究生：信息与通信工程（一级学科，0810）、计算机科学与技术（一级学科，0812）、电子信息专业硕士（0854）,38周岁以下，硕士以上研究生、具有广电工程专业副高级及以上职称放宽至40周岁以下；学位：学士学位及以上；主要从事广播电视技术维护及台站夜间值班工作；具有2年及以上广播电视技术维护工作经历,,,,,,,,
2026,事业单位,马鞍山市,市,,公益二类,,马鞍山市新闻传媒中心,1001005.0,专业技术岗,,社会科学专技类(B类),3,1,本科及以上,"本科：会计学专业（120203K）、财务管理专业（120204）
研究生：会计学（二级学科，120201）、会计专业硕士（1253）",38周岁以下；学位：学士学位及以上；具有中级及以上会计职称和2年及以上财务工作经历,,,,,,,,
2026,事业单位,马鞍山市,市,,公益二类,,马鞍山市林场,1001059.0,专业技术岗,,社会科学专技类(B类),3,1,本科及以上,"本科：会计学专业（120203K）、财务管理专业（120204）、审计学专业（120207）
研究生：会计学（二级学科，120201）、会计专业硕士（1253）、审计专业硕士（1257）",38周岁以下；学位：学士学位及以上,,,,,,,,
2026,事业单位,马鞍山市,市,,公益一类,,马鞍山市林长制推进中心,1001060.0,专业技术岗,,自然科学专技类(C类),3,1,本科及以上,"本科：林学类（0905）、风景园林专业（082803）、植物保护专业（090103）、植物科学与技术专业（090104）、野生动物与自然保护区管理专业（090202）、湿地保护与恢复专业（090206T）、生态修复学专业（090208TK）、动植物检疫专业（090403T）
研究生：植物保护（一级学科，0904）、林学（一级学科，0907）、植物学（二级学科，071001）、城市规划与设计(含：风景园林规划与设计）（二级学科，081303）、风景园林专业硕士（0862）、林业专业硕士（0954）",38周岁以下；学位：学士学位及以上,,,,,,,,
2026,事业单位,马鞍山市,市,,公益二类,,马鞍山市殡仪馆,1001012.0,管理岗,,综合管理类(A类),3,1,本科及以上,"本科：法学专业（030101K）
研究生：法学（一级学科，0301）",38周岁以下，硕士以上研究生、副高级及以上职称可放宽至40周岁以下；学位：学士学位及以上；具有2年及以上工作经历；因工作单位特殊性，需要经常参加夜班值班及周末加班，工作岗位会有负重工作，需参与殡仪服务等,,,,,,,,
2026,事业单位,马鞍山市,市,,公益一类,,马鞍山市水环境治理保护中心,1001036.0,管理岗,定向招聘服务基层项目人员,综合管理类(A类),3,1,本科及以上,专业不限,38周岁以下；学位：学士学位及以上,,,,,,,,
2026,事业单位,马鞍山市,市,,公益一类,,马鞍山市水环境治理保护中心,1001037.0,专业技术岗,,自然科学专技类(C类),3,2,本科及以上,"本科：电气工程及其自动化专业（080601）、土木工程专业（081001）、给排水科学与工程专业（081003）、道路桥梁与渡河工程专业（081006T）、工程管理专业（120103）、工程造价专业（120105）
研究生：市政工程（二级学科，081403）、管理科学与工程（一级学科，1201）",38周岁以下；学位：学士学位及以上；具有2年及以上工作经历,,,,,,,,
2026,事业单位,马鞍山市,市,,公益二类,,马鞍山市特种设备监督检验中心,1001053.0,专业技术岗,,自然科学专技类(C类),3,1,本科及以上,"本科：机械类（0802）、仪器类（0803）、材料类（0804）、能源动力类（0805）、电气类（0806）、自动化类（0808）、化工与制药类（0813）、安全科学与工程类（0829）、物理学类（0702）、化学类（0703）、电子信息类（0807）
研究生：机械工程（一级学科，0802）、材料科学与工程（一级学科，0805）、动力工程及工程热物理（一级学科，0807）、化学工程与技术（一级学科，0817）、物理学（一级学科，0702）、化学（一级学科，0703）、机械专业硕士（0855）、材料与化工专业硕士（0856）、控制科学与工程（一级学科，0811）",38周岁以下，硕士以上研究生、副高级及以上职称可放宽至40周岁以下；学位：学士学位及以上；具有锅炉检验师资格证,,,,,,,,
2026,事业单位,马鞍山市,市,,公益一类,,马鞍山市知识产权保护中心,1001055.0,专业技术岗,,自然科学专技类(C类),3,1,研究生及以上,机械工程（一级学科，0802）,38周岁以下，博士研究生、副高级及以上职称可放宽至40周岁以下；学位：硕士学位及以上；从事一线工作，需经常加班和出差,,,,,,,,
2026,事业单位,马鞍山市,市,,公益一类,,马鞍山市知识产权保护中心,1001056.0,专业技术岗,,自然科学专技类(C类),3,1,研究生及以上,环境科学与工程（一级学科，0830）,38周岁以下，博士研究生、副高级及以上职称可放宽至40周岁以下；学位：硕士学位及以上；从事一线工作，需经常加班和出差,,,,,,,,
2026,事业单位,马鞍山市,市,,公益一类,,马鞍山市知识产权保护中心,1001057.0,专业技术岗,,自然科学专技类(C类),3,1,研究生及以上,知识产权专业硕士（0354）,38周岁以下，博士研究生、副高级及以上职称可放宽至40周岁以下；学位：硕士学位及以上；从事一线工作，需经常加班和出差,,,,,,,,
2026,事业单位,马鞍山市,市,,公益一类,,马鞍山市科技馆,1001080.0,专业技术岗,,自然科学专技类(C类),3,1,本科及以上,"本科：数学类（0701）、物理学类（0702）、化学类（0703）、机械类（0802）
研究生：数学（一级学科，0701）、物理学（一级学科，0702）、化学（一级学科，0703）、机械工程（一级学科，0802）",38周岁以下；学位：学士学位及以上,,,,,,,,
2026,事业单位,马鞍山市,市,,公益一类,,马鞍山市统一战线服务中心（市台商服务中心）,1001001.0,专业技术岗,定向招聘服务基层项目人员,社会科学专技类(B类),3,1,本科及以上,专业不限,38周岁以下；学位：学士学位及以上,,,,,,,,
2026,事业单位,马鞍山市,市,,公益二类,,马鞍山市计量测试研究所,1001054.0,专业技术岗,,自然科学专技类(C类),3,2,本科及以上,"本科：化学类（0703）、机械类（0802）、电气类（0806）
研究生：化学（一级学科，0703）、机械工程（一级学科，0802）、仪器科学与技术（一级学科，0804）",38周岁以下，硕士以上研究生、副高级及以上职称可放宽至40周岁以下；学位：学士学位及以上,,,,,,,,
2026,事业单位,马鞍山市,市,,公益一类,,马鞍山市轨道（隧道）交通建设工程质量安全监督站,1001028.0,专业技术岗,,自然科学专技类(C类),3,1,本科及以上,"本科：电气工程及其自动化专业（080601）、土木工程专业（081001）
研究生：电气工程（一级学科，0808）",38周岁以下；学位：学士学位及以上,,,,,,,,
2026,事业单位,马鞍山市,市,,公益一类,,马鞍山市道路运输管理服务中心,1001041.0,专业技术岗,,自然科学专技类(C类),3,2,本科及以上,"本科：计算机科学与技术专业（080901）
研究生：计算机应用技术（二级学科，081203）",38周岁以下，硕士以上研究生可放宽至40周岁以下；学位：学士学位及以上,,,,,,,,
2026,事业单位,马鞍山市,市,,公益一类,,马鞍山市道路运输管理服务中心,1001042.0,专业技术岗,,自然科学专技类(C类),3,2,本科及以上,"本科：交通运输专业（081801）
研究生：交通运输工程（一级学科，0823）",38周岁以下，硕士以上研究生可放宽至40周岁以下；学位：学士学位及以上,,,,,,,,
2026,事业单位,马鞍山市,市,,未分类,,马鞍山市采石矶景区管理处,1001074.0,管理岗,定向招聘驻马部队随军家属,综合管理类(A类),3,1,大专及以上,专业不限,40周岁以下，特殊情况可放宽到45周岁,,,,,,,,
2026,事业单位,马鞍山市,市,,未分类,,马鞍山市采石矶景区管理处,1001075.0,管理岗,,综合管理类(A类),3,1,本科及以上,"本科：文物与博物馆学专业（060104）
研究生：考古学（一级学科，0601)、博物馆专业硕士（0651）",38周岁以下，硕士以上研究生可放宽至40周岁以下；学位：学士学位及以上,,,,,,,,
2026,事业单位,马鞍山市,市,,未分类,,马鞍山市采石矶景区管理处,1001076.0,管理岗,,综合管理类(A类),3,1,本科及以上,"本科：金融学专业（020301K）、会计学专业（120203K）、审计学专业（120207）
研究生：应用经济学（一级学科，0202）、金融专业硕士（0251）、会计学(二级学科，120201)、会计专业硕士（1253）、审计专业硕士（1257）",38周岁以下，硕士以上研究生可放宽至40周岁以下；学位：学士学位及以上,,,,,,,,
2026,事业单位,马鞍山市,市,,公益一类,,马鞍山市金融发展服务中心,1001010.0,专业技术岗,,自然科学专技类(C类),3,1,本科及以上,"本科：计算机科学与技术专业（080901）、软件工程专业（080902）、网络工程专业（080903）、信息安全专业（080904K）、网络空间安全专业（080911TK）
研究生：计算机科学与技术（一级学科，0812）、软件工程（一级学科，0835)、网络空间安全（一级学科，0839）",38周岁以下；学位：学士学位及以上,,,,,,,,
2026,事业单位,马鞍山市,市,,公益一类,,马鞍山市青少年实践教育中心,1001008.0,专业技术岗,,社会科学专技类(B类),3,1,本科及以上,"本科：法学专业（030101K）
研究生：法学（一级学科，0301）",38周岁以下，硕士以上研究生、副高级及以上职称可放宽至40周岁以下；学位：学士学位及以上,,,,,,,,
2026,事业单位,马鞍山市,市,,公益一类,,马鞍山经开区自然资源和规划管理所,1001016.0,专业技术岗,定向招聘服务基层项目人员,自然科学专技类(C类),3,1,本科及以上,专业不限,38周岁以下；学位：学士学位及以上,,,,,,,,
2026,事业单位,马鞍山市,市,,公益一类,,马鞍山郑蒲港新区综合行政执法大队,1001061.0,管理岗,,综合管理类(A类),3,1,本科及以上,"本科：经济学类（0201）、金融学专业（020301K）、金融工程专业（020302）、投资学专业（020304）、金融数学专业（020305T）、经济与金融专业（020307T）、经济与贸易类（0204）
研究生：应用经济学（一级学科，0202）、金融专业硕士（0251）、国际商务专业硕士（0254）、数字经济专业硕士（0258）",38周岁以下，硕士以上研究生、副高级及以上职称可放宽至40周岁以下；学位：学士学位及以上,,,,,,,,
2026,事业单位,马鞍山市,市,,公益一类,,马鞍山郑蒲港新区综合行政执法大队,1001062.0,管理岗,,综合管理类(A类),3,1,本科及以上,"本科：法学类（0301）、建筑类（0828）、土木类（0810）
研究生：法学（一级学科，0301）、建筑学（一级学科，0813）、土木工程（一级学科，0814）、建筑专业硕士（0851）、城乡规划专业硕士（0853）、风景园林专业硕士（0862）",38周岁以下，硕士以上研究生、副高级及以上职称可放宽至40周岁以下；学位：学士学位及以上,,,,,,,,
2026,事业单位,黄山市,市,,,,东临溪镇卫生院,1708005.0,专业技术,,,3,1,,,,,,,,,,,
2026,事业单位,黄山市,市,,,,中共黄山市屯溪区委党校,1702001.0,专业技术,,,3,1,,,,,,,,,,,
2026,事业单位,黄山市,市,,,,中共黟县县委党校,1706001.0,专业技术,,,3,1,,,,,,,,,,,
2026,事业单位,黄山市,市,,,,中共黟县县委党校,1706002.0,专业技术,,,3,1,,,,,,,,,,,
2026,事业单位,黄山市,市,,,,乡镇为民服务中心,1708024.0,专业技术,,,3,2,,,,,,,,,,,
2026,事业单位,黄山市,市,,,,乡镇为民服务中心,1708025.0,专业技术,,,3,3,,,,,,,,,,,
2026,事业单位,黄山市,市,,,,休宁经开区企业服务中心,1708021.0,专业技术,,,3,1,,,,,,,,,,,
2026,事业单位,黄山市,市,,,,县交通运输管理服务中心,1708014.0,专业技术,,,3,1,,,,,,,,,,,
2026,事业单位,黄山市,市,,,,县交通运输综合行政执法大队,1708013.0,专业技术,,,3,1,,,,,,,,,,,
2026,事业单位,黄山市,市,,,,县人民医院,1708003.0,专业技术,,,3,2,,,,,,,,,,,
2026,事业单位,黄山市,市,,,,县人民医院,1708004.0,专业技术,,,3,1,,,,,,,,,,,
2026,事业单位,黄山市,市,,,,县农业技术推广中心,1708015.0,专业技术,,,3,1,,,,,,,,,,,
2026,事业单位,黄山市,市,,,,县医疗保障基金管理中心,1708010.0,专业技术,,,3,1,,,,,,,,,,,
2026,事业单位,黄山市,市,,,,县城市管理综合行政执法大队,1708020.0,管理,,,3,1,,,,,,,,,,,
2026,事业单位,黄山市,市,,,,县建筑工程质量监督站,1708012.0,专业技术,,,3,1,,,,,,,,,,,
2026,事业单位,黄山市,市,,,,县文物事务中心,1708017.0,管理,,,3,1,,,,,,,,,,,
2026,事业单位,黄山市,市,,,,县林业科技推广中心,1708019.0,专业技术,,,3,1,,,,,,,,,,,
2026,事业单位,黄山市,市,,,,县殡仪馆,1708008.0,专业技术,,,3,1,,,,,,,,,,,
2026,事业单位,黄山市,市,,,,县畜牧兽医技术推广站,1708016.0,专业技术,,,3,2,,,,,,,,,,,
2026,事业单位,黄山市,市,,,,县疾病预防控制中心,1708002.0,专业技术,,,3,1,,,,,,,,,,,
2026,事业单位,黄山市,市,,,,县自然资源信息中心,1708011.0,专业技术,,,3,1,,,,,,,,,,,
2026,事业单位,黄山市,市,,,,县金融事务服务中心,1708009.0,管理,,,3,1,,,,,,,,,,,
2026,事业单位,黄山市,市,,,,县项目服务中心,1708007.0,专业技术,,,3,1,,,,,,,,,,,
2026,事业单位,黄山市,市,,,,安徽省徽州师范学校,1701027.0,专业技术,,,3,1,,,,,,,,,,,
2026,事业单位,黄山市,市,,,,安徽省徽州师范学校,1701028.0,专业技术,,,3,1,,,,,,,,,,,
2026,事业单位,黄山市,市,,,,安徽省徽州师范学校,1701029.0,专业技术,,,3,1,,,,,,,,,,,
2026,事业单位,黄山市,市,,,,安徽省徽州师范学校,1701030.0,专业技术,,,3,1,,,,,,,,,,,
2026,事业单位,黄山市,市,,,,安徽省徽州师范学校,1701031.0,专业技术,,,3,1,,,,,,,,,,,
2026,事业单位,黄山市,市,,,,"安徽省祁门县
公证处",1707013.0,专业技术,,11,3,1,,,,,,,,,,,
2026,事业单位,黄山市,市,,,,屯溪区乡村振兴服务中心,1702009.0,管理,,,3,1,,,,,,,,,,,
2026,事业单位,黄山市,市,,,,屯溪区农村公路管理服务中心,1702008.0,专业技术,经常在外作业，适宜男性报考,,3,1,,,,,,,,,,,
2026,事业单位,黄山市,市,,,,屯溪区农村经营管理总站,1702010.0,专业技术,,,3,1,,,,,,,,,,,
2026,事业单位,黄山市,市,,,,屯溪区劳动人事争议仲裁院,1702006.0,管理,,,3,1,,,,,,,,,,,
2026,事业单位,黄山市,市,,,,"屯溪区医疗保障
基金管理中心",1702021.0,管理,,,3,1,,,,,,,,,,,
2026,事业单位,黄山市,市,,,,屯溪区口腔医院,1702018.0,专业技术,,,3,1,,,,,,,,,,,
2026,事业单位,黄山市,市,,,,屯溪区商务信息管理中心,1702012.0,管理,,,3,1,,,,,,,,,,,
2026,事业单位,黄山市,市,,,,屯溪区屯光镇综合发展服务中心,1702029.0,专业技术,,,3,1,,,,,,,,,,,
2026,事业单位,黄山市,市,,,,屯溪区市场监管事务中心,1702019.0,专业技术,,,3,1,,,,,,,,,,,
2026,事业单位,黄山市,市,,,,屯溪区市政园林管理中心,1702022.0,专业技术,,,3,1,,,,,,,,,,,
2026,事业单位,黄山市,市,,,,屯溪区招商服务中心,1702024.0,管理,,,3,1,,,,,,,,,,,
2026,事业单位,黄山市,市,,,,屯溪区文化馆,1702013.0,专业技术,,,3,1,,,,,,,,,,,
2026,事业单位,黄山市,市,,,,屯溪区昱东街道综合发展服务中心,1702025.0,管理,该岗位经常需要加班及出差，适宜男性报考,,3,1,,,,,,,,,,,
2026,事业单位,黄山市,市,,,,屯溪区昱中街道为民服务中心,1702026.0,管理,,,3,1,,,,,,,,,,,
2026,事业单位,黄山市,市,,,,屯溪区昱城社区卫生服务中心,1702014.0,专业技术,,,3,1,,,,,,,,,,,
2026,事业单位,黄山市,市,,,,屯溪区昱城社区卫生服务中心,1702015.0,专业技术,,,3,1,,,,,,,,,,,
2026,事业单位,黄山市,市,,,,屯溪区昱城社区卫生服务中心,1702016.0,专业技术,,,3,1,,,,,,,,,,,
2026,事业单位,黄山市,市,,,,屯溪区昱城社区卫生服务中心,1702017.0,专业技术,,,3,1,,,,,,,,,,,
2026,事业单位,黄山市,市,,,,屯溪区昱西街道综合发展服务中心,1702027.0,专业技术,,,3,1,,,,,,,,,,,
2026,事业单位,黄山市,市,,,,屯溪区水利水资源管理服务中心,1702011.0,专业技术,,,3,1,,,,,,,,,,,
2026,事业单位,黄山市,市,,,,屯溪区法律援助中心,1702005.0,管理,,,3,1,,,,,,,,,,,
2026,事业单位,黄山市,市,,,,屯溪区环境卫生管理中心,1702023.0,管理,,,3,1,,,,,,,,,,,
2026,事业单位,黄山市,市,,,,屯溪区社会保险管理中心,1702007.0,管理,,,3,1,,,,,,,,,,,
2026,事业单位,黄山市,市,,,,屯溪区社会工作事务中心,1702003.0,管理,,,3,1,,,,,,,,,,,
2026,事业单位,黄山市,市,,,,屯溪区网络安全应急指挥中心,1702002.0,管理,24小时轮流值班，适宜男性报考。,,3,1,,,,,,,,,,,
2026,事业单位,黄山市,市,,,,屯溪区老街街道综合发展服务中心,1702028.0,专业技术,,,3,1,,,,,,,,,,,
2026,事业单位,黄山市,市,,,,屯溪区黎阳镇林业工作站,1702020.0,专业技术,从事森林防火及野外工作，适宜男性报考,,3,1,,,,,,,,,,,
2026,事业单位,黄山市,市,,,,屯溪区黎阳镇综合行政执法队,1702030.0,管理,,,3,1,,,,,,,,,,,
2026,事业单位,黄山市,市,,,,屯溪示范幼儿园教育集团,1702031.0,专业技术,,,3,2,,,,,,,,,,,
2026,事业单位,黄山市,市,,,,屯溪示范幼儿园教育集团,1702032.0,专业技术,,,3,3,,,,,,,,,,,
2026,事业单位,黄山市,市,,,,山斗乡为民服务中心,1708022.0,管理,,,3,1,,,,,,,,,,,
2026,事业单位,黄山市,市,,,,徽州区人才综合服务中心,1703006.0,管理,,,3,1,,,,,,,,,,,
2026,事业单位,黄山市,市,,,,徽州区农业综合行政执法大队,1703007.0,专业技术,,,3,1,,,,,,,,,,,
2026,事业单位,黄山市,市,,,,徽州区农业综合行政执法大队,1703008.0,专业技术,,,3,1,,,,,,,,,,,
2026,事业单位,黄山市,市,,,,徽州区卫生健康委下属乡镇卫生院,1703015.0,专业技术,徽州区洽舍乡卫生院、徽州区富溪乡卫生院各1人，根据招聘最终成绩高低依次选择单位。,,3,2,,,,,,,,,,,
2026,事业单位,黄山市,市,,,,徽州区妇幼保健计划生育服务中心,1703014.0,专业技术,从事女性婚前医学检查工作，建议女性报考。,,3,1,,,,,,,,,,,
2026,事业单位,黄山市,市,,,,徽州区委党校,1703004.0,专业技术,,,3,1,,,,,,,,,,,
2026,事业单位,黄山市,市,,,,徽州区岩寺镇为民服务中心,1703001.0,专业技术,,,3,2,,,,,,,,,,,
2026,事业单位,黄山市,市,,,,徽州区应急管理综合行政执法大队,1703009.0,管理,,,3,1,,,,,,,,,,,
2026,事业单位,黄山市,市,,,,徽州区文旅融合发展中心,1703005.0,管理,,,3,1,,,,,,,,,,,
2026,事业单位,黄山市,市,,,,徽州区林业局下属林业站,1703010.0,专业技术,徽州区岩寺镇林业工作站、徽州区富溪乡林业工作站各1人，根据招聘最终成绩高低依次选择单位。,,3,2,,,,,,,,,,,
2026,事业单位,黄山市,市,,,,徽州区洽舍自然资源和规划管理所,1703011.0,管理,,,3,1,,,,,,,,,,,
2026,事业单位,黄山市,市,,,,徽州区潜口镇为民服务中心,1703002.0,专业技术,,,3,1,,,,,,,,,,,
2026,事业单位,黄山市,市,,,,徽州区潜口镇平安法治和综合行政执法中心,1703003.0,专业技术,,,3,1,,,,,,,,,,,
2026,事业单位,黄山市,市,,,,徽州文化研究院（徽学研究院）,1701008.0,专业技术,,,3,1,,,,,,,,,,,
2026,事业单位,黄山市,市,,,,板桥乡为民服务中心,1708023.0,专业技术,,,3,1,,,,,,,,,,,
2026,事业单位,黄山市,市,,,,板桥林业站,1708018.0,专业技术,,,3,1,,,,,,,,,,,
2026,事业单位,黄山市,市,,,,汪村镇卫生院,1708006.0,专业技术,,,3,1,,,,,,,,,,,
2026,事业单位,黄山市,市,,,,祁门县交通运输管理服务中心,1707009.0,管理,,11,3,1,,,,,,,,,,,
2026,事业单位,黄山市,市,,,,祁门县交通运输管理服务中心,1707010.0,管理,,11,3,1,,,,,,,,,,,
2026,事业单位,黄山市,市,,,,祁门县林业有害生物防治检疫站,1707011.0,专业技术,,11,3,1,,,,,,,,,,,
2026,事业单位,黄山市,市,,,,祁门县森林资源保护中心,1707012.0,专业技术,,11,3,1,,,,,,,,,,,
2026,事业单位,黄山市,市,,,,祁门县精神文明建设指导中心,1707008.0,管理,,11,3,1,,,,,,,,,,,
2026,事业单位,黄山市,市,,,,祁门县网络安全应急指挥中心,1707007.0,管理,,11,3,1,,,,,,,,,,,
2026,事业单位,黄山市,市,,,,祁门县职业技术学校,1707001.0,专业技术,,11,3,1,,,,,,,,,,,
2026,事业单位,黄山市,市,,,,祁门县职业技术学校,1707002.0,专业技术,,11,3,1,,,,,,,,,,,
2026,事业单位,黄山市,市,,,,祁门县职业技术学校,1707003.0,专业技术,,11,3,1,,,,,,,,,,,
2026,事业单位,黄山市,市,,,,祁门县职业技术学校,1707004.0,专业技术,,11,3,1,,,,,,,,,,,
2026,事业单位,黄山市,市,,,,祁门县职业技术学校,1707005.0,专业技术,,11,3,1,,,,,,,,,,,
2026,事业单位,黄山市,市,,,,祁门县职业技术学校,1707006.0,专业技术,,11,3,1,,,,,,,,,,,
2026,事业单位,黄山市,市,,,,祁门经济开发区综合服务中心,1707014.0,专业技术,,11,3,1,,,,,,,,,,,
2026,事业单位,黄山市,市,,,,黄山仲裁委员会秘书处,1701009.0,管理岗,,,3,1,,,,,,,,,,,
2026,事业单位,黄山市,市,,,,黄山区乡镇卫生院,1704007.0,专业技术,汤口镇卫生院、新华乡卫生院各1名，录聘后从高分到低分选岗,,3,2,本科及以上,"本科：临床医学专业、中医学专业、中西医临床医学专业；
研究生：临床医学（一级学科）、中医学（一级学科）、中西医结合（一级学科）",38周岁以下；学位：学士及以上；取得主治医师及以上职称者，学历可放宽至大专（大专：临床医学专业、中医学专业），年龄可放宽至40周岁以下,,,,,,,,
2026,事业单位,黄山市,市,,,,黄山区交通运输管理中心,1704005.0,管理,,,3,1,本科及以上,"本科：道路桥梁与渡河工程专业，交通工程专业，土木工程专业，土木、水利与交通工程专业，自动化类；
研究生：土木工程（一级学科）、交通运输工程（一级学科）、控制科学与工程（一级学科）",38周岁以下；学位：学士及以上,,,,,,,,
2026,事业单位,黄山市,市,,,,黄山区市政园林环卫管理处,1704004.0,管理,经常室外作业，适合男性报考,,3,1,本科及以上,本科：土木工程专业、给排水科学与工程专业、环境工程专业、风景园林专业、园林专业；                      研究生：土木工程（一级学科）、环境科学与工程（一级学科）、风景园林（专业学位）、园林植物与观赏园艺（二级学科）,38周岁以下；学位：学士及以上,,,,,,,,
2026,事业单位,黄山市,市,,,,黄山区建设工程质量管理中心,1704003.0,专业技术,,,3,1,本科及以上,"本科：土木类；
研究生：土木工程（一级学科）",38周岁以下；学位：学士及以上,,,,,,,,
2026,事业单位,黄山市,市,,,,黄山区疾病预防控制中心,1704006.0,专业技术,需经常夜间作业、常出外勤，适合男性报名,,3,1,本科及以上,"本科：预防医学专业；
研究生：公共卫生与预防医学（一级学科）",38周岁以下；学位：学士及以上,,,,,,,,
2026,事业单位,黄山市,市,,,,黄山区网络安全和对外宣传中心,1704001.0,管理,,,3,1,本科及以上,"本科：汉语言文学专业、新闻学专业；
研究生：中国语言文学（一级学科）、新闻传播学（一级学科）",38周岁以下；学位：学士及以上,,,,,,,,
2026,事业单位,黄山市,市,,,,黄山区财政金融事务管理中心,1704002.0,管理,,,3,1,本科及以上,"本科:会计学专业、审计学专业、税收学专业；
研究生：会计学（二级学科）、会计（专业学位）、审计（专业学位）、税务（专业学位）",38周岁以下；学位：学士及以上,,,,,,,,
2026,事业单位,黄山市,市,,,,黄山市丰乐水库工程管理处,1701014.0,专业技术,,,3,1,,,,,,,,,,,
2026,事业单位,黄山市,市,,,,黄山市交通运输综合行政执法支队直属二大队,1701011.0,管理岗,工作地点：歙县、徽州区,,3,1,,,,,,,,,,,
2026,事业单位,黄山市,市,,,,黄山市交通运输综合行政执法支队直属五大队,1701013.0,管理岗,工作地点：屯溪区,,3,1,,,,,,,,,,,
2026,事业单位,黄山市,市,,,,黄山市交通运输综合行政执法支队直属四大队,1701012.0,管理岗,工作地点：黄山区,,3,2,,,,,,,,,,,
2026,事业单位,黄山市,市,,,,黄山市人民防空工程质量监督管理站,1701018.0,管理岗,,,3,1,,,,,,,,,,,
2026,事业单位,黄山市,市,,,,黄山市地质环境监测中心,1701010.0,管理岗,,,3,1,,,,,,,,,,,
2026,事业单位,黄山市,市,,,,黄山市广播电视台,1701002.0,专业技术,,,3,1,,,,,,,,,,,
2026,事业单位,黄山市,市,,,,黄山市广播电视台,1701003.0,专业技术,,,3,1,,,,,,,,,,,
2026,事业单位,黄山市,市,,,,黄山市殡仪馆,1702004.0,管理,,,3,1,,,,,,,,,,,
2026,事业单位,黄山市,市,,,,黄山市特种设备监督检验中心,1701017.0,专业技术,经常从事登高、室外工作，适宜男性报考。,,3,1,,,,,,,,,,,
2026,事业单位,黄山市,市,,,,黄山市疾病预防控制中心（黄山市卫生监督所）,1701015.0,专业技术,从事放射卫生一线监测和执法工作，适宜男性报考。,,3,1,,,,,,,,,,,
2026,事业单位,黄山市,市,,,,黄山市示范幼儿园,1702033.0,专业技术,,,3,2,,,,,,,,,,,
2026,事业单位,黄山市,市,,,,黄山市示范幼儿园,1702034.0,专业技术,,,3,2,,,,,,,,,,,
2026,事业单位,黄山市,市,,,,黄山市第三人民医院,1703012.0,专业技术,,,3,1,,,,,,,,,,,
2026,事业单位,黄山市,市,,,,黄山市第三人民医院,1703013.0,管理,,,3,1,,,,,,,,,,,
2026,事业单位,黄山市,市,,,,黄山市联合接访中心,1701019.0,管理岗,,,3,1,,,,,,,,,,,
2026,事业单位,黄山市,市,,,,黄山市退役军人服务中心,1701016.0,管理岗,,,3,1,,,,,,,,,,,
2026,事业单位,黄山市,市,,,,黄山日报社,1701001.0,专业技术,,,3,1,,,,,,,,,,,
2026,事业单位,黄山市,市,,,,黄山炎培职业学校,1701032.0,专业技术,,,3,1,,,,,,,,,,,
2026,事业单位,黄山市,市,,,,黄山炎培职业学校,1701033.0,专业技术,,,3,2,,,,,,,,,,,
2026,事业单位,黄山市,市,,,,黄山炎培职业学校,1701034.0,专业技术,,,3,1,,,,,,,,,,,
2026,事业单位,黄山市,市,,,,黄山炎培职业学校,1701035.0,专业技术,,,3,1,,,,,,,,,,,
2026,事业单位,黄山市,市,,,,黄山职业技术学院,1701020.0,专业技术,,,3,1,,,,,,,,,,,
2026,事业单位,黄山市,市,,,,黄山职业技术学院,1701021.0,专业技术,,,3,1,,,,,,,,,,,
2026,事业单位,黄山市,市,,,,黄山职业技术学院,1701022.0,专业技术,从事烹饪实操教学,,3,1,,,,,,,,,,,
2026,事业单位,黄山市,市,,,,黄山职业技术学院,1701023.0,专业技术,,,3,1,,,,,,,,,,,
2026,事业单位,黄山市,市,,,,黄山职业技术学院,1701024.0,专业技术,,,3,1,,,,,,,,,,,
2026,事业单位,黄山市,市,,,,黄山职业技术学院,1701025.0,专业技术,,,3,1,,,,,,,,,,,
2026,事业单位,黄山市,市,,,,黄山职业技术学院,1701026.0,管理岗,,,3,2,,,,,,,,,,,
2026,事业单位,黄山市,市,,,,黄山育才幼儿园,1702035.0,专业技术,,,3,1,,,,,,,,,,,
2026,事业单位,黄山市,市,,,,黄山风景区党工委宣传部,1701005.0,管理岗,,,3,1,,,,,,,,,,,
2026,事业单位,黄山市,市,,,,黄山风景区管委会办公室,1701004.0,专业技术,,,3,1,,,,,,,,,,,
2026,事业单位,黄山市,市,,,,黄山风景区管委会园林局,1701006.0,专业技术,,,3,1,,,,,,,,,,,
2026,事业单位,黄山市,市,,,,黄山风景区管委会经济发展局,1701007.0,管理岗,,,3,1,,,,,,,,,,,
2026,事业单位,黄山市,市,,,,黟县中医医院,1706011.0,专业技术,,,3,1,,,,,,,,,,,
2026,事业单位,黄山市,市,,,,黟县中医医院,1706012.0,专业技术,,,3,1,,,,,,,,,,,
2026,事业单位,黄山市,市,,,,黟县交通运输管理服务中心,1706009.0,专业技术,,,3,1,,,,,,,,,,,
2026,事业单位,黄山市,市,,,,黟县交通运输综合行政执法大队,1706007.0,管理,,,3,1,,,,,,,,,,,
2026,事业单位,黄山市,市,,,,黟县交通运输综合行政执法大队,1706008.0,管理,,,3,1,,,,,,,,,,,
2026,事业单位,黄山市,市,,,,黟县公证处,1706005.0,专业技术,,,3,1,,,,,,,,,,,
2026,事业单位,黄山市,市,,,,黟县市政园林环卫建设管理处,1706006.0,专业技术,,,3,1,,,,,,,,,,,
2026,事业单位,黄山市,市,,,,黟县林业综合服务中心,1706013.0,专业技术,,,3,1,,,,,,,,,,,
2026,事业单位,黄山市,市,,,,黟县水利水保事务中心,1706010.0,专业技术,,,3,2,,,,,,,,,,,
2026,事业单位,黄山市,市,,,,黟县融媒体中心,1706003.0,专业技术,短视频制作,,3,1,,,,,,,,,,,
2026,事业单位,黄山市,市,,,,黟县融媒体中心,1706004.0,专业技术,播音员,,3,1,,,,,,,,,,,
